ISO-10303-21;
HEADER;
FILE_DESCRIPTION (( 'STEP AP214' ),
    '1' );
FILE_NAME ('Neutrik_CenterSupport_NominalFit.STEP',
    '2026-08-23T22:26:32',
    ( '' ),
    ( '' ),
    'SwSTEP 2.0',
    'SolidWorks 2026',
    '' );
FILE_SCHEMA (( 'AUTOMOTIVE_DESIGN' ));
ENDSEC;

DATA;
#1 = VERTEX_POINT ( 'NONE', #918 ) ;
#2 = DIRECTION ( 'NONE',  ( -5.981805089575199895E-17, 0.000000000000000000, -1.000000000000000000 ) ) ;
#3 = CARTESIAN_POINT ( 'NONE',  ( 29.00000000000000000, 45.00000000000000000, -15.15000000000000391 ) ) ;
#4 = EDGE_CURVE ( 'NONE', #863, #1115, #14, .T. ) ;
#5 = DIRECTION ( 'NONE',  ( -1.000000000000000000, 0.000000000000000000, 5.981805089575199895E-17 ) ) ;
#6 = CIRCLE ( 'NONE', #794, 1.000000000000000000 ) ;
#7 = ORIENTED_EDGE ( 'NONE', *, *, #633, .T. ) ;
#8 = VERTEX_POINT ( 'NONE', #470 ) ;
#9 = AXIS2_PLACEMENT_3D ( 'NONE', #320, #545, #925 ) ;
#10 = CARTESIAN_POINT ( 'NONE',  ( 13.10000000000000142, 34.60000000000000142, 15.84999999999999609 ) ) ;
#11 = CARTESIAN_POINT ( 'NONE',  ( 0.000000000000000000, 0.000000000000000000, -2.799999999999999822 ) ) ;
#12 = CIRCLE ( 'NONE', #462, 3.500000000000001332 ) ;
#13 = DIRECTION ( 'NONE',  ( -0.000000000000000000, -1.000000000000000000, -0.000000000000000000 ) ) ;
#14 = LINE ( 'NONE', #1281, #1454 ) ;
#15 = ORIENTED_EDGE ( 'NONE', *, *, #497, .T. ) ;
#16 = DIRECTION ( 'NONE',  ( 0.000000000000000000, 0.000000000000000000, -1.000000000000000000 ) ) ;
#17 = CARTESIAN_POINT ( 'NONE',  ( 28.99999999999999645, 45.00000000000000000, -3.950000000000003730 ) ) ;
#18 = FACE_BOUND ( 'NONE', #785, .T. ) ;
#19 = ORIENTED_EDGE ( 'NONE', *, *, #690, .F. ) ;
#20 = CARTESIAN_POINT ( 'NONE',  ( -0.1831073900952305267, 34.50000000000000000, 2.800000000000000711 ) ) ;
#21 = LINE ( 'NONE', #146, #361 ) ;
#22 = EDGE_CURVE ( 'NONE', #863, #1438, #945, .T. ) ;
#23 = DIRECTION ( 'NONE',  ( 1.000000000000000000, 0.000000000000000000, 0.000000000000000000 ) ) ;
#24 = EDGE_CURVE ( 'NONE', #874, #1163, #700, .T. ) ;
#25 = VERTEX_POINT ( 'NONE', #209 ) ;
#26 = CARTESIAN_POINT ( 'NONE',  ( 3.429025004380067880E-16, 34.50000000000000000, 2.799999999999999822 ) ) ;
#27 = VECTOR ( 'NONE', #663, 1000.000000000000000 ) ;
#28 = EDGE_CURVE ( 'NONE', #422, #1257, #257, .T. ) ;
#29 = ORIENTED_EDGE ( 'NONE', *, *, #74, .F. ) ;
#30 = LINE ( 'NONE', #474, #1139 ) ;
#31 = AXIS2_PLACEMENT_3D ( 'NONE', #1387, #319, #111 ) ;
#32 = EDGE_CURVE ( 'NONE', #548, #733, #709, .T. ) ;
#33 = DIRECTION ( 'NONE',  ( 0.000000000000000000, 0.000000000000000000, 1.000000000000000000 ) ) ;
#34 = ADVANCED_FACE ( 'NONE', ( #36 ), #1306, .T. ) ;
#35 = AXIS2_PLACEMENT_3D ( 'NONE', #1350, #767, #1240 ) ;
#36 = FACE_OUTER_BOUND ( 'NONE', #824, .T. ) ;
#37 = DIRECTION ( 'NONE',  ( -8.068481283613063683E-16, 0.000000000000000000, -1.000000000000000000 ) ) ;
#38 = ORIENTED_EDGE ( 'NONE', *, *, #276, .T. ) ;
#39 = DIRECTION ( 'NONE',  ( -5.981805089575199895E-17, 0.000000000000000000, -1.000000000000000000 ) ) ;
#40 = DIRECTION ( 'NONE',  ( -0.000000000000000000, -0.000000000000000000, 1.000000000000000000 ) ) ;
#41 = ORIENTED_EDGE ( 'NONE', *, *, #980, .T. ) ;
#42 = DIRECTION ( 'NONE',  ( 4.034240641806528390E-16, 0.000000000000000000, 1.000000000000000000 ) ) ;
#43 = ORIENTED_EDGE ( 'NONE', *, *, #227, .F. ) ;
#44 = DIRECTION ( 'NONE',  ( 0.000000000000000000, 0.000000000000000000, -1.000000000000000000 ) ) ;
#45 = DIRECTION ( 'NONE',  ( -0.000000000000000000, -0.000000000000000000, 1.000000000000000000 ) ) ;
#46 = ADVANCED_FACE ( 'NONE', ( #265 ), #1440, .T. ) ;
#47 = PLANE ( 'NONE',  #434 ) ;
#48 = CARTESIAN_POINT ( 'NONE',  ( 2.109093909476226436, 10.68607886199450441, -1.850630868379862459 ) ) ;
#49 = ORIENTED_EDGE ( 'NONE', *, *, #559, .F. ) ;
#50 = DIRECTION ( 'NONE',  ( 0.000000000000000000, -0.000000000000000000, 1.000000000000000000 ) ) ;
#51 = DIRECTION ( 'NONE',  ( 0.000000000000000000, 0.000000000000000000, 1.000000000000000000 ) ) ;
#52 = DIRECTION ( 'NONE',  ( -0.000000000000000000, -1.000000000000000000, -0.000000000000000000 ) ) ;
#53 = VECTOR ( 'NONE', #602, 1000.000000000000000 ) ;
#54 = DIRECTION ( 'NONE',  ( -5.981805089575199895E-17, 0.000000000000000000, -1.000000000000000000 ) ) ;
#55 = VECTOR ( 'NONE', #42, 1000.000000000000000 ) ;
#56 = FACE_OUTER_BOUND ( 'NONE', #769, .T. ) ;
#57 = ORIENTED_EDGE ( 'NONE', *, *, #885, .T. ) ;
#58 = AXIS2_PLACEMENT_3D ( 'NONE', #1070, #1318, #264 ) ;
#59 = DIRECTION ( 'NONE',  ( -1.000000000000000000, -1.433655765270088848E-16, 0.000000000000000000 ) ) ;
#60 = DIRECTION ( 'NONE',  ( -5.981805089575199895E-17, 0.000000000000000000, -1.000000000000000000 ) ) ;
#61 = ORIENTED_EDGE ( 'NONE', *, *, #477, .T. ) ;
#62 = CARTESIAN_POINT ( 'NONE',  ( 2.726844396911272561, 34.18697201310114764, 0.7349176836250940203 ) ) ;
#63 = CARTESIAN_POINT ( 'NONE',  ( 1.851827764675854748, 10.64302974179413930, -2.108043087786807046 ) ) ;
#64 = VERTEX_POINT ( 'NONE', #725 ) ;
#65 = DIRECTION ( 'NONE',  ( 0.000000000000000000, 1.000000000000000000, -0.000000000000000000 ) ) ;
#66 = CARTESIAN_POINT ( 'NONE',  ( -13.09999999999999432, 10.40000000000000568, 15.84999999999999609 ) ) ;
#67 = ORIENTED_EDGE ( 'NONE', *, *, #1329, .F. ) ;
#68 = CARTESIAN_POINT ( 'NONE',  ( 2.108094991234561455, 34.31410487878228821, 1.851823233182822159 ) ) ;
#69 = LINE ( 'NONE', #526, #826 ) ;
#70 = EDGE_LOOP ( 'NONE', ( #601, #836, #1073, #779 ) ) ;
#71 = CARTESIAN_POINT ( 'NONE',  ( -11.99999999999999822, 22.50000000000000000, -15.15000000000000391 ) ) ;
#72 = CARTESIAN_POINT ( 'NONE',  ( -19.99999999999999289, 0.000000000000000000, 8.068481283613053428E-15 ) ) ;
#73 = CIRCLE ( 'NONE', #406, 1.650000000000000355 ) ;
#74 = EDGE_CURVE ( 'NONE', #463, #717, #1171, .T. ) ;
#75 = ADVANCED_FACE ( 'NONE', ( #1076 ), #47, .F. ) ;
#76 = DIRECTION ( 'NONE',  ( 2.990902544787598715E-17, 0.000000000000000000, -1.000000000000000000 ) ) ;
#77 = AXIS2_PLACEMENT_3D ( 'NONE', #1121, #194, #656 ) ;
#78 = FACE_OUTER_BOUND ( 'NONE', #382, .T. ) ;
#79 = ORIENTED_EDGE ( 'NONE', *, *, #244, .F. ) ;
#80 = ORIENTED_EDGE ( 'NONE', *, *, #1205, .F. ) ;
#81 = CARTESIAN_POINT ( 'NONE',  ( -0.3681551680108334224, 34.49569539875224677, -2.781711778750434849 ) ) ;
#82 = CARTESIAN_POINT ( 'NONE',  ( 0.000000000000000000, 0.000000000000000000, 0.000000000000000000 ) ) ;
#83 = LINE ( 'NONE', #1463, #915 ) ;
#84 = VERTEX_POINT ( 'NONE', #1112 ) ;
#85 = ORIENTED_EDGE ( 'NONE', *, *, #932, .F. ) ;
#86 = DIRECTION ( 'NONE',  ( 5.981805089575199895E-17, -0.000000000000000000, 1.000000000000000000 ) ) ;
#87 = CYLINDRICAL_SURFACE ( 'NONE', #1320, 1.650000000000000355 ) ;
#88 = DIRECTION ( 'NONE',  ( 1.000000000000000000, 0.000000000000000000, 0.000000000000000000 ) ) ;
#89 = EDGE_CURVE ( 'NONE', #938, #25, #69, .T. ) ;
#90 = CARTESIAN_POINT ( 'NONE',  ( 0.1831073900952319145, 10.49999999999999822, 2.800000000000000266 ) ) ;
#91 = EDGE_LOOP ( 'NONE', ( #1200, #575, #1268, #224 ) ) ;
#92 = CARTESIAN_POINT ( 'NONE',  ( -28.99999999999998934, 45.00000000000000000, -14.15000000000000213 ) ) ;
#93 = CARTESIAN_POINT ( 'NONE',  ( -2.516266795864071870, 10.76656269949911682, -1.241713351487176320 ) ) ;
#94 = DIRECTION ( 'NONE',  ( -0.000000000000000000, -0.000000000000000000, 1.000000000000000000 ) ) ;
#95 = CARTESIAN_POINT ( 'NONE',  ( 2.709884585524260814, 10.80992360736570923, 0.7281130845504388827 ) ) ;
#96 = PLANE ( 'NONE',  #1477 ) ;
#97 = CIRCLE ( 'NONE', #1295, 1.000000000000000000 ) ;
#98 = EDGE_LOOP ( 'NONE', ( #549, #49 ) ) ;
#99 = ORIENTED_EDGE ( 'NONE', *, *, #1033, .T. ) ;
#100 = VERTEX_POINT ( 'NONE', #1215 ) ;
#101 = VECTOR ( 'NONE', #959, 1000.000000000000000 ) ;
#102 = CARTESIAN_POINT ( 'NONE',  ( -2.656778420866860557, 34.20242444684304672, 0.9029743524082917139 ) ) ;
#103 = CARTESIAN_POINT ( 'NONE',  ( -1.405184527531152749, 10.58156968278518839, 2.428774012592630704 ) ) ;
#104 = AXIS2_PLACEMENT_3D ( 'NONE', #760, #76, #974 ) ;
#105 = LINE ( 'NONE', #1026, #459 ) ;
#106 = AXIS2_PLACEMENT_3D ( 'NONE', #82, #523, #408 ) ;
#107 = CARTESIAN_POINT ( 'NONE',  ( -19.99999999999999289, 45.00000000000000000, 8.068481283613053428E-15 ) ) ;
#108 = EDGE_LOOP ( 'NONE', ( #1346, #948, #15, #1234 ) ) ;
#109 = VERTEX_POINT ( 'NONE', #1002 ) ;
#110 = CYLINDRICAL_SURFACE ( 'NONE', #214, 3.500000000000001332 ) ;
#111 = DIRECTION ( 'NONE',  ( 0.000000000000000000, 0.000000000000000000, 1.000000000000000000 ) ) ;
#112 = CARTESIAN_POINT ( 'NONE',  ( 0.000000000000000000, 45.00000000000000000, -2.799999999999999822 ) ) ;
#113 = EDGE_LOOP ( 'NONE', ( #645, #1021 ) ) ;
#114 = ORIENTED_EDGE ( 'NONE', *, *, #289, .T. ) ;
#115 = ORIENTED_EDGE ( 'NONE', *, *, #244, .T. ) ;
#116 = CARTESIAN_POINT ( 'NONE',  ( -0.9039796409490126194, 34.46710678899530933, 2.656376682023783076 ) ) ;
#117 = CARTESIAN_POINT ( 'NONE',  ( -2.782033444346744933, 10.82688414234435470, -0.3658443998360729199 ) ) ;
#118 = DIRECTION ( 'NONE',  ( 1.000000000000000000, 0.000000000000000000, -5.981805089575199895E-17 ) ) ;
#119 = VERTEX_POINT ( 'NONE', #427 ) ;
#120 = VECTOR ( 'NONE', #1304, 1000.000000000000000 ) ;
#121 = EDGE_LOOP ( 'NONE', ( #792, #1181, #754, #1300 ) ) ;
#122 = VECTOR ( 'NONE', #783, 1000.000000000000000 ) ;
#123 = DIRECTION ( 'NONE',  ( 1.000000000000000000, 0.000000000000000000, 0.000000000000000000 ) ) ;
#124 = CARTESIAN_POINT ( 'NONE',  ( -13.09999999999999964, 34.60000000000000142, 13.74999999999999467 ) ) ;
#125 = FACE_OUTER_BOUND ( 'NONE', #121, .T. ) ;
#126 = DIRECTION ( 'NONE',  ( -1.000000000000000000, 0.000000000000000000, 0.000000000000000000 ) ) ;
#127 = ORIENTED_EDGE ( 'NONE', *, *, #832, .T. ) ;
#128 = ORIENTED_EDGE ( 'NONE', *, *, #1458, .F. ) ;
#129 = ORIENTED_EDGE ( 'NONE', *, *, #399, .T. ) ;
#130 = EDGE_CURVE ( 'NONE', #84, #733, #1017, .T. ) ;
#131 = DIRECTION ( 'NONE',  ( 0.000000000000000000, 0.000000000000000000, -1.000000000000000000 ) ) ;
#132 = CARTESIAN_POINT ( 'NONE',  ( 12.00000000000000178, 22.50000000000000000, -15.15000000000000391 ) ) ;
#133 = DIRECTION ( 'NONE',  ( 0.000000000000000000, 1.000000000000000000, -0.000000000000000000 ) ) ;
#134 = EDGE_CURVE ( 'NONE', #1, #576, #1249, .T. ) ;
#135 = EDGE_CURVE ( 'NONE', #1277, #860, #1411, .T. ) ;
#136 = CARTESIAN_POINT ( 'NONE',  ( 9.600000000000008527, 6.900000000000003020, 13.74999999999999467 ) ) ;
#137 = CARTESIAN_POINT ( 'NONE',  ( 1.344410693882026287E-15, 45.00000000000000000, 4.649999999999995914 ) ) ;
#138 = EDGE_CURVE ( 'NONE', #938, #119, #1345, .T. ) ;
#139 = EDGE_LOOP ( 'NONE', ( #1028, #1256, #1423, #505 ) ) ;
#140 = LINE ( 'NONE', #1165, #53 ) ;
#141 = FACE_OUTER_BOUND ( 'NONE', #1421, .T. ) ;
#142 = ADVANCED_FACE ( 'NONE', ( #78 ), #96, .F. ) ;
#143 = DIRECTION ( 'NONE',  ( -0.000000000000000000, -1.000000000000000000, -0.000000000000000000 ) ) ;
#144 = VECTOR ( 'NONE', #877, 1000.000000000000000 ) ;
#145 = ORIENTED_EDGE ( 'NONE', *, *, #338, .F. ) ;
#146 = CARTESIAN_POINT ( 'NONE',  ( 13.09999999999999964, 45.00000000000000000, 15.84999999999999609 ) ) ;
#147 = AXIS2_PLACEMENT_3D ( 'NONE', #243, #1189, #705 ) ;
#148 = DIRECTION ( 'NONE',  ( -2.150483647905133395E-16, 1.000000000000000000, 1.286377403008716824E-32 ) ) ;
#149 = DIRECTION ( 'NONE',  ( -0.000000000000000000, -1.000000000000000000, -0.000000000000000000 ) ) ;
#150 = ORIENTED_EDGE ( 'NONE', *, *, #1094, .T. ) ;
#151 = DIRECTION ( 'NONE',  ( -0.000000000000000000, -1.000000000000000000, -0.000000000000000000 ) ) ;
#152 = EDGE_LOOP ( 'NONE', ( #1491, #641, #231, #738 ) ) ;
#153 = FACE_OUTER_BOUND ( 'NONE', #612, .T. ) ;
#154 = EDGE_CURVE ( 'NONE', #416, #435, #903, .T. ) ;
#155 = FACE_OUTER_BOUND ( 'NONE', #201, .T. ) ;
#156 = FACE_OUTER_BOUND ( 'NONE', #139, .T. ) ;
#157 = VERTEX_POINT ( 'NONE', #328 ) ;
#158 = CARTESIAN_POINT ( 'NONE',  ( -7.849999999999999645, 34.50000000000000000, -40.15000000000001279 ) ) ;
#159 = EDGE_CURVE ( 'NONE', #422, #1484, #791, .T. ) ;
#160 = CARTESIAN_POINT ( 'NONE',  ( 29.00000000000000000, 0.000000000000000000, -15.15000000000000391 ) ) ;
#161 = PLANE ( 'NONE',  #370 ) ;
#162 = CARTESIAN_POINT ( 'NONE',  ( -29.99999999999999289, 45.00000000000000000, -4.950000000000003730 ) ) ;
#163 = ORIENTED_EDGE ( 'NONE', *, *, #421, .F. ) ;
#164 = CARTESIAN_POINT ( 'NONE',  ( -29.99999999999999289, 45.00000000000000000, -4.950000000000003730 ) ) ;
#165 = DIRECTION ( 'NONE',  ( -1.000000000000000000, 0.000000000000000000, 2.891205793294682764E-16 ) ) ;
#166 = ORIENTED_EDGE ( 'NONE', *, *, #720, .T. ) ;
#167 = DIRECTION ( 'NONE',  ( 1.000000000000000000, -0.000000000000000000, 0.000000000000000000 ) ) ;
#168 = AXIS2_PLACEMENT_3D ( 'NONE', #1202, #273, #833 ) ;
#169 = DIRECTION ( 'NONE',  ( -5.981805089575199895E-17, 0.000000000000000000, -1.000000000000000000 ) ) ;
#170 = AXIS2_PLACEMENT_3D ( 'NONE', #685, #1154, #51 ) ;
#171 = AXIS2_PLACEMENT_3D ( 'NONE', #1405, #912, #233 ) ;
#172 = DIRECTION ( 'NONE',  ( -0.000000000000000000, -1.000000000000000000, -0.000000000000000000 ) ) ;
#173 = ORIENTED_EDGE ( 'NONE', *, *, #451, .T. ) ;
#174 = VECTOR ( 'NONE', #148, 1000.000000000000000 ) ;
#175 = CARTESIAN_POINT ( 'NONE',  ( 9.481161066976687255E-16, 38.10000000000000142, 13.74999999999999467 ) ) ;
#176 = PLANE ( 'NONE',  #340 ) ;
#177 = ORIENTED_EDGE ( 'NONE', *, *, #1366, .F. ) ;
#178 = CYLINDRICAL_SURFACE ( 'NONE', #632, 1.000000000000000888 ) ;
#179 = EDGE_CURVE ( 'NONE', #1365, #923, #639, .T. ) ;
#180 = VERTEX_POINT ( 'NONE', #481 ) ;
#181 = ORIENTED_EDGE ( 'NONE', *, *, #1151, .F. ) ;
#182 = CARTESIAN_POINT ( 'NONE',  ( -19.99999999999998934, 0.000000000000000000, 4.649999999999995026 ) ) ;
#183 = ADVANCED_FACE ( 'NONE', ( #125 ), #590, .F. ) ;
#184 = CARTESIAN_POINT ( 'NONE',  ( -1.406210207615791186, 34.41830031170159998, 2.428118434722666308 ) ) ;
#185 = EDGE_CURVE ( 'NONE', #750, #816, #567, .T. ) ;
#186 = DIRECTION ( 'NONE',  ( 4.034240641806528390E-16, 0.000000000000000000, 1.000000000000000000 ) ) ;
#187 = CARTESIAN_POINT ( 'NONE',  ( 1.244725415030994986, 34.43646755166340512, -2.514745705276286714 ) ) ;
#188 = DIRECTION ( 'NONE',  ( -0.000000000000000000, -1.000000000000000000, -0.000000000000000000 ) ) ;
#189 = ORIENTED_EDGE ( 'NONE', *, *, #441, .T. ) ;
#190 = EDGE_CURVE ( 'NONE', #721, #453, #893, .T. ) ;
#191 = ORIENTED_EDGE ( 'NONE', *, *, #159, .F. ) ;
#192 = PLANE ( 'NONE',  #1317 ) ;
#193 = CARTESIAN_POINT ( 'NONE',  ( 9.481161066976687255E-16, 38.10000000000000142, 15.84999999999999609 ) ) ;
#194 = DIRECTION ( 'NONE',  ( 2.990902544787598715E-17, 0.000000000000000000, -1.000000000000000000 ) ) ;
#195 = AXIS2_PLACEMENT_3D ( 'NONE', #565, #1126, #774 ) ;
#196 = ORIENTED_EDGE ( 'NONE', *, *, #1390, .F. ) ;
#197 = ADVANCED_FACE ( 'NONE', ( #840 ), #955, .F. ) ;
#198 = CARTESIAN_POINT ( 'NONE',  ( -1.241497238385192325, 10.56319409796831899, 2.516346037571477900 ) ) ;
#199 = CYLINDRICAL_SURFACE ( 'NONE', #531, 1.650000000000000355 ) ;
#200 =( NAMED_UNIT ( * ) PLANE_ANGLE_UNIT ( ) SI_UNIT ( $, .RADIAN. ) );
#201 = EDGE_LOOP ( 'NONE', ( #129, #356, #1091, #1415 ) ) ;
#202 = EDGE_LOOP ( 'NONE', ( #662, #929 ) ) ;
#203 = DIRECTION ( 'NONE',  ( -1.000000000000000000, 0.000000000000000000, 0.000000000000000000 ) ) ;
#204 = CARTESIAN_POINT ( 'NONE',  ( -2.430383250832934827, 10.74823312641617612, -1.402460436079312034 ) ) ;
#205 = DIRECTION ( 'NONE',  ( 1.000000000000000000, 0.000000000000000000, -5.981805089575199895E-17 ) ) ;
#206 = PRODUCT_RELATED_PRODUCT_CATEGORY ( 'part', '', ( #940 ) ) ;
#207 = LINE ( 'NONE', #1135, #385 ) ;
#208 = CARTESIAN_POINT ( 'NONE',  ( 7.850000000000001421, 10.50000000000000178, -40.15000000000001279 ) ) ;
#209 = CARTESIAN_POINT ( 'NONE',  ( -19.99999999999998934, 45.00000000000000000, 4.649999999999995026 ) ) ;
#210 = ORIENTED_EDGE ( 'NONE', *, *, #1255, .T. ) ;
#211 = CARTESIAN_POINT ( 'NONE',  ( -9.599999999999994316, 6.900000000000003020, 15.84999999999999609 ) ) ;
#212 = CARTESIAN_POINT ( 'NONE',  ( -2.109545700127790635, 10.68616150988407654, -1.850096740667208417 ) ) ;
#213 = CARTESIAN_POINT ( 'NONE',  ( 9.481161066976687255E-16, 0.000000000000000000, 15.84999999999999609 ) ) ;
#214 = AXIS2_PLACEMENT_3D ( 'NONE', #936, #1164, #123 ) ;
#215 = AXIS2_PLACEMENT_3D ( 'NONE', #1039, #845, #380 ) ;
#216 = ORIENTED_EDGE ( 'NONE', *, *, #1140, .F. ) ;
#217 = ORIENTED_EDGE ( 'NONE', *, *, #1225, .F. ) ;
#218 = DIRECTION ( 'NONE',  ( 0.000000000000000000, 0.000000000000000000, 1.000000000000000000 ) ) ;
#219 = DIRECTION ( 'NONE',  ( 0.000000000000000000, 0.000000000000000000, 1.000000000000000000 ) ) ;
#220 = AXIS2_PLACEMENT_3D ( 'NONE', #1393, #2, #1158 ) ;
#221 = CARTESIAN_POINT ( 'NONE',  ( 4.531217355353213437E-16, 45.00000000000000000, -15.15000000000000568 ) ) ;
#222 = CARTESIAN_POINT ( 'NONE',  ( -11.15000000000000036, 34.50000000000000000, -15.15000000000000391 ) ) ;
#223 = ORIENTED_EDGE ( 'NONE', *, *, #289, .F. ) ;
#224 = ORIENTED_EDGE ( 'NONE', *, *, #179, .T. ) ;
#225 = ORIENTED_EDGE ( 'NONE', *, *, #1313, .F. ) ;
#226 = CARTESIAN_POINT ( 'NONE',  ( 3.429025004380067880E-16, 34.50000000000000000, 2.799999999999999822 ) ) ;
#227 = EDGE_CURVE ( 'NONE', #1036, #920, #748, .T. ) ;
#228 = DIRECTION ( 'NONE',  ( -0.000000000000000000, -1.000000000000000000, -0.000000000000000000 ) ) ;
#229 = CARTESIAN_POINT ( 'NONE',  ( 9.481161066976687255E-16, 6.900000000000003020, 15.84999999999999609 ) ) ;
#230 = DIRECTION ( 'NONE',  ( 1.000000000000000000, 0.000000000000000000, 2.990902544787598715E-17 ) ) ;
#231 = ORIENTED_EDGE ( 'NONE', *, *, #557, .T. ) ;
#232 = VERTEX_POINT ( 'NONE', #555 ) ;
#233 = DIRECTION ( 'NONE',  ( 0.000000000000000000, 0.000000000000000000, 1.000000000000000000 ) ) ;
#234 = CARTESIAN_POINT ( 'NONE',  ( 9.481161066976689227E-16, 22.50000000000000000, 13.74999999999999112 ) ) ;
#235 = DIRECTION ( 'NONE',  ( -0.000000000000000000, -0.000000000000000000, 1.000000000000000000 ) ) ;
#236 = ORIENTED_EDGE ( 'NONE', *, *, #835, .T. ) ;
#237 = CIRCLE ( 'NONE', #31, 1.000000000000000888 ) ;
#238 = ORIENTED_EDGE ( 'NONE', *, *, #154, .F. ) ;
#239 = CARTESIAN_POINT ( 'NONE',  ( 30.00000000000000000, 45.00000000000000000, 0.000000000000000000 ) ) ;
#240 = ORIENTED_EDGE ( 'NONE', *, *, #1099, .F. ) ;
#241 = EDGE_CURVE ( 'NONE', #416, #548, #1263, .T. ) ;
#242 = AXIS2_PLACEMENT_3D ( 'NONE', #259, #613, #952 ) ;
#243 = CARTESIAN_POINT ( 'NONE',  ( 0.000000000000000000, 45.00000000000000000, 0.000000000000000000 ) ) ;
#244 = EDGE_CURVE ( 'NONE', #1188, #25, #806, .T. ) ;
#245 = CARTESIAN_POINT ( 'NONE',  ( -28.99999999999998579, 45.00000000000000000, 4.649999999999995914 ) ) ;
#246 = CIRCLE ( 'NONE', #561, 1.000000000000000000 ) ;
#247 = ORIENTED_EDGE ( 'NONE', *, *, #338, .T. ) ;
#248 = CARTESIAN_POINT ( 'NONE',  ( -7.849999999999999645, 34.50000000000000000, -15.15000000000000391 ) ) ;
#249 = ORIENTED_EDGE ( 'NONE', *, *, #185, .F. ) ;
#250 = CARTESIAN_POINT ( 'NONE',  ( 19.99999999999999645, 45.00000000000000000, -3.950000000000003730 ) ) ;
#251 = CARTESIAN_POINT ( 'NONE',  ( 29.00000000000000000, 0.000000000000000000, -14.15000000000000213 ) ) ;
#252 = ORIENTED_EDGE ( 'NONE', *, *, #1034, .T. ) ;
#253 = CARTESIAN_POINT ( 'NONE',  ( 11.15000000000000213, 10.50000000000000178, -15.15000000000000391 ) ) ;
#254 = VERTEX_POINT ( 'NONE', #854 ) ;
#255 = DIRECTION ( 'NONE',  ( -0.000000000000000000, -1.000000000000000000, 0.000000000000000000 ) ) ;
#256 = CARTESIAN_POINT ( 'NONE',  ( -29.99999999999999289, 45.00000000000000000, 5.650000000000003020 ) ) ;
#257 = LINE ( 'NONE', #943, #607 ) ;
#258 = EDGE_CURVE ( 'NONE', #8, #379, #498, .T. ) ;
#259 = CARTESIAN_POINT ( 'NONE',  ( 0.000000000000000000, 45.00000000000000000, 0.000000000000000000 ) ) ;
#260 = VECTOR ( 'NONE', #695, 1000.000000000000000 ) ;
#261 = ORIENTED_EDGE ( 'NONE', *, *, #396, .F. ) ;
#262 = VECTOR ( 'NONE', #326, 1000.000000000000000 ) ;
#263 = LINE ( 'NONE', #1047, #1063 ) ;
#264 = DIRECTION ( 'NONE',  ( 0.000000000000000000, 0.000000000000000000, 1.000000000000000000 ) ) ;
#265 = FACE_OUTER_BOUND ( 'NONE', #1023, .T. ) ;
#266 = CARTESIAN_POINT ( 'NONE',  ( 0.7269263603763839177, 10.52069182323248775, -2.710172820017560991 ) ) ;
#267 = ORIENTED_EDGE ( 'NONE', *, *, #28, .F. ) ;
#268 = FACE_BOUND ( 'NONE', #1404, .T. ) ;
#269 = CARTESIAN_POINT ( 'NONE',  ( 9.481161066976687255E-16, 6.900000000000003020, 13.74999999999999467 ) ) ;
#270 = CARTESIAN_POINT ( 'NONE',  ( 12.00000000000000178, 22.50000000000000000, 13.74999999999999112 ) ) ;
#271 = VERTEX_POINT ( 'NONE', #1083 ) ;
#272 = CARTESIAN_POINT ( 'NONE',  ( -29.99999999999999289, 0.000000000000000000, -14.15000000000000213 ) ) ;
#273 = DIRECTION ( 'NONE',  ( -0.000000000000000000, -1.000000000000000000, -0.000000000000000000 ) ) ;
#274 = DIRECTION ( 'NONE',  ( 0.000000000000000000, 1.000000000000000000, -0.000000000000000000 ) ) ;
#275 = CARTESIAN_POINT ( 'NONE',  ( 2.516266795864070094, 34.23343730050086720, -1.241713351487178318 ) ) ;
#276 = EDGE_CURVE ( 'NONE', #786, #874, #891, .T. ) ;
#277 = CARTESIAN_POINT ( 'NONE',  ( 30.00000000000000000, 45.00000000000000000, 0.000000000000000000 ) ) ;
#278 = VERTEX_POINT ( 'NONE', #1414 ) ;
#279 = CARTESIAN_POINT ( 'NONE',  ( 4.481368979606749360E-16, 0.000000000000000000, 4.649999999999993250 ) ) ;
#280 = UNCERTAINTY_MEASURE_WITH_UNIT (LENGTH_MEASURE( 1.000000000000000082E-05 ), #1265, 'distance_accuracy_value', 'NONE');
#281 = ADVANCED_FACE ( 'NONE', ( #56 ), #1216, .F. ) ;
#282 = DIRECTION ( 'NONE',  ( -5.981805089575199895E-17, 0.000000000000000000, -1.000000000000000000 ) ) ;
#283 = AXIS2_PLACEMENT_3D ( 'NONE', #1074, #59, #522 ) ;
#284 = EDGE_CURVE ( 'NONE', #1307, #1438, #520, .T. ) ;
#285 = LINE ( 'NONE', #752, #1145 ) ;
#286 = AXIS2_PLACEMENT_3D ( 'NONE', #727, #395, #37 ) ;
#287 = DIRECTION ( 'NONE',  ( 1.000000000000000000, 0.000000000000000000, -9.637352644315602638E-17 ) ) ;
#288 = AXIS2_PLACEMENT_3D ( 'NONE', #643, #761, #413 ) ;
#289 = EDGE_CURVE ( 'NONE', #717, #1277, #492, .T. ) ;
#290 = ADVANCED_FACE ( 'NONE', ( #1066 ), #1206, .T. ) ;
#291 = CIRCLE ( 'NONE', #1019, 12.00000000000000000 ) ;
#292 = ORIENTED_EDGE ( 'NONE', *, *, #848, .T. ) ;
#293 = VECTOR ( 'NONE', #731, 1000.000000000000000 ) ;
#294 = CYLINDRICAL_SURFACE ( 'NONE', #1082, 2.799999999999999822 ) ;
#295 = DIRECTION ( 'NONE',  ( 0.000000000000000000, -1.000000000000000000, 0.000000000000000000 ) ) ;
#296 = VERTEX_POINT ( 'NONE', #253 ) ;
#297 = CARTESIAN_POINT ( 'NONE',  ( 9.500000000000001776, 10.50000000000000178, 13.74999999999999112 ) ) ;
#298 = CARTESIAN_POINT ( 'NONE',  ( 1.405184527531153416, 34.41843031721481339, 2.428774012592630260 ) ) ;
#299 = CARTESIAN_POINT ( 'NONE',  ( -28.99999999999998579, 45.00000000000000000, 4.649999999999995914 ) ) ;
#300 = ORIENTED_EDGE ( 'NONE', *, *, #592, .T. ) ;
#301 = ORIENTED_EDGE ( 'NONE', *, *, #1321, .T. ) ;
#302 = CARTESIAN_POINT ( 'NONE',  ( 20.00000000000000355, 45.00000000000000000, 4.649999999999989697 ) ) ;
#303 = DIRECTION ( 'NONE',  ( -5.981805089575199895E-17, 0.000000000000000000, -1.000000000000000000 ) ) ;
#304 = LINE ( 'NONE', #1457, #751 ) ;
#305 = ORIENTED_EDGE ( 'NONE', *, *, #154, .T. ) ;
#306 = EDGE_CURVE ( 'NONE', #278, #1358, #1322, .T. ) ;
#307 = EDGE_LOOP ( 'NONE', ( #579, #43 ) ) ;
#308 = CARTESIAN_POINT ( 'NONE',  ( -2.515976897089466036, 34.23349842542751276, -1.242209620998042663 ) ) ;
#309 = CARTESIAN_POINT ( 'NONE',  ( -0.7297199687045327066, 10.52084471118000053, -2.709501212665256897 ) ) ;
#310 = CIRCLE ( 'NONE', #866, 12.00000000000000000 ) ;
#311 = DIRECTION ( 'NONE',  ( 1.000000000000000000, -0.000000000000000000, 0.000000000000000000 ) ) ;
#312 = AXIS2_PLACEMENT_3D ( 'NONE', #956, #813, #495 ) ;
#313 = FILL_AREA_STYLE ('',( #1008 ) ) ;
#314 = AXIS2_PLACEMENT_3D ( 'NONE', #1330, #274, #1090 ) ;
#315 = ORIENTED_EDGE ( 'NONE', *, *, #241, .F. ) ;
#316 = EDGE_CURVE ( 'NONE', #1085, #453, #745, .T. ) ;
#317 = CARTESIAN_POINT ( 'NONE',  ( -2.109093909476226880, 34.31392113800548316, -1.850630868379862459 ) ) ;
#318 = CIRCLE ( 'NONE', #635, 3.499999999999999556 ) ;
#319 = DIRECTION ( 'NONE',  ( -0.000000000000000000, -1.000000000000000000, 0.000000000000000000 ) ) ;
#320 = CARTESIAN_POINT ( 'NONE',  ( 9.599999999999999645, 34.60000000000000142, 13.74999999999999467 ) ) ;
#321 = CARTESIAN_POINT ( 'NONE',  ( 2.239302772568189770, 10.70784672364937506, 1.720585138659808111 ) ) ;
#322 = ORIENTED_EDGE ( 'NONE', *, *, #798, .F. ) ;
#323 = ORIENTED_EDGE ( 'NONE', *, *, #934, .F. ) ;
#324 = CARTESIAN_POINT ( 'NONE',  ( -2.782017652818134401, 34.17312084611661049, -0.3666023023940979120 ) ) ;
#325 = CARTESIAN_POINT ( 'NONE',  ( -2.428360310250333942, 10.74782075266339199, 1.405777998130754991 ) ) ;
#326 = DIRECTION ( 'NONE',  ( 1.433655765270088848E-16, -1.000000000000000000, -8.575849353391445037E-33 ) ) ;
#327 = CARTESIAN_POINT ( 'NONE',  ( 0.7293868501812104110, 10.52082923339205500, 2.709568824877763848 ) ) ;
#328 = CARTESIAN_POINT ( 'NONE',  ( 30.00000000000000000, 45.00000000000000000, 14.84999999999999432 ) ) ;
#329 = ADVANCED_FACE ( 'NONE', ( #156 ), #1422, .T. ) ;
#330 = ORIENTED_EDGE ( 'NONE', *, *, #1419, .T. ) ;
#331 = VERTEX_POINT ( 'NONE', #270 ) ;
#332 = ORIENTED_EDGE ( 'NONE', *, *, #4, .F. ) ;
#333 = CARTESIAN_POINT ( 'NONE',  ( -29.99999999999999289, 0.000000000000000000, 14.84999999999999432 ) ) ;
#334 = DIRECTION ( 'NONE',  ( -0.000000000000000000, -0.000000000000000000, 1.000000000000000000 ) ) ;
#335 = DIRECTION ( 'NONE',  ( 0.000000000000000000, 0.000000000000000000, 1.000000000000000000 ) ) ;
#336 = CIRCLE ( 'NONE', #942, 1.000000000000000888 ) ;
#337 = ORIENTED_EDGE ( 'NONE', *, *, #781, .F. ) ;
#338 = EDGE_CURVE ( 'NONE', #1459, #670, #378, .T. ) ;
#339 = ORIENTED_EDGE ( 'NONE', *, *, #1000, .T. ) ;
#340 = AXIS2_PLACEMENT_3D ( 'NONE', #862, #387, #1325 ) ;
#341 = EDGE_CURVE ( 'NONE', #1194, #84, #604, .T. ) ;
#342 = ORIENTED_EDGE ( 'NONE', *, *, #1321, .F. ) ;
#343 = FACE_OUTER_BOUND ( 'NONE', #527, .T. ) ;
#344 = CARTESIAN_POINT ( 'NONE',  ( 0.000000000000000000, 10.50000000000000178, -2.799999999999999822 ) ) ;
#345 = LINE ( 'NONE', #229, #1319 ) ;
#346 = EDGE_LOOP ( 'NONE', ( #911, #1097, #1244, #1383, #452, #1428, #127, #1448, #1236, #1067, #910, #57, #969, #680, #577, #337, #128, #1400, #851, #759 ) ) ;
#347 = EDGE_LOOP ( 'NONE', ( #1003, #114, #1044, #1341 ) ) ;
#348 = ORIENTED_EDGE ( 'NONE', *, *, #1366, .T. ) ;
#349 = LINE ( 'NONE', #809, #894 ) ;
#350 = ORIENTED_EDGE ( 'NONE', *, *, #980, .F. ) ;
#351 = EDGE_CURVE ( 'NONE', #278, #669, #1227, .T. ) ;
#352 = CARTESIAN_POINT ( 'NONE',  ( -11.15000000000000036, 34.50000000000000000, 13.74999999999999112 ) ) ;
#353 = DIRECTION ( 'NONE',  ( -0.000000000000000000, -1.000000000000000000, -0.000000000000000000 ) ) ;
#354 = FACE_OUTER_BOUND ( 'NONE', #995, .T. ) ;
#355 = EDGE_LOOP ( 'NONE', ( #1282, #339 ) ) ;
#356 = ORIENTED_EDGE ( 'NONE', *, *, #696, .T. ) ;
#357 = DIRECTION ( 'NONE',  ( -0.000000000000000000, -1.000000000000000000, -0.000000000000000000 ) ) ;
#358 = EDGE_CURVE ( 'NONE', #484, #721, #784, .T. ) ;
#359 = CARTESIAN_POINT ( 'NONE',  ( -28.99999999999998934, 45.00000000000000000, -3.950000000000003730 ) ) ;
#360 = CARTESIAN_POINT ( 'NONE',  ( -29.99999999999999289, 0.000000000000000000, -0.000000000000000000 ) ) ;
#361 = VECTOR ( 'NONE', #488, 1000.000000000000000 ) ;
#362 = ORIENTED_EDGE ( 'NONE', *, *, #835, .F. ) ;
#363 = DIRECTION ( 'NONE',  ( 0.000000000000000000, 1.000000000000000000, -0.000000000000000000 ) ) ;
#364 = ORIENTED_EDGE ( 'NONE', *, *, #667, .T. ) ;
#365 = EDGE_CURVE ( 'NONE', #180, #1036, #1001, .T. ) ;
#366 = PLANE ( 'NONE',  #215 ) ;
#367 = VECTOR ( 'NONE', #353, 1000.000000000000000 ) ;
#368 = AXIS2_PLACEMENT_3D ( 'NONE', #778, #169, #1122 ) ;
#369 = PLANE ( 'NONE',  #512 ) ;
#370 = AXIS2_PLACEMENT_3D ( 'NONE', #979, #54, #1338 ) ;
#371 = CIRCLE ( 'NONE', #1301, 3.499999999999999556 ) ;
#372 = ORIENTED_EDGE ( 'NONE', *, *, #608, .T. ) ;
#373 = DIRECTION ( 'NONE',  ( 0.000000000000000000, 0.000000000000000000, 1.000000000000000000 ) ) ;
#374 = ORIENTED_EDGE ( 'NONE', *, *, #1034, .F. ) ;
#375 = CARTESIAN_POINT ( 'NONE',  ( 28.99999999999999645, 45.00000000000000000, 5.649999999999987921 ) ) ;
#376 = MANIFOLD_SOLID_BREP ( 'Cut-Extrude2', #414 ) ;
#377 = CYLINDRICAL_SURFACE ( 'NONE', #1482, 3.499999999999999556 ) ;
#378 = LINE ( 'NONE', #162, #944 ) ;
#379 = VERTEX_POINT ( 'NONE', #1117 ) ;
#380 = DIRECTION ( 'NONE',  ( -2.150483647905133642E-16, 1.000000000000000000, 0.000000000000000000 ) ) ;
#381 = CARTESIAN_POINT ( 'NONE',  ( 28.99999999999999645, 0.000000000000000000, -3.950000000000003730 ) ) ;
#382 = EDGE_LOOP ( 'NONE', ( #1106, #594, #79, #1218 ) ) ;
#383 = CARTESIAN_POINT ( 'NONE',  ( -29.99999999999999289, 45.00000000000000000, 14.84999999999999432 ) ) ;
#384 = ORIENTED_EDGE ( 'NONE', *, *, #1329, .T. ) ;
#385 = VECTOR ( 'NONE', #94, 1000.000000000000000 ) ;
#386 = DIRECTION ( 'NONE',  ( 2.990902544787598715E-17, 0.000000000000000000, -1.000000000000000000 ) ) ;
#387 = DIRECTION ( 'NONE',  ( 0.000000000000000000, 0.000000000000000000, -1.000000000000000000 ) ) ;
#388 = CARTESIAN_POINT ( 'NONE',  ( 2.655791904148153471, 10.79735523874798986, -0.9055351186172577727 ) ) ;
#389 = ORIENTED_EDGE ( 'NONE', *, *, #365, .T. ) ;
#390 = FACE_OUTER_BOUND ( 'NONE', #838, .T. ) ;
#391 = PLANE ( 'NONE',  #728 ) ;
#392 = ORIENTED_EDGE ( 'NONE', *, *, #551, .T. ) ;
#393 = EDGE_CURVE ( 'NONE', #1450, #379, #546, .T. ) ;
#394 = CARTESIAN_POINT ( 'NONE',  ( 1.241497238385192770, 34.43680590203167924, 2.516346037571477900 ) ) ;
#395 = DIRECTION ( 'NONE',  ( 1.000000000000000000, 0.000000000000000000, -8.068481283613063683E-16 ) ) ;
#396 = EDGE_CURVE ( 'NONE', #1351, #8, #1108, .T. ) ;
#397 = VERTEX_POINT ( 'NONE', #1251 ) ;
#398 = DIRECTION ( 'NONE',  ( 0.000000000000000000, 1.000000000000000000, -0.000000000000000000 ) ) ;
#399 = EDGE_CURVE ( 'NONE', #1375, #1382, #988, .T. ) ;
#400 = SHAPE_DEFINITION_REPRESENTATION ( #1266, #982 ) ;
#401 = CARTESIAN_POINT ( 'NONE',  ( 30.00000000000000000, 45.00000000000000000, 0.000000000000000000 ) ) ;
#402 = CARTESIAN_POINT ( 'NONE',  ( 7.850000000000001421, 10.50000000000000178, 13.74999999999999112 ) ) ;
#403 = EDGE_CURVE ( 'NONE', #860, #1277, #1451, .T. ) ;
#404 = CARTESIAN_POINT ( 'NONE',  ( 2.430383250832933939, 34.25176687358383276, -1.402460436079313144 ) ) ;
#405 = ORIENTED_EDGE ( 'NONE', *, *, #1267, .T. ) ;
#406 = AXIS2_PLACEMENT_3D ( 'NONE', #596, #827, #1053 ) ;
#407 = CARTESIAN_POINT ( 'NONE',  ( -9.599999999999997868, 34.60000000000000142, 15.84999999999999609 ) ) ;
#408 = DIRECTION ( 'NONE',  ( 0.000000000000000000, 0.000000000000000000, 1.000000000000000000 ) ) ;
#409 = AXIS2_PLACEMENT_3D ( 'NONE', #407, #516, #1229 ) ;
#410 = ORIENTED_EDGE ( 'NONE', *, *, #633, .F. ) ;
#411 = EDGE_CURVE ( 'NONE', #904, #1035, #1259, .T. ) ;
#412 = CARTESIAN_POINT ( 'NONE',  ( 2.109545700127788859, 34.31383849011591991, -1.850096740667209305 ) ) ;
#413 = DIRECTION ( 'NONE',  ( -1.000000000000000000, 0.000000000000000000, 0.000000000000000000 ) ) ;
#414 = CLOSED_SHELL ( 'NONE', ( #1196, #937, #986, #1368, #1378, #665, #197, #469, #1433, #329, #75, #564, #957, #142, #735, #34, #1269, #671, #1168, #281, #46, #1095, #290, #1105, #1069, #183, #510, #875, #446, #919, #1209, #719, #740, #897, #1467, #513, #1420, #711, #1337, #1127, #1119 ) ) ;
#415 = ORIENTED_EDGE ( 'NONE', *, *, #616, .T. ) ;
#416 = VERTEX_POINT ( 'NONE', #550 ) ;
#417 =( NAMED_UNIT ( * ) PLANE_ANGLE_UNIT ( ) SI_UNIT ( $, .RADIAN. ) );
#418 = CARTESIAN_POINT ( 'NONE',  ( 9.599999999999999645, 38.10000000000000142, 13.74999999999999467 ) ) ;
#419 = CARTESIAN_POINT ( 'NONE',  ( -11.99999999999999822, 22.50000000000000000, 13.74999999999999112 ) ) ;
#420 = FACE_OUTER_BOUND ( 'NONE', #1283, .T. ) ;
#421 = EDGE_CURVE ( 'NONE', #880, #397, #539, .T. ) ;
#422 = VERTEX_POINT ( 'NONE', #997 ) ;
#423 = EDGE_LOOP ( 'NONE', ( #1276, #1052, #1056, #1323 ) ) ;
#424 = CARTESIAN_POINT ( 'NONE',  ( -1.243957356216669474, 34.43656158072469964, -2.515199256285174823 ) ) ;
#425 = CARTESIAN_POINT ( 'NONE',  ( -1.405404589161566520, 10.58158604954169668, -2.428717285892592503 ) ) ;
#426 = DIRECTION ( 'NONE',  ( -0.000000000000000000, -0.000000000000000000, 1.000000000000000000 ) ) ;
#427 = CARTESIAN_POINT ( 'NONE',  ( -28.99999999999998579, 0.000000000000000000, 4.649999999999995914 ) ) ;
#428 = ORIENTED_EDGE ( 'NONE', *, *, #341, .F. ) ;
#429 = DIRECTION ( 'NONE',  ( 0.000000000000000000, 0.000000000000000000, 1.000000000000000000 ) ) ;
#430 = CARTESIAN_POINT ( 'NONE',  ( -2.225872716212895064, 10.70779318748405906, 1.708401658757868757 ) ) ;
#431 = AXIS2_PLACEMENT_3D ( 'NONE', #1208, #386, #1328 ) ;
#432 = CARTESIAN_POINT ( 'NONE',  ( 4.481368979606749360E-16, 45.00000000000000000, 4.649999999999993250 ) ) ;
#433 = VECTOR ( 'NONE', #1312, 1000.000000000000000 ) ;
#434 = AXIS2_PLACEMENT_3D ( 'NONE', #502, #966, #768 ) ;
#435 = VERTEX_POINT ( 'NONE', #211 ) ;
#436 = EDGE_LOOP ( 'NONE', ( #1078, #428, #392, #713 ) ) ;
#437 = CARTESIAN_POINT ( 'NONE',  ( -2.224757369655828931, 34.29242711529908405, -1.710064390998423889 ) ) ;
#438 = CIRCLE ( 'NONE', #58, 2.799999999999999822 ) ;
#439 = DIRECTION ( 'NONE',  ( 5.981805089575199895E-17, -0.000000000000000000, 1.000000000000000000 ) ) ;
#440 = LINE ( 'NONE', #1389, #262 ) ;
#441 = EDGE_CURVE ( 'NONE', #750, #1307, #724, .T. ) ;
#442 = SURFACE_SIDE_STYLE ('',( #1254 ) ) ;
#443 = DIRECTION ( 'NONE',  ( -4.034240641806529376E-16, 0.000000000000000000, -1.000000000000000000 ) ) ;
#444 = ORIENTED_EDGE ( 'NONE', *, *, #1255, .F. ) ;
#445 = ORIENTED_EDGE ( 'NONE', *, *, #1264, .T. ) ;
#446 = ADVANCED_FACE ( 'NONE', ( #899, #1238 ), #192, .F. ) ;
#447 = CARTESIAN_POINT ( 'NONE',  ( -1.851827764675855637, 34.35697025820585537, -2.108043087786807934 ) ) ;
#448 = CARTESIAN_POINT ( 'NONE',  ( 9.500000000000001776, 10.50000000000000178, -40.15000000000001279 ) ) ;
#449 = DIRECTION ( 'NONE',  ( 1.000000000000000000, 0.000000000000000000, -2.891205793294682764E-16 ) ) ;
#450 = EDGE_CURVE ( 'NONE', #1307, #1459, #765, .T. ) ;
#451 = EDGE_CURVE ( 'NONE', #109, #1163, #926, .T. ) ;
#452 = ORIENTED_EDGE ( 'NONE', *, *, #258, .T. ) ;
#453 = VERTEX_POINT ( 'NONE', #333 ) ;
#454 = VERTEX_POINT ( 'NONE', #485 ) ;
#455 = DIRECTION ( 'NONE',  ( 1.000000000000000000, 0.000000000000000000, -2.891205793294682764E-16 ) ) ;
#456 = CARTESIAN_POINT ( 'NONE',  ( -0.7357368916693588501, 10.51779263369964745, 2.726158895060168508 ) ) ;
#457 = CARTESIAN_POINT ( 'NONE',  ( -28.99999999999998934, 45.00000000000000000, -15.15000000000000568 ) ) ;
#458 = AXIS2_PLACEMENT_3D ( 'NONE', #92, #658, #1005 ) ;
#459 = VECTOR ( 'NONE', #449, 1000.000000000000000 ) ;
#460 = ORIENTED_EDGE ( 'NONE', *, *, #1094, .F. ) ;
#461 = ORIENTED_EDGE ( 'NONE', *, *, #316, .F. ) ;
#462 = AXIS2_PLACEMENT_3D ( 'NONE', #1239, #282, #878 ) ;
#463 = VERTEX_POINT ( 'NONE', #248 ) ;
#464 = CARTESIAN_POINT ( 'NONE',  ( -0.3690021577959212706, 34.49568150795583676, 2.781655226930304980 ) ) ;
#465 = AXIS2_PLACEMENT_3D ( 'NONE', #927, #1397, #1289 ) ;
#466 = ORIENTED_EDGE ( 'NONE', *, *, #743, .T. ) ;
#467 = DIRECTION ( 'NONE',  ( 0.000000000000000000, 0.000000000000000000, 1.000000000000000000 ) ) ;
#468 = DIRECTION ( 'NONE',  ( -0.000000000000000000, -0.000000000000000000, 1.000000000000000000 ) ) ;
#469 = ADVANCED_FACE ( 'NONE', ( #572 ), #930, .T. ) ;
#470 = CARTESIAN_POINT ( 'NONE',  ( 19.99999999999999645, 0.000000000000000000, -3.950000000000003730 ) ) ;
#471 = ORIENTED_EDGE ( 'NONE', *, *, #1314, .T. ) ;
#472 = VERTEX_POINT ( 'NONE', #712 ) ;
#473 = CARTESIAN_POINT ( 'NONE',  ( 0.3661172057339385777, 34.50000000000000711, 2.799999999999999378 ) ) ;
#474 = CARTESIAN_POINT ( 'NONE',  ( 28.99999999999999645, 45.00000000000000000, 15.84999999999999254 ) ) ;
#475 = UNCERTAINTY_MEASURE_WITH_UNIT (LENGTH_MEASURE( 1.000000000000000082E-05 ), #868, 'distance_accuracy_value', 'NONE');
#476 = CARTESIAN_POINT ( 'NONE',  ( 9.481161066976689227E-16, 22.50000000000000000, -40.15000000000001279 ) ) ;
#477 = EDGE_CURVE ( 'NONE', #920, #1036, #73, .T. ) ;
#478 = ORIENTED_EDGE ( 'NONE', *, *, #1041, .T. ) ;
#479 = LINE ( 'NONE', #137, #1412 ) ;
#480 = DIRECTION ( 'NONE',  ( -0.000000000000000000, -1.000000000000000000, 0.000000000000000000 ) ) ;
#481 = CARTESIAN_POINT ( 'NONE',  ( 7.850000000000001421, 10.50000000000000178, -15.15000000000000391 ) ) ;
#482 = CARTESIAN_POINT ( 'NONE',  ( 3.429011037612588290E-16, 45.00000000000000000, 2.799999999999999822 ) ) ;
#483 = VECTOR ( 'NONE', #1324, 1000.000000000000000 ) ;
#484 = VERTEX_POINT ( 'NONE', #793 ) ;
#485 = CARTESIAN_POINT ( 'NONE',  ( 30.00000000000000000, 0.000000000000000000, -4.950000000000003730 ) ) ;
#486 = VERTEX_POINT ( 'NONE', #1182 ) ;
#487 = STYLED_ITEM ( 'NONE', ( #1372 ), #376 ) ;
#488 = DIRECTION ( 'NONE',  ( -2.150483647905133395E-16, 1.000000000000000000, 1.286377403008716824E-32 ) ) ;
#489 = CARTESIAN_POINT ( 'NONE',  ( 9.599999999999999645, 38.10000000000000142, 13.74999999999999467 ) ) ;
#490 = AXIS2_PLACEMENT_3D ( 'NONE', #704, #1175, #1302 ) ;
#491 = DIRECTION ( 'NONE',  ( 0.000000000000000000, 0.000000000000000000, -1.000000000000000000 ) ) ;
#492 = LINE ( 'NONE', #1308, #101 ) ;
#493 = ORIENTED_EDGE ( 'NONE', *, *, #1470, .F. ) ;
#494 = DIRECTION ( 'NONE',  ( -1.000000000000000000, 0.000000000000000000, 0.000000000000000000 ) ) ;
#495 = DIRECTION ( 'NONE',  ( 0.000000000000000000, 0.000000000000000000, 1.000000000000000000 ) ) ;
#496 = B_SPLINE_CURVE_WITH_KNOTS ( 'NONE', 3,
 ( #1152, #1159, #456, #198, #103, #1025, #1252, #1369, #430, #325, #788, #1360, #544, #1260, #117, #1279, #914, #93, #204, #659, #212, #1141, #691, #425, #1487, #580, #309, #664, #675, #344 ),
 .UNSPECIFIED., .F., .F.,
 ( 4, 2, 2, 2, 2, 2, 2, 2, 2, 2, 2, 2, 2, 2, 4 ),
 ( 0.008784437597443899015, 0.009882199730859032513, 0.01043108079756660013, 0.01097996186427416775, 0.01152884293098173536, 0.01207772399768930298, 0.01317548613110443995, 0.01372436719781200756, 0.01427324826451957518, 0.01482212933122714280, 0.01537101039793471041, 0.01591989146464227803, 0.01646877253134984564, 0.01701765359805741673, 0.01756653466476498435 ),
 .UNSPECIFIED. ) ;
#497 = EDGE_CURVE ( 'NONE', #786, #109, #1150, .T. ) ;
#498 = LINE ( 'NONE', #1199, #433 ) ;
#499 = ORIENTED_EDGE ( 'NONE', *, *, #1416, .T. ) ;
#500 = LINE ( 'NONE', #977, #965 ) ;
#501 = DIRECTION ( 'NONE',  ( 0.000000000000000000, 0.000000000000000000, -1.000000000000000000 ) ) ;
#502 = CARTESIAN_POINT ( 'NONE',  ( -29.99999999999999289, 45.00000000000000000, 0.000000000000000000 ) ) ;
#503 = CARTESIAN_POINT ( 'NONE',  ( 2.224757369655828043, 10.70757288470091417, -1.710064390998425221 ) ) ;
#504 = AXIS2_PLACEMENT_3D ( 'NONE', #175, #1220, #50 ) ;
#505 = ORIENTED_EDGE ( 'NONE', *, *, #1390, .T. ) ;
#506 = AXIS2_PLACEMENT_3D ( 'NONE', #432, #1007, #677 ) ;
#507 = CARTESIAN_POINT ( 'NONE',  ( 0.000000000000000000, 45.00000000000000000, 0.000000000000000000 ) ) ;
#508 = DIRECTION ( 'NONE',  ( -2.891205793294682764E-16, 0.000000000000000000, -1.000000000000000000 ) ) ;
#509 = CARTESIAN_POINT ( 'NONE',  ( 0.7297199687045318184, 34.47915528882001013, -2.709501212665256897 ) ) ;
#510 = ADVANCED_FACE ( 'NONE', ( #1292 ), #1271, .T. ) ;
#511 = DIRECTION ( 'NONE',  ( -0.000000000000000000, -1.000000000000000000, -0.000000000000000000 ) ) ;
#512 = AXIS2_PLACEMENT_3D ( 'NONE', #834, #501, #841 ) ;
#513 = ADVANCED_FACE ( 'NONE', ( #578 ), #110, .F. ) ;
#514 = CARTESIAN_POINT ( 'NONE',  ( 2.782017652818133957, 10.82687915388339128, -0.3666023023940995773 ) ) ;
#515 = ORIENTED_EDGE ( 'NONE', *, *, #403, .T. ) ;
#516 = DIRECTION ( 'NONE',  ( -5.981805089575199895E-17, 0.000000000000000000, -1.000000000000000000 ) ) ;
#517 = FACE_OUTER_BOUND ( 'NONE', #1051, .T. ) ;
#518 = EDGE_LOOP ( 'NONE', ( #80, #267, #571, #330 ) ) ;
#519 = LINE ( 'NONE', #776, #828 ) ;
#520 = LINE ( 'NONE', #837, #1297 ) ;
#521 = ORIENTED_EDGE ( 'NONE', *, *, #869, .T. ) ;
#522 = DIRECTION ( 'NONE',  ( 1.433655765270088848E-16, -1.000000000000000000, 0.000000000000000000 ) ) ;
#523 = DIRECTION ( 'NONE',  ( 0.000000000000000000, 1.000000000000000000, -0.000000000000000000 ) ) ;
#524 = EDGE_LOOP ( 'NONE', ( #1173, #166, #811, #542 ) ) ;
#525 = CARTESIAN_POINT ( 'NONE',  ( 2.428360310250334386, 34.25217924733661334, 1.405777998130751882 ) ) ;
#526 = CARTESIAN_POINT ( 'NONE',  ( 4.481368979606749360E-16, 45.00000000000000000, 4.649999999999993250 ) ) ;
#527 = EDGE_LOOP ( 'NONE', ( #1364, #1473, #905, #247 ) ) ;
#528 = AXIS2_PLACEMENT_3D ( 'NONE', #1455, #86, #543 ) ;
#529 = DIRECTION ( 'NONE',  ( 1.000000000000000000, 0.000000000000000000, -9.637352644315602638E-17 ) ) ;
#530 = DIRECTION ( 'NONE',  ( 2.990902544787598715E-17, 0.000000000000000000, -1.000000000000000000 ) ) ;
#531 = AXIS2_PLACEMENT_3D ( 'NONE', #1273, #468, #88 ) ;
#532 = EDGE_CURVE ( 'NONE', #1365, #1484, #6, .T. ) ;
#533 = CYLINDRICAL_SURFACE ( 'NONE', #1043, 1.000000000000000000 ) ;
#534 = AXIS2_PLACEMENT_3D ( 'NONE', #1089, #1444, #1109 ) ;
#535 = AXIS2_PLACEMENT_3D ( 'NONE', #448, #334, #1031 ) ;
#536 = CARTESIAN_POINT ( 'NONE',  ( 9.481161066976689227E-16, 22.50000000000000000, -15.15000000000000391 ) ) ;
#537 = ORIENTED_EDGE ( 'NONE', *, *, #190, .F. ) ;
#538 = ORIENTED_EDGE ( 'NONE', *, *, #1261, .T. ) ;
#539 = LINE ( 'NONE', #1133, #1381 ) ;
#540 = DIRECTION ( 'NONE',  ( -1.000000000000000000, 0.000000000000000000, 0.000000000000000000 ) ) ;
#541 = CARTESIAN_POINT ( 'NONE',  ( 2.656413391205138641, 34.20250474760764803, -0.9038354552990121027 ) ) ;
#542 = ORIENTED_EDGE ( 'NONE', *, *, #306, .F. ) ;
#543 = DIRECTION ( 'NONE',  ( -1.000000000000000000, 0.000000000000000000, 0.000000000000000000 ) ) ;
#544 = CARTESIAN_POINT ( 'NONE',  ( -2.799859546406317623, 10.83120458054042956, 0.3705461139975704254 ) ) ;
#545 = DIRECTION ( 'NONE',  ( -0.000000000000000000, -0.000000000000000000, 1.000000000000000000 ) ) ;
#546 = LINE ( 'NONE', #991, #1061 ) ;
#547 = CARTESIAN_POINT ( 'NONE',  ( 13.10000000000000142, 34.60000000000000142, 13.74999999999999467 ) ) ;
#548 = VERTEX_POINT ( 'NONE', #1030 ) ;
#549 = ORIENTED_EDGE ( 'NONE', *, *, #276, .F. ) ;
#550 = CARTESIAN_POINT ( 'NONE',  ( -9.599999999999994316, 6.900000000000003020, 13.74999999999999467 ) ) ;
#551 = EDGE_CURVE ( 'NONE', #1194, #548, #947, .T. ) ;
#552 = FACE_OUTER_BOUND ( 'NONE', #1426, .T. ) ;
#553 = PRODUCT_DEFINITION_FORMATION_WITH_SPECIFIED_SOURCE ( 'ANY', '', #940, .NOT_KNOWN. ) ;
#554 = LINE ( 'NONE', #213, #653 ) ;
#555 = CARTESIAN_POINT ( 'NONE',  ( 3.429011037612588290E-16, 0.000000000000000000, 2.799999999999999822 ) ) ;
#556 = CARTESIAN_POINT ( 'NONE',  ( 2.445336409343677797, 10.75090778435404282, 1.412680742383821686 ) ) ;
#557 = EDGE_CURVE ( 'NONE', #1450, #1123, #479, .T. ) ;
#558 = AXIS2_PLACEMENT_3D ( 'NONE', #1326, #172, #1193 ) ;
#559 = EDGE_CURVE ( 'NONE', #874, #786, #1088, .T. ) ;
#560 = ORIENTED_EDGE ( 'NONE', *, *, #770, .F. ) ;
#561 = AXIS2_PLACEMENT_3D ( 'NONE', #922, #363, #600 ) ;
#562 = CARTESIAN_POINT ( 'NONE',  ( -2.445336409343676909, 34.24909221564595896, 1.412680742383825239 ) ) ;
#563 = VECTOR ( 'NONE', #1210, 1000.000000000000000 ) ;
#564 = ADVANCED_FACE ( 'NONE', ( #343 ), #1037, .T. ) ;
#565 = CARTESIAN_POINT ( 'NONE',  ( 28.99999999999999645, 45.00000000000000000, 14.84999999999999432 ) ) ;
#566 = EDGE_CURVE ( 'NONE', #923, #454, #246, .T. ) ;
#567 = LINE ( 'NONE', #221, #1298 ) ;
#568 = FACE_BOUND ( 'NONE', #1226, .T. ) ;
#569 = ORIENTED_EDGE ( 'NONE', *, *, #28, .T. ) ;
#570 = ORIENTED_EDGE ( 'NONE', *, *, #497, .F. ) ;
#571 = ORIENTED_EDGE ( 'NONE', *, *, #159, .T. ) ;
#572 = FACE_OUTER_BOUND ( 'NONE', #1327, .T. ) ;
#573 = LINE ( 'NONE', #3, #1386 ) ;
#574 = CARTESIAN_POINT ( 'NONE',  ( -28.99999999999998934, 0.000000000000000000, 15.84999999999999609 ) ) ;
#575 = ORIENTED_EDGE ( 'NONE', *, *, #1419, .F. ) ;
#576 = VERTEX_POINT ( 'NONE', #10 ) ;
#577 = ORIENTED_EDGE ( 'NONE', *, *, #1049, .F. ) ;
#578 = FACE_OUTER_BOUND ( 'NONE', #808, .T. ) ;
#579 = ORIENTED_EDGE ( 'NONE', *, *, #477, .F. ) ;
#580 = CARTESIAN_POINT ( 'NONE',  ( -0.9078639843836573409, 10.53319666926056186, -2.655008532357033157 ) ) ;
#581 = EDGE_CURVE ( 'NONE', #1375, #331, #349, .T. ) ;
#582 = LINE ( 'NONE', #1042, #1243 ) ;
#583 = CIRCLE ( 'NONE', #821, 3.500000000000002220 ) ;
#584 = CIRCLE ( 'NONE', #1431, 0.9999999999999991118 ) ;
#585 = ORIENTED_EDGE ( 'NONE', *, *, #411, .T. ) ;
#586 = CIRCLE ( 'NONE', #314, 1.000000000000000000 ) ;
#587 = ORIENTED_EDGE ( 'NONE', *, *, #399, .F. ) ;
#588 = CARTESIAN_POINT ( 'NONE',  ( 0.000000000000000000, 45.00000000000000000, -2.799999999999999822 ) ) ;
#589 = LINE ( 'NONE', #1287, #1339 ) ;
#590 = CYLINDRICAL_SURFACE ( 'NONE', #1086, 2.799999999999999822 ) ;
#591 = CARTESIAN_POINT ( 'NONE',  ( -9.599999999999994316, 10.40000000000000213, 13.74999999999999467 ) ) ;
#592 = EDGE_CURVE ( 'NONE', #271, #1045, #1299, .T. ) ;
#593 = DIRECTION ( 'NONE',  ( -0.000000000000000000, -1.000000000000000000, -0.000000000000000000 ) ) ;
#594 = ORIENTED_EDGE ( 'NONE', *, *, #1212, .F. ) ;
#595 = ORIENTED_EDGE ( 'NONE', *, *, #993, .T. ) ;
#596 = CARTESIAN_POINT ( 'NONE',  ( 9.500000000000001776, 10.50000000000000178, 13.74999999999999112 ) ) ;
#597 = CARTESIAN_POINT ( 'NONE',  ( 30.00000000000000000, 0.000000000000000000, -14.15000000000000213 ) ) ;
#598 = CARTESIAN_POINT ( 'NONE',  ( -9.599999999999994316, 10.40000000000000213, 13.74999999999999467 ) ) ;
#599 = ORIENTED_EDGE ( 'NONE', *, *, #716, .F. ) ;
#600 = DIRECTION ( 'NONE',  ( 0.000000000000000000, 0.000000000000000000, 1.000000000000000000 ) ) ;
#601 = ORIENTED_EDGE ( 'NONE', *, *, #770, .T. ) ;
#602 = DIRECTION ( 'NONE',  ( -0.000000000000000000, -1.000000000000000000, -0.000000000000000000 ) ) ;
#603 = FACE_OUTER_BOUND ( 'NONE', #347, .T. ) ;
#604 = LINE ( 'NONE', #843, #1475 ) ;
#605 = EDGE_LOOP ( 'NONE', ( #364, #145, #1009, #627 ) ) ;
#606 = LINE ( 'NONE', #1177, #1407 ) ;
#607 = VECTOR ( 'NONE', #511, 1000.000000000000000 ) ;
#608 = EDGE_CURVE ( 'NONE', #1163, #109, #962, .T. ) ;
#609 = LINE ( 'NONE', #846, #950 ) ;
#610 = EDGE_CURVE ( 'NONE', #8, #923, #304, .T. ) ;
#611 = CARTESIAN_POINT ( 'NONE',  ( -9.500000000000000000, 34.50000000000000000, -15.15000000000000391 ) ) ;
#612 = EDGE_LOOP ( 'NONE', ( #814, #461, #478, #729 ) ) ;
#613 = DIRECTION ( 'NONE',  ( 0.000000000000000000, 1.000000000000000000, -0.000000000000000000 ) ) ;
#614 = ORIENTED_EDGE ( 'NONE', *, *, #679, .T. ) ;
#615 = DIRECTION ( 'NONE',  ( 0.000000000000000000, 0.000000000000000000, 1.000000000000000000 ) ) ;
#616 = EDGE_CURVE ( 'NONE', #296, #180, #1480, .T. ) ;
#617 = CYLINDRICAL_SURFACE ( 'NONE', #1362, 12.00000000000000000 ) ;
#618 = DIRECTION ( 'NONE',  ( -1.000000000000000000, 0.000000000000000000, 0.000000000000000000 ) ) ;
#619 = CARTESIAN_POINT ( 'NONE',  ( 1.404551029999261180, 10.58149667376300052, -2.429125907010366348 ) ) ;
#620 = ORIENTED_EDGE ( 'NONE', *, *, #716, .T. ) ;
#621 = LINE ( 'NONE', #1201, #676 ) ;
#622 = CYLINDRICAL_SURFACE ( 'NONE', #1432, 3.499999999999999556 ) ;
#623 = EDGE_CURVE ( 'NONE', #1258, #1188, #519, .T. ) ;
#624 = CARTESIAN_POINT ( 'NONE',  ( 1.405404589161566520, 34.41841395045830154, -2.428717285892591615 ) ) ;
#625 = CARTESIAN_POINT ( 'NONE',  ( 2.709888876732604590, 10.80992408987885511, -0.7283692363583681439 ) ) ;
#626 =( GEOMETRIC_REPRESENTATION_CONTEXT ( 3 ) GLOBAL_UNCERTAINTY_ASSIGNED_CONTEXT ( ( #475 ) ) GLOBAL_UNIT_ASSIGNED_CONTEXT ( ( #868, #417, #1116 ) ) REPRESENTATION_CONTEXT ( 'NONE', 'WORKASPACE' ) );
#627 = ORIENTED_EDGE ( 'NONE', *, *, #284, .T. ) ;
#628 = PLANE ( 'NONE',  #283 ) ;
#629 = VECTOR ( 'NONE', #1187, 1000.000000000000000 ) ;
#630 = CARTESIAN_POINT ( 'NONE',  ( 20.00000000000000000, 45.00000000000000000, -1.613696256722612579E-14 ) ) ;
#631 = VECTOR ( 'NONE', #1373, 1000.000000000000000 ) ;
#632 = AXIS2_PLACEMENT_3D ( 'NONE', #879, #642, #1104 ) ;
#633 = EDGE_CURVE ( 'NONE', #1382, #1375, #291, .T. ) ;
#634 = CARTESIAN_POINT ( 'NONE',  ( 2.225872716212895508, 34.29220681251594272, 1.708401658757866759 ) ) ;
#635 = AXIS2_PLACEMENT_3D ( 'NONE', #951, #933, #126 ) ;
#636 = DIRECTION ( 'NONE',  ( -0.000000000000000000, -0.000000000000000000, 1.000000000000000000 ) ) ;
#637 = ORIENTED_EDGE ( 'NONE', *, *, #135, .F. ) ;
#638 = PLANE ( 'NONE',  #504 ) ;
#639 = LINE ( 'NONE', #1231, #367 ) ;
#640 = DIRECTION ( 'NONE',  ( 2.990902544787598715E-17, 0.000000000000000000, -1.000000000000000000 ) ) ;
#641 = ORIENTED_EDGE ( 'NONE', *, *, #393, .F. ) ;
#642 = DIRECTION ( 'NONE',  ( -0.000000000000000000, -1.000000000000000000, -0.000000000000000000 ) ) ;
#643 = CARTESIAN_POINT ( 'NONE',  ( -9.500000000000000000, 34.50000000000000000, 13.74999999999999112 ) ) ;
#644 = ORIENTED_EDGE ( 'NONE', *, *, #365, .F. ) ;
#645 = ORIENTED_EDGE ( 'NONE', *, *, #616, .F. ) ;
#646 = CARTESIAN_POINT ( 'NONE',  ( 30.00000000000000000, 0.000000000000000000, 5.649999999999995026 ) ) ;
#647 = CARTESIAN_POINT ( 'NONE',  ( -2.429436267483271461, 34.25196673096532862, -1.404174133587313911 ) ) ;
#648 = DIRECTION ( 'NONE',  ( -0.000000000000000000, -0.000000000000000000, 1.000000000000000000 ) ) ;
#649 = FACE_OUTER_BOUND ( 'NONE', #867, .T. ) ;
#650 = ORIENTED_EDGE ( 'NONE', *, *, #764, .T. ) ;
#651 = ORIENTED_EDGE ( 'NONE', *, *, #396, .T. ) ;
#652 = CARTESIAN_POINT ( 'NONE',  ( 0.000000000000000000, 34.50000000000000000, -2.799999999999999822 ) ) ;
#653 = VECTOR ( 'NONE', #692, 1000.000000000000000 ) ;
#654 = DIRECTION ( 'NONE',  ( -1.000000000000000000, 0.000000000000000000, 5.981805089575199895E-17 ) ) ;
#655 = VECTOR ( 'NONE', #654, 1000.000000000000000 ) ;
#656 = DIRECTION ( 'NONE',  ( -1.000000000000000000, 0.000000000000000000, 0.000000000000000000 ) ) ;
#657 = ORIENTED_EDGE ( 'NONE', *, *, #610, .T. ) ;
#658 = DIRECTION ( 'NONE',  ( 0.000000000000000000, 1.000000000000000000, -0.000000000000000000 ) ) ;
#659 = CARTESIAN_POINT ( 'NONE',  ( -2.226606609659292690, 10.70792594990969882, -1.707595100285364653 ) ) ;
#660 = LINE ( 'NONE', #1371, #122 ) ;
#661 = CARTESIAN_POINT ( 'NONE',  ( 2.656778420866861889, 10.79757555315695505, 0.9029743524082892714 ) ) ;
#662 = ORIENTED_EDGE ( 'NONE', *, *, #351, .T. ) ;
#663 = DIRECTION ( 'NONE',  ( -0.000000000000000000, -1.000000000000000000, -0.000000000000000000 ) ) ;
#664 = CARTESIAN_POINT ( 'NONE',  ( -0.3686976961810936593, 10.50430432716714080, -2.781717106930788663 ) ) ;
#665 = ADVANCED_FACE ( 'NONE', ( #649, #1081 ), #161, .F. ) ;
#666 = FACE_BOUND ( 'NONE', #688, .T. ) ;
#667 = EDGE_CURVE ( 'NONE', #1438, #670, #285, .T. ) ;
#668 = CARTESIAN_POINT ( 'NONE',  ( 0.9039796409490133966, 10.53289321100467646, 2.656376682023783076 ) ) ;
#669 = VERTEX_POINT ( 'NONE', #1224 ) ;
#670 = VERTEX_POINT ( 'NONE', #994 ) ;
#671 = ADVANCED_FACE ( 'NONE', ( #420 ), #178, .T. ) ;
#672 = ORIENTED_EDGE ( 'NONE', *, *, #690, .T. ) ;
#673 = CARTESIAN_POINT ( 'NONE',  ( -2.709888876732606366, 34.19007591012115199, -0.7283692363583664786 ) ) ;
#674 = VECTOR ( 'NONE', #429, 1000.000000000000000 ) ;
#675 = CARTESIAN_POINT ( 'NONE',  ( -0.1856424575563684898, 10.50000000000000355, -2.800000000000000266 ) ) ;
#676 = VECTOR ( 'NONE', #734, 1000.000000000000000 ) ;
#677 = DIRECTION ( 'NONE',  ( -1.000000000000000000, 0.000000000000000000, 9.637352644315603871E-17 ) ) ;
#678 = PRESENTATION_LAYER_ASSIGNMENT (  '', '', ( #487 ) ) ;
#679 = EDGE_CURVE ( 'NONE', #880, #938, #681, .T. ) ;
#680 = ORIENTED_EDGE ( 'NONE', *, *, #1398, .T. ) ;
#681 = CIRCLE ( 'NONE', #35, 1.000000000000000000 ) ;
#682 = ORIENTED_EDGE ( 'NONE', *, *, #450, .T. ) ;
#683 = DIRECTION ( 'NONE',  ( 0.000000000000000000, 0.000000000000000000, -1.000000000000000000 ) ) ;
#684 = CARTESIAN_POINT ( 'NONE',  ( 9.481161066976689227E-16, 22.50000000000000000, 13.74999999999999112 ) ) ;
#685 = CARTESIAN_POINT ( 'NONE',  ( -28.99999999999998934, 0.000000000000000000, 14.84999999999999432 ) ) ;
#686 = FACE_OUTER_BOUND ( 'NONE', #1286, .T. ) ;
#687 = ORIENTED_EDGE ( 'NONE', *, *, #1146, .T. ) ;
#688 = EDGE_LOOP ( 'NONE', ( #342, #898 ) ) ;
#689 = CARTESIAN_POINT ( 'NONE',  ( 28.99999999999999645, 45.00000000000000000, -4.950000000000003730 ) ) ;
#690 = EDGE_CURVE ( 'NONE', #717, #463, #871, .T. ) ;
#691 = CARTESIAN_POINT ( 'NONE',  ( -1.711036006537615783, 10.62161168600523986, -2.224002135422014970 ) ) ;
#692 = DIRECTION ( 'NONE',  ( 1.000000000000000000, 0.000000000000000000, -5.981805089575198662E-17 ) ) ;
#693 = EDGE_LOOP ( 'NONE', ( #644, #99, #694, #61 ) ) ;
#694 = ORIENTED_EDGE ( 'NONE', *, *, #1344, .T. ) ;
#695 = DIRECTION ( 'NONE',  ( -0.000000000000000000, -1.000000000000000000, -0.000000000000000000 ) ) ;
#696 = EDGE_CURVE ( 'NONE', #1382, #1137, #83, .T. ) ;
#697 = DIRECTION ( 'NONE',  ( 0.000000000000000000, 0.000000000000000000, 1.000000000000000000 ) ) ;
#698 = DIRECTION ( 'NONE',  ( -0.000000000000000000, -0.000000000000000000, 1.000000000000000000 ) ) ;
#699 = CIRCLE ( 'NONE', #409, 3.500000000000001332 ) ;
#700 = LINE ( 'NONE', #1172, #1065 ) ;
#701 = VECTOR ( 'NONE', #143, 1000.000000000000000 ) ;
#702 = EDGE_LOOP ( 'NONE', ( #771, #1394, #350, #981 ) ) ;
#703 = ORIENTED_EDGE ( 'NONE', *, *, #179, .F. ) ;
#704 = CARTESIAN_POINT ( 'NONE',  ( 28.99999999999999645, 0.000000000000000000, 14.84999999999999432 ) ) ;
#705 = DIRECTION ( 'NONE',  ( 0.000000000000000000, 0.000000000000000000, -1.000000000000000000 ) ) ;
#706 = CIRCLE ( 'NONE', #106, 2.799999999999999822 ) ;
#707 = CARTESIAN_POINT ( 'NONE',  ( 0.000000000000000000, 45.00000000000000000, 0.000000000000000000 ) ) ;
#708 = CARTESIAN_POINT ( 'NONE',  ( -28.99999999999998934, 0.000000000000000000, -15.15000000000000568 ) ) ;
#709 = LINE ( 'NONE', #136, #970 ) ;
#710 = EDGE_LOOP ( 'NONE', ( #587, #410 ) ) ;
#711 = ADVANCED_FACE ( 'NONE', ( #354 ), #1160, .F. ) ;
#712 = CARTESIAN_POINT ( 'NONE',  ( 30.00000000000000000, 45.00000000000000000, 5.649999999999995026 ) ) ;
#713 = ORIENTED_EDGE ( 'NONE', *, *, #32, .T. ) ;
#714 = LINE ( 'NONE', #839, #796 ) ;
#715 = DIRECTION ( 'NONE',  ( -0.000000000000000000, -0.000000000000000000, 1.000000000000000000 ) ) ;
#716 = EDGE_CURVE ( 'NONE', #1351, #1365, #1361, .T. ) ;
#717 = VERTEX_POINT ( 'NONE', #222 ) ;
#718 = CARTESIAN_POINT ( 'NONE',  ( 0.000000000000000000, 45.00000000000000000, -2.799999999999999822 ) ) ;
#719 = ADVANCED_FACE ( 'NONE', ( #1032 ), #199, .F. ) ;
#720 = EDGE_CURVE ( 'NONE', #669, #232, #660, .T. ) ;
#721 = VERTEX_POINT ( 'NONE', #574 ) ;
#722 = CYLINDRICAL_SURFACE ( 'NONE', #147, 2.799999999999999822 ) ;
#723 = FACE_OUTER_BOUND ( 'NONE', #1183, .T. ) ;
#724 = CIRCLE ( 'NONE', #458, 1.000000000000000888 ) ;
#725 = CARTESIAN_POINT ( 'NONE',  ( -9.599999999999996092, 38.10000000000000142, 15.84999999999999609 ) ) ;
#726 = AXIS2_PLACEMENT_3D ( 'NONE', #931, #954, #467 ) ;
#727 = CARTESIAN_POINT ( 'NONE',  ( 20.00000000000000000, 45.00000000000000000, -1.613696256722612579E-14 ) ) ;
#728 = AXIS2_PLACEMENT_3D ( 'NONE', #749, #508, #165 ) ;
#729 = ORIENTED_EDGE ( 'NONE', *, *, #421, .T. ) ;
#730 = DIRECTION ( 'NONE',  ( -0.000000000000000000, -1.000000000000000000, -0.000000000000000000 ) ) ;
#731 = DIRECTION ( 'NONE',  ( 0.000000000000000000, 0.000000000000000000, -1.000000000000000000 ) ) ;
#732 = CARTESIAN_POINT ( 'NONE',  ( 0.9051341919243548473, 10.53297596020096805, -2.656010033398313652 ) ) ;
#733 = VERTEX_POINT ( 'NONE', #1128 ) ;
#734 = DIRECTION ( 'NONE',  ( -0.000000000000000000, -1.000000000000000000, -0.000000000000000000 ) ) ;
#735 = ADVANCED_FACE ( 'NONE', ( #1253 ), #1248, .T. ) ;
#736 = DIRECTION ( 'NONE',  ( 1.000000000000000000, 0.000000000000000000, 0.000000000000000000 ) ) ;
#737 = CARTESIAN_POINT ( 'NONE',  ( 0.000000000000000000, 10.50000000000000178, -2.799999999999999822 ) ) ;
#738 = ORIENTED_EDGE ( 'NONE', *, *, #1140, .T. ) ;
#739 = CARTESIAN_POINT ( 'NONE',  ( -28.99999999999998934, 0.000000000000000000, -4.950000000000003730 ) ) ;
#740 = ADVANCED_FACE ( 'NONE', ( #568, #686, #1469, #666 ), #892, .F. ) ;
#741 = LINE ( 'NONE', #630, #1223 ) ;
#742 = ORIENTED_EDGE ( 'NONE', *, *, #1486, .F. ) ;
#743 = EDGE_CURVE ( 'NONE', #100, #1058, #207, .T. ) ;
#744 = CARTESIAN_POINT ( 'NONE',  ( 2.799859546406317623, 34.16879541945955623, 0.3705461139975678164 ) ) ;
#745 = LINE ( 'NONE', #383, #701 ) ;
#746 = EDGE_LOOP ( 'NONE', ( #1442, #249, #189, #682, #687, #1211, #115, #1465, #1446, #896, #217, #1291, #935, #958, #67, #815, #374, #620, #1399, #191 ) ) ;
#747 = LINE ( 'NONE', #983, #888 ) ;
#748 = CIRCLE ( 'NONE', #1340, 1.650000000000000355 ) ;
#749 = CARTESIAN_POINT ( 'NONE',  ( 1.344410693882026287E-15, 45.00000000000000000, 4.649999999999995914 ) ) ;
#750 = VERTEX_POINT ( 'NONE', #457 ) ;
#751 = VECTOR ( 'NONE', #311, 1000.000000000000000 ) ;
#752 = CARTESIAN_POINT ( 'NONE',  ( -29.99999999999999289, 0.000000000000000000, 0.000000000000000000 ) ) ;
#753 = VECTOR ( 'NONE', #186, 1000.000000000000000 ) ;
#754 = ORIENTED_EDGE ( 'NONE', *, *, #306, .T. ) ;
#755 = LINE ( 'NONE', #158, #483 ) ;
#756 = CARTESIAN_POINT ( 'NONE',  ( -1.708975810594463018, 34.37866621918102084, 2.225441070854471182 ) ) ;
#757 = DIRECTION ( 'NONE',  ( 0.000000000000000000, 0.000000000000000000, 1.000000000000000000 ) ) ;
#758 = DIRECTION ( 'NONE',  ( 0.000000000000000000, -0.000000000000000000, -1.000000000000000000 ) ) ;
#759 = ORIENTED_EDGE ( 'NONE', *, *, #4, .T. ) ;
#760 = CARTESIAN_POINT ( 'NONE',  ( 9.500000000000001776, 10.50000000000000178, -15.15000000000000391 ) ) ;
#761 = DIRECTION ( 'NONE',  ( 5.981805089575199895E-17, -0.000000000000000000, 1.000000000000000000 ) ) ;
#762 = EDGE_LOOP ( 'NONE', ( #223, #672, #499, #515 ) ) ;
#763 = DIRECTION ( 'NONE',  ( -0.000000000000000000, -1.000000000000000000, -0.000000000000000000 ) ) ;
#764 = EDGE_CURVE ( 'NONE', #721, #271, #554, .T. ) ;
#765 = LINE ( 'NONE', #1466, #674 ) ;
#766 = DIRECTION ( 'NONE',  ( 0.000000000000000000, 0.000000000000000000, -1.000000000000000000 ) ) ;
#767 = DIRECTION ( 'NONE',  ( -0.000000000000000000, -1.000000000000000000, 0.000000000000000000 ) ) ;
#768 = DIRECTION ( 'NONE',  ( 0.000000000000000000, 0.000000000000000000, -1.000000000000000000 ) ) ;
#769 = EDGE_LOOP ( 'NONE', ( #405, #177, #807, #471 ) ) ;
#770 = EDGE_CURVE ( 'NONE', #818, #1058, #440, .T. ) ;
#771 = ORIENTED_EDGE ( 'NONE', *, *, #1313, .T. ) ;
#772 = CARTESIAN_POINT ( 'NONE',  ( -2.709884585524259037, 34.19007639263428189, 0.7281130845504403259 ) ) ;
#773 = VECTOR ( 'NONE', #1015, 1000.000000000000000 ) ;
#774 = DIRECTION ( 'NONE',  ( 0.000000000000000000, 0.000000000000000000, -1.000000000000000000 ) ) ;
#775 = CIRCLE ( 'NONE', #917, 12.00000000000000000 ) ;
#776 = CARTESIAN_POINT ( 'NONE',  ( 0.000000000000000000, 45.00000000000000000, -3.950000000000003730 ) ) ;
#777 = CARTESIAN_POINT ( 'NONE',  ( 1.242172481693485597, 10.56325707673187608, 2.516053217595653813 ) ) ;
#778 = CARTESIAN_POINT ( 'NONE',  ( 9.600000000000006750, 10.40000000000000213, 15.84999999999999609 ) ) ;
#779 = ORIENTED_EDGE ( 'NONE', *, *, #934, .T. ) ;
#780 =( NAMED_UNIT ( * ) SI_UNIT ( $, .STERADIAN. ) SOLID_ANGLE_UNIT ( ) );
#781 = EDGE_CURVE ( 'NONE', #486, #1290, #1481, .T. ) ;
#782 = DIRECTION ( 'NONE',  ( 1.000000000000000000, 0.000000000000000000, 0.000000000000000000 ) ) ;
#783 = DIRECTION ( 'NONE',  ( -0.000000000000000000, -1.000000000000000000, -0.000000000000000000 ) ) ;
#784 = LINE ( 'NONE', #1483, #823 ) ;
#785 = EDGE_LOOP ( 'NONE', ( #173, #372 ) ) ;
#786 = VERTEX_POINT ( 'NONE', #112 ) ;
#787 = CARTESIAN_POINT ( 'NONE',  ( -2.799924751319733396, 34.16877977309102477, -0.1844828740395338673 ) ) ;
#788 = CARTESIAN_POINT ( 'NONE',  ( -2.514602783625287330, 10.76620173854271556, 1.245278656466831224 ) ) ;
#789 = LINE ( 'NONE', #1262, #1114 ) ;
#790 = CARTESIAN_POINT ( 'NONE',  ( 3.428997070752305131E-16, 10.49999999999999822, 2.799999999999999822 ) ) ;
#791 = LINE ( 'NONE', #401, #825 ) ;
#792 = ORIENTED_EDGE ( 'NONE', *, *, #720, .F. ) ;
#793 = CARTESIAN_POINT ( 'NONE',  ( -28.99999999999998934, 45.00000000000000000, 15.84999999999999609 ) ) ;
#794 = AXIS2_PLACEMENT_3D ( 'NONE', #689, #1385, #218 ) ;
#795 = LINE ( 'NONE', #1272, #1170 ) ;
#796 = VECTOR ( 'NONE', #1424, 1000.000000000000000 ) ;
#797 = CARTESIAN_POINT ( 'NONE',  ( 0.000000000000000000, 45.00000000000000000, -3.950000000000003730 ) ) ;
#798 = EDGE_CURVE ( 'NONE', #904, #800, #789, .T. ) ;
#799 = AXIS2_PLACEMENT_3D ( 'NONE', #611, #1071, #618 ) ;
#800 = VERTEX_POINT ( 'NONE', #1488 ) ;
#801 = ORIENTED_EDGE ( 'NONE', *, *, #1344, .F. ) ;
#802 = ORIENTED_EDGE ( 'NONE', *, *, #258, .F. ) ;
#803 = CARTESIAN_POINT ( 'NONE',  ( -28.99999999999998934, 45.00000000000000000, -4.950000000000003730 ) ) ;
#804 = CARTESIAN_POINT ( 'NONE',  ( -19.99999999999998934, 45.00000000000000000, 4.649999999999995026 ) ) ;
#805 = CARTESIAN_POINT ( 'NONE',  ( -9.599999999999994316, 10.40000000000000213, 13.74999999999999467 ) ) ;
#806 = LINE ( 'NONE', #1161, #55 ) ;
#807 = ORIENTED_EDGE ( 'NONE', *, *, #1410, .F. ) ;
#808 = EDGE_LOOP ( 'NONE', ( #493, #323, #150, #1010 ) ) ;
#809 = CARTESIAN_POINT ( 'NONE',  ( 12.00000000000000178, 22.50000000000000000, -40.15000000000001279 ) ) ;
#810 = APPLICATION_CONTEXT ( 'automotive_design' ) ;
#811 = ORIENTED_EDGE ( 'NONE', *, *, #985, .F. ) ;
#812 = CARTESIAN_POINT ( 'NONE',  ( -19.99999999999999289, 0.000000000000000000, -3.950000000000003730 ) ) ;
#813 = DIRECTION ( 'NONE',  ( -0.000000000000000000, -1.000000000000000000, 0.000000000000000000 ) ) ;
#814 = ORIENTED_EDGE ( 'NONE', *, *, #885, .F. ) ;
#815 = ORIENTED_EDGE ( 'NONE', *, *, #557, .F. ) ;
#816 = VERTEX_POINT ( 'NONE', #916 ) ;
#817 = CARTESIAN_POINT ( 'NONE',  ( -0.7293868501812079685, 34.47917076660793612, 2.709568824877763848 ) ) ;
#818 = VERTEX_POINT ( 'NONE', #1396 ) ;
#819 = DIRECTION ( 'NONE',  ( 5.981805089575199895E-17, -0.000000000000000000, 1.000000000000000000 ) ) ;
#820 = CARTESIAN_POINT ( 'NONE',  ( 11.15000000000000213, 10.50000000000000178, 13.74999999999999112 ) ) ;
#821 = AXIS2_PLACEMENT_3D ( 'NONE', #1059, #39, #1402 ) ;
#822 = CARTESIAN_POINT ( 'NONE',  ( 28.99999999999999645, 45.00000000000000000, 5.649999999999987921 ) ) ;
#823 = VECTOR ( 'NONE', #1464, 1000.000000000000000 ) ;
#824 = EDGE_LOOP ( 'NONE', ( #960, #163, #614, #1157 ) ) ;
#825 = VECTOR ( 'NONE', #757, 1000.000000000000000 ) ;
#826 = VECTOR ( 'NONE', #287, 1000.000000000000000 ) ;
#827 = DIRECTION ( 'NONE',  ( 5.981805089575199895E-17, -0.000000000000000000, 1.000000000000000000 ) ) ;
#828 = VECTOR ( 'NONE', #167, 1000.000000000000000 ) ;
#829 = EDGE_CURVE ( 'NONE', #379, #254, #105, .T. ) ;
#830 = LINE ( 'NONE', #924, #1356 ) ;
#831 = AXIS2_PLACEMENT_3D ( 'NONE', #476, #235, #23 ) ;
#832 = EDGE_CURVE ( 'NONE', #254, #1490, #1384, .T. ) ;
#833 = DIRECTION ( 'NONE',  ( 0.000000000000000000, 0.000000000000000000, -1.000000000000000000 ) ) ;
#834 = CARTESIAN_POINT ( 'NONE',  ( 0.000000000000000000, 45.00000000000000000, -3.950000000000003730 ) ) ;
#835 = EDGE_CURVE ( 'NONE', #435, #733, #345, .T. ) ;
#836 = ORIENTED_EDGE ( 'NONE', *, *, #743, .F. ) ;
#837 = CARTESIAN_POINT ( 'NONE',  ( -29.99999999999999289, 45.00000000000000000, -14.15000000000000213 ) ) ;
#838 = EDGE_LOOP ( 'NONE', ( #332, #196, #1380, #1435 ) ) ;
#839 = CARTESIAN_POINT ( 'NONE',  ( 30.00000000000000000, 0.000000000000000000, 0.000000000000000000 ) ) ;
#840 = FACE_OUTER_BOUND ( 'NONE', #108, .T. ) ;
#841 = DIRECTION ( 'NONE',  ( -1.000000000000000000, 0.000000000000000000, -0.000000000000000000 ) ) ;
#842 = DIRECTION ( 'NONE',  ( -0.000000000000000000, -1.000000000000000000, -0.000000000000000000 ) ) ;
#843 = CARTESIAN_POINT ( 'NONE',  ( 13.10000000000000497, 10.40000000000000568, 13.74999999999999467 ) ) ;
#844 = EDGE_LOOP ( 'NONE', ( #1004, #1303, #322, #585 ) ) ;
#845 = DIRECTION ( 'NONE',  ( 1.000000000000000000, 2.150483647905133642E-16, 0.000000000000000000 ) ) ;
#846 = CARTESIAN_POINT ( 'NONE',  ( -13.09999999999999964, 34.60000000000000142, 13.74999999999999467 ) ) ;
#847 = VECTOR ( 'NONE', #1155, 1000.000000000000000 ) ;
#848 = EDGE_CURVE ( 'NONE', #1258, #486, #582, .T. ) ;
#849 = CARTESIAN_POINT ( 'NONE',  ( 0.3681551680108333113, 10.50430460124774790, -2.781711778750435737 ) ) ;
#850 = VECTOR ( 'NONE', #52, 1000.000000000000000 ) ;
#851 = ORIENTED_EDGE ( 'NONE', *, *, #22, .F. ) ;
#852 = DIRECTION ( 'NONE',  ( -0.000000000000000000, -1.000000000000000000, -0.000000000000000000 ) ) ;
#853 = DIRECTION ( 'NONE',  ( -1.000000000000000000, 0.000000000000000000, 0.000000000000000000 ) ) ;
#854 = CARTESIAN_POINT ( 'NONE',  ( 28.99999999999998934, 0.000000000000000000, 4.649999999999987921 ) ) ;
#855 = ORIENTED_EDGE ( 'NONE', *, *, #581, .T. ) ;
#856 = PLANE ( 'NONE',  #431 ) ;
#857 = LINE ( 'NONE', #1080, #850 ) ;
#858 = CARTESIAN_POINT ( 'NONE',  ( 2.782033444346745821, 34.17311585765564530, -0.3658443998360769167 ) ) ;
#859 = CARTESIAN_POINT ( 'NONE',  ( 2.781698217743303392, 10.82680354153622204, 0.3684808762463436804 ) ) ;
#860 = VERTEX_POINT ( 'NONE', #1062 ) ;
#861 = DIRECTION ( 'NONE',  ( 0.000000000000000000, 0.000000000000000000, 1.000000000000000000 ) ) ;
#862 = CARTESIAN_POINT ( 'NONE',  ( 0.000000000000000000, 45.00000000000000000, -3.950000000000003730 ) ) ;
#863 = VERTEX_POINT ( 'NONE', #708 ) ;
#864 = CARTESIAN_POINT ( 'NONE',  ( 0.3686976961810944919, 34.49569567283287341, -2.781717106930788219 ) ) ;
#865 = AXIS2_PLACEMENT_3D ( 'NONE', #239, #1057, #683 ) ;
#866 = AXIS2_PLACEMENT_3D ( 'NONE', #234, #819, #494 ) ;
#867 = EDGE_LOOP ( 'NONE', ( #650, #1131, #1228, #1038 ) ) ;
#868 =( LENGTH_UNIT ( ) NAMED_UNIT ( * ) SI_UNIT ( .MILLI., .METRE. ) );
#869 = EDGE_CURVE ( 'NONE', #816, #422, #1357, .T. ) ;
#870 = DIRECTION ( 'NONE',  ( 8.068481283613062697E-16, 0.000000000000000000, 1.000000000000000000 ) ) ;
#871 = CIRCLE ( 'NONE', #77, 1.650000000000000355 ) ;
#872 = CARTESIAN_POINT ( 'NONE',  ( 0.1856424575563689339, 34.50000000000000711, -2.800000000000000711 ) ) ;
#873 = EDGE_CURVE ( 'NONE', #1115, #1257, #584, .T. ) ;
#874 = VERTEX_POINT ( 'NONE', #482 ) ;
#875 = ADVANCED_FACE ( 'NONE', ( #1179, #1288 ), #941, .T. ) ;
#876 = ORIENTED_EDGE ( 'NONE', *, *, #1225, .T. ) ;
#877 = DIRECTION ( 'NONE',  ( -0.000000000000000000, -0.000000000000000000, 1.000000000000000000 ) ) ;
#878 = DIRECTION ( 'NONE',  ( -1.000000000000000000, 0.000000000000000000, 0.000000000000000000 ) ) ;
#879 = CARTESIAN_POINT ( 'NONE',  ( -28.99999999999998934, 45.00000000000000000, 14.84999999999999432 ) ) ;
#880 = VERTEX_POINT ( 'NONE', #256 ) ;
#881 = CARTESIAN_POINT ( 'NONE',  ( -1.404551029999261624, 34.41850332623699416, -2.429125907010365459 ) ) ;
#882 = DIRECTION ( 'NONE',  ( -1.000000000000000000, 0.000000000000000000, 0.000000000000000000 ) ) ;
#883 = CARTESIAN_POINT ( 'NONE',  ( 1.711036006537616005, 34.37838831399475481, -2.224002135422014526 ) ) ;
#884 = CARTESIAN_POINT ( 'NONE',  ( 1.406210207615792074, 10.58169968829839824, 2.428118434722666308 ) ) ;
#885 = EDGE_CURVE ( 'NONE', #453, #397, #1305, .T. ) ;
#886 = ORIENTED_EDGE ( 'NONE', *, *, #1472, .F. ) ;
#887 = CARTESIAN_POINT ( 'NONE',  ( -0.7269263603763845838, 34.47930817676749626, -2.710172820017561879 ) ) ;
#888 = VECTOR ( 'NONE', #763, 1000.000000000000000 ) ;
#889 = DIRECTION ( 'NONE',  ( -0.000000000000000000, -1.000000000000000000, -0.000000000000000000 ) ) ;
#890 = CARTESIAN_POINT ( 'NONE',  ( 9.481161066976687255E-16, 6.900000000000003020, 13.74999999999999467 ) ) ;
#891 = CIRCLE ( 'NONE', #242, 2.799999999999999822 ) ;
#892 = PLANE ( 'NONE',  #1040 ) ;
#893 = CIRCLE ( 'NONE', #170, 1.000000000000000888 ) ;
#894 = VECTOR ( 'NONE', #1284, 1000.000000000000000 ) ;
#895 = AXIS2_PLACEMENT_3D ( 'NONE', #972, #640, #540 ) ;
#896 = ORIENTED_EDGE ( 'NONE', *, *, #1041, .F. ) ;
#897 = ADVANCED_FACE ( 'NONE', ( #723 ), #377, .F. ) ;
#898 = ORIENTED_EDGE ( 'NONE', *, *, #1180, .F. ) ;
#899 = FACE_BOUND ( 'NONE', #355, .T. ) ;
#900 = CARTESIAN_POINT ( 'NONE',  ( -9.500000000000000000, 34.50000000000000000, -40.15000000000001279 ) ) ;
#901 = CARTESIAN_POINT ( 'NONE',  ( 0.000000000000000000, 0.000000000000000000, -3.950000000000003730 ) ) ;
#902 = SURFACE_STYLE_USAGE ( .BOTH. , #442 ) ;
#903 = LINE ( 'NONE', #1489, #631 ) ;
#904 = VERTEX_POINT ( 'NONE', #489 ) ;
#905 = ORIENTED_EDGE ( 'NONE', *, *, #1146, .F. ) ;
#906 = CARTESIAN_POINT ( 'NONE',  ( -2.239302772568189770, 34.29215327635063915, 1.720585138659808111 ) ) ;
#907 = CARTESIAN_POINT ( 'NONE',  ( 13.10000000000000497, 10.40000000000000568, 13.74999999999999467 ) ) ;
#908 = DIRECTION ( 'NONE',  ( 1.000000000000000000, 0.000000000000000000, 2.990902544787598715E-17 ) ) ;
#909 = CARTESIAN_POINT ( 'NONE',  ( 28.99999999999999645, 0.000000000000000000, 5.649999999999987921 ) ) ;
#910 = ORIENTED_EDGE ( 'NONE', *, *, #190, .T. ) ;
#911 = ORIENTED_EDGE ( 'NONE', *, *, #873, .T. ) ;
#912 = DIRECTION ( 'NONE',  ( 0.000000000000000000, 1.000000000000000000, -0.000000000000000000 ) ) ;
#913 = AXIS2_PLACEMENT_3D ( 'NONE', #1278, #357, #131 ) ;
#914 = CARTESIAN_POINT ( 'NONE',  ( -2.656413391205139973, 10.79749525239235020, -0.9038354552990093271 ) ) ;
#915 = VECTOR ( 'NONE', #426, 1000.000000000000000 ) ;
#916 = CARTESIAN_POINT ( 'NONE',  ( 29.00000000000000000, 45.00000000000000000, -15.15000000000000391 ) ) ;
#917 = AXIS2_PLACEMENT_3D ( 'NONE', #684, #439, #1134 ) ;
#918 = CARTESIAN_POINT ( 'NONE',  ( 13.10000000000000142, 34.60000000000000142, 13.74999999999999467 ) ) ;
#919 = ADVANCED_FACE ( 'NONE', ( #1403, #18 ), #1055, .F. ) ;
#920 = VERTEX_POINT ( 'NONE', #820 ) ;
#921 = ORIENTED_EDGE ( 'NONE', *, *, #1151, .T. ) ;
#922 = CARTESIAN_POINT ( 'NONE',  ( 28.99999999999999645, 0.000000000000000000, -4.950000000000003730 ) ) ;
#923 = VERTEX_POINT ( 'NONE', #381 ) ;
#924 = CARTESIAN_POINT ( 'NONE',  ( 9.481161066976687255E-16, 45.00000000000000000, 15.84999999999999609 ) ) ;
#925 = DIRECTION ( 'NONE',  ( 1.000000000000000000, 0.000000000000000000, 0.000000000000000000 ) ) ;
#926 = B_SPLINE_CURVE_WITH_KNOTS ( 'NONE', 3,
 ( #652, #1460, #81, #887, #1359, #424, #881, #1230, #447, #317, #437, #647, #308, #1367, #673, #324, #787, #1138, #1024, #772, #102, #562, #906, #1376, #756, #184, #946, #116, #817, #464, #20, #226 ),
 .UNSPECIFIED., .F., .F.,
 ( 4, 2, 2, 2, 2, 2, 2, 2, 2, 2, 2, 2, 2, 2, 2, 4 ),
 ( 0.000000000000000000, 0.0005490273498402442305, 0.001098054699680488461, 0.001647082049520732583, 0.002196109399360976489, 0.002745136749201220177, 0.003294164099041463865, 0.003843191448881707554, 0.004392218798721951242, 0.004941246148562195364, 0.005490273498402439487, 0.006588328198082925996, 0.007137355547923170118, 0.007686382897763414240, 0.008235410247603660097, 0.008784437597443904219 ),
 .UNSPECIFIED. ) ;
#927 = CARTESIAN_POINT ( 'NONE',  ( -28.99999999999998934, 0.000000000000000000, -14.15000000000000213 ) ) ;
#928 = EDGE_LOOP ( 'NONE', ( #1413, #560, #1149, #240, #921, #225, #1147, #362 ) ) ;
#929 = ORIENTED_EDGE ( 'NONE', *, *, #1153, .T. ) ;
#930 = CYLINDRICAL_SURFACE ( 'NONE', #913, 0.9999999999999991118 ) ;
#931 = CARTESIAN_POINT ( 'NONE',  ( -29.99999999999999289, 45.00000000000000000, 0.000000000000000000 ) ) ;
#932 = EDGE_CURVE ( 'NONE', #435, #1058, #318, .T. ) ;
#933 = DIRECTION ( 'NONE',  ( -5.981805089575199895E-17, 0.000000000000000000, -1.000000000000000000 ) ) ;
#934 = EDGE_CURVE ( 'NONE', #1293, #818, #609, .T. ) ;
#935 = ORIENTED_EDGE ( 'NONE', *, *, #1472, .T. ) ;
#936 = CARTESIAN_POINT ( 'NONE',  ( -9.599999999999997868, 34.60000000000000142, 13.74999999999999467 ) ) ;
#937 = ADVANCED_FACE ( 'NONE', ( #603 ), #1430, .F. ) ;
#938 = VERTEX_POINT ( 'NONE', #245 ) ;
#939 = FACE_OUTER_BOUND ( 'NONE', #702, .T. ) ;
#940 = PRODUCT ( 'Neutrik_CenterSupport_NominalFit', 'Neutrik_CenterSupport_NominalFit', '', ( #1335 ) ) ;
#941 = PLANE ( 'NONE',  #1167 ) ;
#942 = AXIS2_PLACEMENT_3D ( 'NONE', #1443, #398, #861 ) ;
#943 = CARTESIAN_POINT ( 'NONE',  ( 30.00000000000000000, 45.00000000000000000, -14.15000000000000213 ) ) ;
#944 = VECTOR ( 'NONE', #1072, 1000.000000000000000 ) ;
#945 = CIRCLE ( 'NONE', #465, 1.000000000000000888 ) ;
#946 = CARTESIAN_POINT ( 'NONE',  ( -1.242172481693484265, 34.43674292326812036, 2.516053217595653813 ) ) ;
#947 = CIRCLE ( 'NONE', #220, 3.499999999999999556 ) ;
#948 = ORIENTED_EDGE ( 'NONE', *, *, #559, .T. ) ;
#949 = CARTESIAN_POINT ( 'NONE',  ( -13.09999999999999964, 45.00000000000000000, 13.74999999999999467 ) ) ;
#950 = VECTOR ( 'NONE', #698, 1000.000000000000000 ) ;
#951 = CARTESIAN_POINT ( 'NONE',  ( -9.599999999999994316, 10.40000000000000213, 15.84999999999999609 ) ) ;
#952 = DIRECTION ( 'NONE',  ( 0.000000000000000000, 0.000000000000000000, 1.000000000000000000 ) ) ;
#953 = ORIENTED_EDGE ( 'NONE', *, *, #24, .T. ) ;
#954 = DIRECTION ( 'NONE',  ( -1.000000000000000000, 0.000000000000000000, 0.000000000000000000 ) ) ;
#955 = CYLINDRICAL_SURFACE ( 'NONE', #168, 2.799999999999999822 ) ;
#956 = CARTESIAN_POINT ( 'NONE',  ( 29.00000000000000000, 45.00000000000000000, -14.15000000000000213 ) ) ;
#957 = ADVANCED_FACE ( 'NONE', ( #141 ), #369, .F. ) ;
#958 = ORIENTED_EDGE ( 'NONE', *, *, #1410, .T. ) ;
#959 = DIRECTION ( 'NONE',  ( -0.000000000000000000, -0.000000000000000000, 1.000000000000000000 ) ) ;
#960 = ORIENTED_EDGE ( 'NONE', *, *, #1363, .F. ) ;
#961 = FACE_OUTER_BOUND ( 'NONE', #1270, .T. ) ;
#962 = B_SPLINE_CURVE_WITH_KNOTS ( 'NONE', 3,
 ( #26, #473, #1401, #394, #298, #1233, #1447, #68, #634, #525, #987, #62, #744, #1452, #858, #1331, #541, #275, #404, #1213, #412, #1343, #883, #624, #187, #1354, #509, #864, #872, #999 ),
 .UNSPECIFIED., .F., .F.,
 ( 4, 2, 2, 2, 2, 2, 2, 2, 2, 2, 2, 2, 2, 2, 4 ),
 ( 0.008784437597443904219, 0.009882199730859044656, 0.01043108079756661401, 0.01097996186427418336, 0.01152884293098175444, 0.01207772399768932206, 0.01317548613110446076, 0.01372436719781202838, 0.01427324826451959600, 0.01482212933122716361, 0.01537101039793473123, 0.01591989146464229885, 0.01646877253134986646, 0.01701765359805743755, 0.01756653466476500169 ),
 .UNSPECIFIED. ) ;
#963 = CARTESIAN_POINT ( 'NONE',  ( 28.99999999999999645, 45.00000000000000000, 15.84999999999999254 ) ) ;
#964 = APPLICATION_CONTEXT ( 'automotive_design' ) ;
#965 = VECTOR ( 'NONE', #1237, 1000.000000000000000 ) ;
#966 = DIRECTION ( 'NONE',  ( 1.000000000000000000, 0.000000000000000000, 0.000000000000000000 ) ) ;
#967 = AXIS2_PLACEMENT_3D ( 'NONE', #909, #1379, #335 ) ;
#968 = CARTESIAN_POINT ( 'NONE',  ( 2.429436267483270573, 10.74803326903467138, -1.404174133587316131 ) ) ;
#969 = ORIENTED_EDGE ( 'NONE', *, *, #1363, .T. ) ;
#970 = VECTOR ( 'NONE', #1186, 1000.000000000000000 ) ;
#971 = FACE_BOUND ( 'NONE', #113, .T. ) ;
#972 = CARTESIAN_POINT ( 'NONE',  ( 9.500000000000001776, 10.50000000000000178, -15.15000000000000391 ) ) ;
#973 = VERTEX_POINT ( 'NONE', #963 ) ;
#974 = DIRECTION ( 'NONE',  ( -1.000000000000000000, 0.000000000000000000, 0.000000000000000000 ) ) ;
#975 = CARTESIAN_POINT ( 'NONE',  ( 2.799924751319733396, 10.83122022690896991, -0.1844828740395356159 ) ) ;
#976 = ORIENTED_EDGE ( 'NONE', *, *, #798, .T. ) ;
#977 = CARTESIAN_POINT ( 'NONE',  ( 30.00000000000000000, 45.00000000000000000, 0.000000000000000000 ) ) ;
#978 = LINE ( 'NONE', #193, #655 ) ;
#979 = CARTESIAN_POINT ( 'NONE',  ( 9.481161066976687255E-16, 45.00000000000000000, 15.84999999999999609 ) ) ;
#980 = EDGE_CURVE ( 'NONE', #1194, #1, #1311, .T. ) ;
#981 = ORIENTED_EDGE ( 'NONE', *, *, #341, .T. ) ;
#982 = ADVANCED_BREP_SHAPE_REPRESENTATION ( 'Neutrik_CenterSupport_NominalFit', ( #376, #534 ), #626 ) ;
#983 = CARTESIAN_POINT ( 'NONE',  ( -19.99999999999999289, 45.00000000000000000, -3.950000000000003730 ) ) ;
#984 = CARTESIAN_POINT ( 'NONE',  ( -29.99999999999999289, 45.00000000000000000, 0.000000000000000000 ) ) ;
#985 = EDGE_CURVE ( 'NONE', #1358, #232, #438, .T. ) ;
#986 = ADVANCED_FACE ( 'NONE', ( #1197, #155 ), #617, .F. ) ;
#987 = CARTESIAN_POINT ( 'NONE',  ( 2.514602783625286442, 34.23379826145728089, 1.245278656466829226 ) ) ;
#988 = CIRCLE ( 'NONE', #1190, 12.00000000000000000 ) ;
#989 = VECTOR ( 'NONE', #529, 1000.000000000000000 ) ;
#990 = ORIENTED_EDGE ( 'NONE', *, *, #227, .T. ) ;
#991 = CARTESIAN_POINT ( 'NONE',  ( 20.00000000000000355, 45.00000000000000000, 4.649999999999989697 ) ) ;
#992 = DIRECTION ( 'NONE',  ( -0.000000000000000000, -1.000000000000000000, -0.000000000000000000 ) ) ;
#993 = EDGE_CURVE ( 'NONE', #416, #100, #371, .T. ) ;
#994 = CARTESIAN_POINT ( 'NONE',  ( -29.99999999999999289, 0.000000000000000000, -4.950000000000003730 ) ) ;
#995 = EDGE_LOOP ( 'NONE', ( #181, #1241, #210, #1174 ) ) ;
#996 = EDGE_LOOP ( 'NONE', ( #802, #261, #252, #1027 ) ) ;
#997 = CARTESIAN_POINT ( 'NONE',  ( 30.00000000000000000, 45.00000000000000000, -14.15000000000000213 ) ) ;
#998 = CARTESIAN_POINT ( 'NONE',  ( 30.00000000000000000, 0.000000000000000000, 14.84999999999999432 ) ) ;
#999 = CARTESIAN_POINT ( 'NONE',  ( 0.000000000000000000, 34.50000000000000000, -2.799999999999999822 ) ) ;
#1000 = EDGE_CURVE ( 'NONE', #232, #1358, #706, .T. ) ;
#1001 = LINE ( 'NONE', #208, #1142 ) ;
#1002 = CARTESIAN_POINT ( 'NONE',  ( 0.000000000000000000, 34.50000000000000000, -2.799999999999999822 ) ) ;
#1003 = ORIENTED_EDGE ( 'NONE', *, *, #74, .T. ) ;
#1004 = ORIENTED_EDGE ( 'NONE', *, *, #1099, .T. ) ;
#1005 = DIRECTION ( 'NONE',  ( 0.000000000000000000, 0.000000000000000000, 1.000000000000000000 ) ) ;
#1006 = DIRECTION ( 'NONE',  ( -0.000000000000000000, -0.000000000000000000, 1.000000000000000000 ) ) ;
#1007 = DIRECTION ( 'NONE',  ( -9.637352644315603871E-17, 0.000000000000000000, -1.000000000000000000 ) ) ;
#1008 = FILL_AREA_STYLE_COLOUR ( '', #1014 ) ;
#1009 = ORIENTED_EDGE ( 'NONE', *, *, #450, .F. ) ;
#1010 = ORIENTED_EDGE ( 'NONE', *, *, #1374, .T. ) ;
#1011 = CARTESIAN_POINT ( 'NONE',  ( 0.000000000000000000, 0.000000000000000000, 0.000000000000000000 ) ) ;
#1012 = CIRCLE ( 'NONE', #1471, 1.000000000000000000 ) ;
#1013 = FACE_OUTER_BOUND ( 'NONE', #1453, .T. ) ;
#1014 = COLOUR_RGB ( '',0.7921568627450980005, 0.8196078431372548767, 0.9333333333333333481 ) ;
#1015 = DIRECTION ( 'NONE',  ( 1.000000000000000000, -0.000000000000000000, 0.000000000000000000 ) ) ;
#1016 = VECTOR ( 'NONE', #188, 1000.000000000000000 ) ;
#1017 = CIRCLE ( 'NONE', #368, 3.499999999999999556 ) ;
#1018 = CARTESIAN_POINT ( 'NONE',  ( 1.849682470556507141, 10.64268100673004014, 2.110070446636350905 ) ) ;
#1019 = AXIS2_PLACEMENT_3D ( 'NONE', #536, #1439, #1093 ) ;
#1020 = CIRCLE ( 'NONE', #895, 1.650000000000000355 ) ;
#1021 = ORIENTED_EDGE ( 'NONE', *, *, #1033, .F. ) ;
#1022 = ORIENTED_EDGE ( 'NONE', *, *, #241, .T. ) ;
#1023 = EDGE_LOOP ( 'NONE', ( #1156, #216, #384, #348 ) ) ;
#1024 = CARTESIAN_POINT ( 'NONE',  ( -2.781698217743303836, 34.17319645846378506, 0.3684808762463455678 ) ) ;
#1025 = CARTESIAN_POINT ( 'NONE',  ( -1.709346369184038705, 10.62137803561055094, 2.225223977674068543 ) ) ;
#1026 = CARTESIAN_POINT ( 'NONE',  ( 1.344410693882026287E-15, 0.000000000000000000, 4.649999999999995914 ) ) ;
#1027 = ORIENTED_EDGE ( 'NONE', *, *, #393, .T. ) ;
#1028 = ORIENTED_EDGE ( 'NONE', *, *, #22, .T. ) ;
#1029 = ORIENTED_EDGE ( 'NONE', *, *, #993, .F. ) ;
#1030 = CARTESIAN_POINT ( 'NONE',  ( 9.600000000000008527, 6.900000000000003020, 13.74999999999999467 ) ) ;
#1031 = DIRECTION ( 'NONE',  ( 1.000000000000000000, 0.000000000000000000, 0.000000000000000000 ) ) ;
#1032 = FACE_OUTER_BOUND ( 'NONE', #693, .T. ) ;
#1033 = EDGE_CURVE ( 'NONE', #180, #296, #1020, .T. ) ;
#1034 = EDGE_CURVE ( 'NONE', #1351, #1450, #741, .T. ) ;
#1035 = VERTEX_POINT ( 'NONE', #1110 ) ;
#1036 = VERTEX_POINT ( 'NONE', #402 ) ;
#1037 = CYLINDRICAL_SURFACE ( 'NONE', #1221, 1.000000000000000000 ) ;
#1038 = ORIENTED_EDGE ( 'NONE', *, *, #358, .T. ) ;
#1039 = CARTESIAN_POINT ( 'NONE',  ( 13.09999999999999964, 45.00000000000000000, 13.74999999999999467 ) ) ;
#1040 = AXIS2_PLACEMENT_3D ( 'NONE', #805, #1280, #5 ) ;
#1041 = EDGE_CURVE ( 'NONE', #1085, #880, #1336, .T. ) ;
#1042 = CARTESIAN_POINT ( 'NONE',  ( -28.99999999999998934, 45.00000000000000000, -3.950000000000003730 ) ) ;
#1043 = AXIS2_PLACEMENT_3D ( 'NONE', #1342, #992, #766 ) ;
#1044 = ORIENTED_EDGE ( 'NONE', *, *, #135, .T. ) ;
#1045 = VERTEX_POINT ( 'NONE', #998 ) ;
#1046 = DIRECTION ( 'NONE',  ( -0.000000000000000000, -1.000000000000000000, -0.000000000000000000 ) ) ;
#1047 = CARTESIAN_POINT ( 'NONE',  ( 11.15000000000000213, 10.50000000000000178, -40.15000000000001279 ) ) ;
#1048 = DIRECTION ( 'NONE',  ( 0.000000000000000000, 0.000000000000000000, 1.000000000000000000 ) ) ;
#1049 = EDGE_CURVE ( 'NONE', #1290, #1474, #1449, .T. ) ;
#1050 = ORIENTED_EDGE ( 'NONE', *, *, #358, .F. ) ;
#1051 = EDGE_LOOP ( 'NONE', ( #657, #703, #599, #651 ) ) ;
#1052 = ORIENTED_EDGE ( 'NONE', *, *, #138, .F. ) ;
#1053 = DIRECTION ( 'NONE',  ( -1.000000000000000000, 0.000000000000000000, 0.000000000000000000 ) ) ;
#1054 = PLANE ( 'NONE',  #726 ) ;
#1055 = CYLINDRICAL_SURFACE ( 'NONE', #831, 12.00000000000000000 ) ;
#1056 = ORIENTED_EDGE ( 'NONE', *, *, #89, .T. ) ;
#1057 = DIRECTION ( 'NONE',  ( 1.000000000000000000, 0.000000000000000000, 0.000000000000000000 ) ) ;
#1058 = VERTEX_POINT ( 'NONE', #66 ) ;
#1059 = CARTESIAN_POINT ( 'NONE',  ( 9.599999999999999645, 34.60000000000000142, 13.74999999999999467 ) ) ;
#1060 = PRODUCT_DEFINITION_CONTEXT ( 'detailed design', #964, 'design' ) ;
#1061 = VECTOR ( 'NONE', #1245, 1000.000000000000000 ) ;
#1062 = CARTESIAN_POINT ( 'NONE',  ( -7.849999999999999645, 34.50000000000000000, 13.74999999999999112 ) ) ;
#1063 = VECTOR ( 'NONE', #1316, 1000.000000000000000 ) ;
#1064 = CARTESIAN_POINT ( 'NONE',  ( -28.99999999999998934, 45.00000000000000000, 5.649999999999995914 ) ) ;
#1065 = VECTOR ( 'NONE', #593, 1000.000000000000000 ) ;
#1066 = FACE_OUTER_BOUND ( 'NONE', #996, .T. ) ;
#1067 = ORIENTED_EDGE ( 'NONE', *, *, #764, .F. ) ;
#1068 = DIRECTION ( 'NONE',  ( -0.000000000000000000, -0.000000000000000000, 1.000000000000000000 ) ) ;
#1069 = ADVANCED_FACE ( 'NONE', ( #1120 ), #533, .T. ) ;
#1070 = CARTESIAN_POINT ( 'NONE',  ( 0.000000000000000000, 0.000000000000000000, 0.000000000000000000 ) ) ;
#1071 = DIRECTION ( 'NONE',  ( 2.990902544787598715E-17, 0.000000000000000000, -1.000000000000000000 ) ) ;
#1072 = DIRECTION ( 'NONE',  ( -0.000000000000000000, -1.000000000000000000, -0.000000000000000000 ) ) ;
#1073 = ORIENTED_EDGE ( 'NONE', *, *, #1261, .F. ) ;
#1074 = CARTESIAN_POINT ( 'NONE',  ( -13.09999999999999964, 45.00000000000000000, 13.74999999999999467 ) ) ;
#1075 = CARTESIAN_POINT ( 'NONE',  ( 9.481161066976689227E-16, 22.50000000000000000, -40.15000000000001279 ) ) ;
#1076 = FACE_OUTER_BOUND ( 'NONE', #605, .T. ) ;
#1077 = CARTESIAN_POINT ( 'NONE',  ( 1.708458983538581499, 10.62125204261994860, -2.225889523212515542 ) ) ;
#1078 = ORIENTED_EDGE ( 'NONE', *, *, #130, .F. ) ;
#1079 = FACE_OUTER_BOUND ( 'NONE', #844, .T. ) ;
#1080 = CARTESIAN_POINT ( 'NONE',  ( 28.99999999999998934, 45.00000000000000000, 4.649999999999987921 ) ) ;
#1081 = FACE_BOUND ( 'NONE', #928, .T. ) ;
#1082 = AXIS2_PLACEMENT_3D ( 'NONE', #507, #852, #44 ) ;
#1083 = CARTESIAN_POINT ( 'NONE',  ( 28.99999999999999645, 0.000000000000000000, 15.84999999999999254 ) ) ;
#1084 = VECTOR ( 'NONE', #205, 1000.000000000000000 ) ;
#1085 = VERTEX_POINT ( 'NONE', #1203 ) ;
#1086 = AXIS2_PLACEMENT_3D ( 'NONE', #707, #1178, #1370 ) ;
#1087 = CARTESIAN_POINT ( 'NONE',  ( 30.00000000000000000, 45.00000000000000000, -4.950000000000003730 ) ) ;
#1088 = CIRCLE ( 'NONE', #171, 2.799999999999999822 ) ;
#1089 = CARTESIAN_POINT ( 'NONE',  ( 0.000000000000000000, 0.000000000000000000, 0.000000000000000000 ) ) ;
#1090 = DIRECTION ( 'NONE',  ( 0.000000000000000000, 0.000000000000000000, 1.000000000000000000 ) ) ;
#1091 = ORIENTED_EDGE ( 'NONE', *, *, #1180, .T. ) ;
#1092 = AXIS2_PLACEMENT_3D ( 'NONE', #1408, #40, #1418 ) ;
#1093 = DIRECTION ( 'NONE',  ( -1.000000000000000000, 0.000000000000000000, 0.000000000000000000 ) ) ;
#1094 = EDGE_CURVE ( 'NONE', #1293, #800, #12, .T. ) ;
#1095 = ADVANCED_FACE ( 'NONE', ( #1349 ), #391, .T. ) ;
#1096 = CARTESIAN_POINT ( 'NONE',  ( 1.243957356216669696, 10.56343841927530036, -2.515199256285175711 ) ) ;
#1097 = ORIENTED_EDGE ( 'NONE', *, *, #1205, .T. ) ;
#1098 = LINE ( 'NONE', #279, #989 ) ;
#1099 = EDGE_CURVE ( 'NONE', #1035, #64, #978, .T. ) ;
#1100 = APPLICATION_PROTOCOL_DEFINITION ( 'draft international standard', 'automotive_design', 1998, #964 ) ;
#1101 = PLANE ( 'NONE',  #1246 ) ;
#1102 = EDGE_LOOP ( 'NONE', ( #1391, #7, #855, #301 ) ) ;
#1103 = DIRECTION ( 'NONE',  ( 5.981805089575199895E-17, -0.000000000000000000, 1.000000000000000000 ) ) ;
#1104 = DIRECTION ( 'NONE',  ( 0.000000000000000000, 0.000000000000000000, -1.000000000000000000 ) ) ;
#1105 = ADVANCED_FACE ( 'NONE', ( #517 ), #176, .F. ) ;
#1106 = ORIENTED_EDGE ( 'NONE', *, *, #1049, .T. ) ;
#1107 = FACE_OUTER_BOUND ( 'NONE', #70, .T. ) ;
#1108 = LINE ( 'NONE', #1352, #27 ) ;
#1109 = DIRECTION ( 'NONE',  ( 1.000000000000000000, 0.000000000000000000, 0.000000000000000000 ) ) ;
#1110 = CARTESIAN_POINT ( 'NONE',  ( 9.599999999999999645, 38.10000000000000142, 15.84999999999999609 ) ) ;
#1111 = DIRECTION ( 'NONE',  ( 0.000000000000000000, 0.000000000000000000, 1.000000000000000000 ) ) ;
#1112 = CARTESIAN_POINT ( 'NONE',  ( 13.10000000000000497, 10.40000000000000568, 15.84999999999999609 ) ) ;
#1113 =( GEOMETRIC_REPRESENTATION_CONTEXT ( 3 ) GLOBAL_UNCERTAINTY_ASSIGNED_CONTEXT ( ( #280 ) ) GLOBAL_UNIT_ASSIGNED_CONTEXT ( ( #1265, #200, #780 ) ) REPRESENTATION_CONTEXT ( 'NONE', 'WORKASPACE' ) );
#1114 = VECTOR ( 'NONE', #1143, 1000.000000000000000 ) ;
#1115 = VERTEX_POINT ( 'NONE', #160 ) ;
#1116 =( NAMED_UNIT ( * ) SI_UNIT ( $, .STERADIAN. ) SOLID_ANGLE_UNIT ( ) );
#1117 = CARTESIAN_POINT ( 'NONE',  ( 20.00000000000000355, 0.000000000000000000, 4.649999999999989697 ) ) ;
#1118 = VECTOR ( 'NONE', #889, 1000.000000000000000 ) ;
#1119 = ADVANCED_FACE ( 'NONE', ( #1456 ), #1101, .F. ) ;
#1120 = FACE_OUTER_BOUND ( 'NONE', #91, .T. ) ;
#1121 = CARTESIAN_POINT ( 'NONE',  ( -9.500000000000000000, 34.50000000000000000, -15.15000000000000391 ) ) ;
#1122 = DIRECTION ( 'NONE',  ( -1.000000000000000000, 0.000000000000000000, 0.000000000000000000 ) ) ;
#1123 = VERTEX_POINT ( 'NONE', #1222 ) ;
#1124 = ORIENTED_EDGE ( 'NONE', *, *, #1235, .F. ) ;
#1125 = CARTESIAN_POINT ( 'NONE',  ( 9.481161066976689227E-16, 22.50000000000000000, -15.15000000000000391 ) ) ;
#1126 = DIRECTION ( 'NONE',  ( -0.000000000000000000, -1.000000000000000000, -0.000000000000000000 ) ) ;
#1127 = ADVANCED_FACE ( 'NONE', ( #1232 ), #622, .F. ) ;
#1128 = CARTESIAN_POINT ( 'NONE',  ( 9.600000000000008527, 6.900000000000003020, 15.84999999999999609 ) ) ;
#1129 = CARTESIAN_POINT ( 'NONE',  ( 0.3690021577959232690, 10.50431849204416324, 2.781655226930304980 ) ) ;
#1130 = DIRECTION ( 'NONE',  ( -0.000000000000000000, -0.000000000000000000, 1.000000000000000000 ) ) ;
#1131 = ORIENTED_EDGE ( 'NONE', *, *, #1264, .F. ) ;
#1132 = ORIENTED_EDGE ( 'NONE', *, *, #1314, .F. ) ;
#1133 = CARTESIAN_POINT ( 'NONE',  ( -29.99999999999999289, 45.00000000000000000, 5.650000000000003020 ) ) ;
#1134 = DIRECTION ( 'NONE',  ( -1.000000000000000000, 0.000000000000000000, 0.000000000000000000 ) ) ;
#1135 = CARTESIAN_POINT ( 'NONE',  ( -13.09999999999999432, 10.40000000000000568, 13.74999999999999467 ) ) ;
#1136 = CARTESIAN_POINT ( 'NONE',  ( 1.708975810594464129, 10.62133378081898449, 2.225441070854471182 ) ) ;
#1137 = VERTEX_POINT ( 'NONE', #419 ) ;
#1138 = CARTESIAN_POINT ( 'NONE',  ( -2.800074779926439383, 34.16874377269341778, 0.1821915768817556625 ) ) ;
#1139 = VECTOR ( 'NONE', #1406, 1000.000000000000000 ) ;
#1140 = EDGE_CURVE ( 'NONE', #1123, #254, #857, .T. ) ;
#1141 = CARTESIAN_POINT ( 'NONE',  ( -1.852636326332243621, 10.64315802695227831, -2.107315745945358199 ) ) ;
#1142 = VECTOR ( 'NONE', #1355, 1000.000000000000000 ) ;
#1143 = DIRECTION ( 'NONE',  ( -1.000000000000000000, 0.000000000000000000, 5.981805089575199895E-17 ) ) ;
#1144 = DIRECTION ( 'NONE',  ( 1.000000000000000000, 0.000000000000000000, -4.034240641806529376E-16 ) ) ;
#1145 = VECTOR ( 'NONE', #1111, 1000.000000000000000 ) ;
#1146 = EDGE_CURVE ( 'NONE', #1459, #1258, #586, .T. ) ;
#1147 = ORIENTED_EDGE ( 'NONE', *, *, #130, .T. ) ;
#1148 = ORIENTED_EDGE ( 'NONE', *, *, #32, .F. ) ;
#1149 = ORIENTED_EDGE ( 'NONE', *, *, #1470, .T. ) ;
#1150 = LINE ( 'NONE', #588, #260 ) ;
#1151 = EDGE_CURVE ( 'NONE', #1035, #576, #1192, .T. ) ;
#1152 = CARTESIAN_POINT ( 'NONE',  ( 3.428997070752305131E-16, 10.49999999999999822, 2.799999999999999822 ) ) ;
#1153 = EDGE_CURVE ( 'NONE', #669, #278, #496, .T. ) ;
#1154 = DIRECTION ( 'NONE',  ( -0.000000000000000000, -1.000000000000000000, 0.000000000000000000 ) ) ;
#1155 = DIRECTION ( 'NONE',  ( 1.000000000000000000, -0.000000000000000000, 0.000000000000000000 ) ) ;
#1156 = ORIENTED_EDGE ( 'NONE', *, *, #832, .F. ) ;
#1157 = ORIENTED_EDGE ( 'NONE', *, *, #138, .T. ) ;
#1158 = DIRECTION ( 'NONE',  ( -1.000000000000000000, 0.000000000000000000, 0.000000000000000000 ) ) ;
#1159 = CARTESIAN_POINT ( 'NONE',  ( -0.3661172057339374120, 10.49999999999999467, 2.800000000000000266 ) ) ;
#1160 = CYLINDRICAL_SURFACE ( 'NONE', #9, 3.500000000000001332 ) ;
#1161 = CARTESIAN_POINT ( 'NONE',  ( -19.99999999999999289, 45.00000000000000000, 8.068481283613053428E-15 ) ) ;
#1162 = ORIENTED_EDGE ( 'NONE', *, *, #551, .F. ) ;
#1163 = VERTEX_POINT ( 'NONE', #1377 ) ;
#1164 = DIRECTION ( 'NONE',  ( -0.000000000000000000, -0.000000000000000000, 1.000000000000000000 ) ) ;
#1165 = CARTESIAN_POINT ( 'NONE',  ( 30.00000000000000000, 45.00000000000000000, 5.649999999999995026 ) ) ;
#1166 = VECTOR ( 'NONE', #1347, 1000.000000000000000 ) ;
#1167 = AXIS2_PLACEMENT_3D ( 'NONE', #1425, #133, #1048 ) ;
#1168 = ADVANCED_FACE ( 'NONE', ( #552 ), #1462, .T. ) ;
#1169 = DIRECTION ( 'NONE',  ( 1.000000000000000000, 0.000000000000000000, 0.000000000000000000 ) ) ;
#1170 = VECTOR ( 'NONE', #219, 1000.000000000000000 ) ;
#1171 = CIRCLE ( 'NONE', #799, 1.650000000000000355 ) ;
#1172 = CARTESIAN_POINT ( 'NONE',  ( 3.429011037612588290E-16, 45.00000000000000000, 2.799999999999999822 ) ) ;
#1173 = ORIENTED_EDGE ( 'NONE', *, *, #1153, .F. ) ;
#1174 = ORIENTED_EDGE ( 'NONE', *, *, #134, .T. ) ;
#1175 = DIRECTION ( 'NONE',  ( 0.000000000000000000, 1.000000000000000000, -0.000000000000000000 ) ) ;
#1176 = ORIENTED_EDGE ( 'NONE', *, *, #873, .F. ) ;
#1177 = CARTESIAN_POINT ( 'NONE',  ( -9.599999999999996092, 38.10000000000000142, 13.74999999999999467 ) ) ;
#1178 = DIRECTION ( 'NONE',  ( -0.000000000000000000, -1.000000000000000000, -0.000000000000000000 ) ) ;
#1179 = FACE_BOUND ( 'NONE', #98, .T. ) ;
#1180 = EDGE_CURVE ( 'NONE', #1137, #331, #775, .T. ) ;
#1181 = ORIENTED_EDGE ( 'NONE', *, *, #351, .F. ) ;
#1182 = CARTESIAN_POINT ( 'NONE',  ( -28.99999999999998934, 0.000000000000000000, -3.950000000000003730 ) ) ;
#1183 = EDGE_LOOP ( 'NONE', ( #85, #238, #595, #466 ) ) ;
#1184 = DIRECTION ( 'NONE',  ( 0.000000000000000000, 0.000000000000000000, 1.000000000000000000 ) ) ;
#1185 = DIRECTION ( 'NONE',  ( -0.000000000000000000, -1.000000000000000000, 0.000000000000000000 ) ) ;
#1186 = DIRECTION ( 'NONE',  ( -0.000000000000000000, -0.000000000000000000, 1.000000000000000000 ) ) ;
#1187 = DIRECTION ( 'NONE',  ( -0.000000000000000000, -1.000000000000000000, -0.000000000000000000 ) ) ;
#1188 = VERTEX_POINT ( 'NONE', #1353 ) ;
#1189 = DIRECTION ( 'NONE',  ( -0.000000000000000000, -1.000000000000000000, -0.000000000000000000 ) ) ;
#1190 = AXIS2_PLACEMENT_3D ( 'NONE', #1125, #530, #203 ) ;
#1191 = CARTESIAN_POINT ( 'NONE',  ( 13.09999999999999964, 45.00000000000000000, 13.74999999999999467 ) ) ;
#1192 = CIRCLE ( 'NONE', #1388, 3.500000000000002220 ) ;
#1193 = DIRECTION ( 'NONE',  ( 0.000000000000000000, 0.000000000000000000, -1.000000000000000000 ) ) ;
#1194 = VERTEX_POINT ( 'NONE', #907 ) ;
#1195 = DIRECTION ( 'NONE',  ( 1.000000000000000000, 0.000000000000000000, -5.981805089575198662E-17 ) ) ;
#1196 = ADVANCED_FACE ( 'NONE', ( #1013 ), #1247, .F. ) ;
#1197 = FACE_BOUND ( 'NONE', #202, .T. ) ;
#1198 = DIRECTION ( 'NONE',  ( 0.000000000000000000, 0.000000000000000000, -1.000000000000000000 ) ) ;
#1199 = CARTESIAN_POINT ( 'NONE',  ( 20.00000000000000000, 0.000000000000000000, -1.613696256722612579E-14 ) ) ;
#1200 = ORIENTED_EDGE ( 'NONE', *, *, #566, .T. ) ;
#1201 = CARTESIAN_POINT ( 'NONE',  ( -28.99999999999998934, 45.00000000000000000, -15.15000000000000568 ) ) ;
#1202 = CARTESIAN_POINT ( 'NONE',  ( 0.000000000000000000, 45.00000000000000000, 0.000000000000000000 ) ) ;
#1203 = CARTESIAN_POINT ( 'NONE',  ( -29.99999999999999289, 45.00000000000000000, 14.84999999999999432 ) ) ;
#1204 = DIRECTION ( 'NONE',  ( -1.000000000000000000, 0.000000000000000000, 0.000000000000000000 ) ) ;
#1205 = EDGE_CURVE ( 'NONE', #1257, #454, #795, .T. ) ;
#1206 = PLANE ( 'NONE',  #286 ) ;
#1207 = EDGE_LOOP ( 'NONE', ( #236, #1148, #315, #305 ) ) ;
#1208 = CARTESIAN_POINT ( 'NONE',  ( 4.531217355353213437E-16, 45.00000000000000000, -15.15000000000000568 ) ) ;
#1209 = ADVANCED_FACE ( 'NONE', ( #1479 ), #87, .F. ) ;
#1210 = DIRECTION ( 'NONE',  ( 0.000000000000000000, 0.000000000000000000, -1.000000000000000000 ) ) ;
#1211 = ORIENTED_EDGE ( 'NONE', *, *, #623, .T. ) ;
#1212 = EDGE_CURVE ( 'NONE', #25, #1474, #1468, .T. ) ;
#1213 = CARTESIAN_POINT ( 'NONE',  ( 2.226606609659292690, 34.29207405009030651, -1.707595100285364875 ) ) ;
#1214 = AXIS2_PLACEMENT_3D ( 'NONE', #375, #480, #697 ) ;
#1215 = CARTESIAN_POINT ( 'NONE',  ( -13.09999999999999432, 10.40000000000000568, 13.74999999999999467 ) ) ;
#1216 = PLANE ( 'NONE',  #1409 ) ;
#1217 = MECHANICAL_DESIGN_GEOMETRIC_PRESENTATION_REPRESENTATION (  '', ( #487 ), #1113 ) ;
#1218 = ORIENTED_EDGE ( 'NONE', *, *, #1486, .T. ) ;
#1219 = VECTOR ( 'NONE', #1130, 1000.000000000000000 ) ;
#1220 = DIRECTION ( 'NONE',  ( 0.000000000000000000, 1.000000000000000000, 0.000000000000000000 ) ) ;
#1221 = AXIS2_PLACEMENT_3D ( 'NONE', #803, #1046, #16 ) ;
#1222 = CARTESIAN_POINT ( 'NONE',  ( 28.99999999999998934, 45.00000000000000000, 4.649999999999987921 ) ) ;
#1223 = VECTOR ( 'NONE', #870, 1000.000000000000000 ) ;
#1224 = CARTESIAN_POINT ( 'NONE',  ( 3.428997070752305131E-16, 10.49999999999999822, 2.799999999999999822 ) ) ;
#1225 = EDGE_CURVE ( 'NONE', #484, #1085, #237, .T. ) ;
#1226 = EDGE_LOOP ( 'NONE', ( #1309, #637 ) ) ;
#1227 = B_SPLINE_CURVE_WITH_KNOTS ( 'NONE', 3,
 ( #737, #1427, #849, #266, #732, #1096, #619, #1077, #63, #48, #503, #968, #1434, #388, #625, #514, #975, #1441, #859, #95, #661, #556, #321, #1018, #1136, #884, #777, #668, #327, #1129, #90, #790 ),
 .UNSPECIFIED., .F., .F.,
 ( 4, 2, 2, 2, 2, 2, 2, 2, 2, 2, 2, 2, 2, 2, 2, 4 ),
 ( 0.000000000000000000, 0.0005490273498402430379, 0.001098054699680486076, 0.001647082049520729114, 0.002196109399360971718, 0.002745136749201215406, 0.003294164099041458661, 0.003843191448881702783, 0.004392218798721946905, 0.004941246148562190160, 0.005490273498402435150, 0.006588328198082922527, 0.007137355547923166649, 0.007686382897763410771, 0.008235410247603654893, 0.008784437597443899015 ),
 .UNSPECIFIED. ) ;
#1228 = ORIENTED_EDGE ( 'NONE', *, *, #1285, .F. ) ;
#1229 = DIRECTION ( 'NONE',  ( -1.000000000000000000, 0.000000000000000000, 0.000000000000000000 ) ) ;
#1230 = CARTESIAN_POINT ( 'NONE',  ( -1.708458983538581499, 34.37874795738004252, -2.225889523212514653 ) ) ;
#1231 = CARTESIAN_POINT ( 'NONE',  ( 28.99999999999999645, 45.00000000000000000, -3.950000000000003730 ) ) ;
#1232 = FACE_OUTER_BOUND ( 'NONE', #436, .T. ) ;
#1233 = CARTESIAN_POINT ( 'NONE',  ( 1.709346369184040038, 34.37862196438944551, 2.225223977674066766 ) ) ;
#1234 = ORIENTED_EDGE ( 'NONE', *, *, #608, .F. ) ;
#1235 = EDGE_CURVE ( 'NONE', #816, #1115, #573, .T. ) ;
#1236 = ORIENTED_EDGE ( 'NONE', *, *, #592, .F. ) ;
#1237 = DIRECTION ( 'NONE',  ( 0.000000000000000000, 0.000000000000000000, -1.000000000000000000 ) ) ;
#1238 = FACE_OUTER_BOUND ( 'NONE', #346, .T. ) ;
#1239 = CARTESIAN_POINT ( 'NONE',  ( -9.599999999999997868, 34.60000000000000142, 13.74999999999999467 ) ) ;
#1240 = DIRECTION ( 'NONE',  ( 0.000000000000000000, 0.000000000000000000, 1.000000000000000000 ) ) ;
#1241 = ORIENTED_EDGE ( 'NONE', *, *, #411, .F. ) ;
#1242 = CIRCLE ( 'NONE', #1214, 1.000000000000000000 ) ;
#1243 = VECTOR ( 'NONE', #13, 1000.000000000000000 ) ;
#1244 = ORIENTED_EDGE ( 'NONE', *, *, #566, .F. ) ;
#1245 = DIRECTION ( 'NONE',  ( -0.000000000000000000, -1.000000000000000000, -0.000000000000000000 ) ) ;
#1246 = AXIS2_PLACEMENT_3D ( 'NONE', #269, #295, #758 ) ;
#1247 = CYLINDRICAL_SURFACE ( 'NONE', #535, 1.650000000000000355 ) ;
#1248 = PLANE ( 'NONE',  #506 ) ;
#1249 = LINE ( 'NONE', #547, #1219 ) ;
#1250 = ORIENTED_EDGE ( 'NONE', *, *, #451, .F. ) ;
#1251 = CARTESIAN_POINT ( 'NONE',  ( -29.99999999999999289, 0.000000000000000000, 5.650000000000003020 ) ) ;
#1252 = CARTESIAN_POINT ( 'NONE',  ( -1.849851191760391700, 10.64271577690412407, 2.109825667529566129 ) ) ;
#1253 = FACE_OUTER_BOUND ( 'NONE', #423, .T. ) ;
#1254 = SURFACE_STYLE_FILL_AREA ( #313 ) ;
#1255 = EDGE_CURVE ( 'NONE', #904, #1, #583, .T. ) ;
#1256 = ORIENTED_EDGE ( 'NONE', *, *, #284, .F. ) ;
#1257 = VERTEX_POINT ( 'NONE', #597 ) ;
#1258 = VERTEX_POINT ( 'NONE', #359 ) ;
#1259 = LINE ( 'NONE', #418, #144 ) ;
#1260 = CARTESIAN_POINT ( 'NONE',  ( -2.800069924212097217, 10.83125506214470057, -0.1836787823162661093 ) ) ;
#1261 = EDGE_CURVE ( 'NONE', #1293, #100, #1395, .T. ) ;
#1262 = CARTESIAN_POINT ( 'NONE',  ( 9.481161066976687255E-16, 38.10000000000000142, 13.74999999999999467 ) ) ;
#1263 = LINE ( 'NONE', #890, #1084 ) ;
#1264 = EDGE_CURVE ( 'NONE', #973, #271, #30, .T. ) ;
#1265 =( LENGTH_UNIT ( ) NAMED_UNIT ( * ) SI_UNIT ( .MILLI., .METRE. ) );
#1266 = PRODUCT_DEFINITION_SHAPE ( 'NONE', 'NONE',  #1275 ) ;
#1267 = EDGE_CURVE ( 'NONE', #1045, #1490, #714, .T. ) ;
#1268 = ORIENTED_EDGE ( 'NONE', *, *, #532, .F. ) ;
#1269 = ADVANCED_FACE ( 'NONE', ( #153 ), #1054, .T. ) ;
#1270 = EDGE_LOOP ( 'NONE', ( #38, #953, #1250, #570 ) ) ;
#1271 = PLANE ( 'NONE',  #865 ) ;
#1272 = CARTESIAN_POINT ( 'NONE',  ( 30.00000000000000000, 0.000000000000000000, -0.000000000000000000 ) ) ;
#1273 = CARTESIAN_POINT ( 'NONE',  ( 9.500000000000001776, 10.50000000000000178, -40.15000000000001279 ) ) ;
#1274 = AXIS2_PLACEMENT_3D ( 'NONE', #1064, #149, #491 ) ;
#1275 = PRODUCT_DEFINITION ( 'UNKNOWN', '', #553, #1060 ) ;
#1276 = ORIENTED_EDGE ( 'NONE', *, *, #1398, .F. ) ;
#1277 = VERTEX_POINT ( 'NONE', #352 ) ;
#1278 = CARTESIAN_POINT ( 'NONE',  ( 29.00000000000000000, 45.00000000000000000, -14.15000000000000213 ) ) ;
#1279 = CARTESIAN_POINT ( 'NONE',  ( -2.710660609149380118, 10.81010423597706094, -0.7251698231181060716 ) ) ;
#1280 = DIRECTION ( 'NONE',  ( -5.981805089575199895E-17, 0.000000000000000000, -1.000000000000000000 ) ) ;
#1281 = CARTESIAN_POINT ( 'NONE',  ( 4.531217355353213437E-16, 0.000000000000000000, -15.15000000000000568 ) ) ;
#1282 = ORIENTED_EDGE ( 'NONE', *, *, #985, .T. ) ;
#1283 = EDGE_LOOP ( 'NONE', ( #537, #1050, #876, #1392 ) ) ;
#1284 = DIRECTION ( 'NONE',  ( -0.000000000000000000, -0.000000000000000000, 1.000000000000000000 ) ) ;
#1285 = EDGE_CURVE ( 'NONE', #484, #973, #830, .T. ) ;
#1286 = EDGE_LOOP ( 'NONE', ( #1029, #1022, #1162, #41, #444, #976, #460, #538 ) ) ;
#1287 = CARTESIAN_POINT ( 'NONE',  ( 30.00000000000000000, 45.00000000000000000, 14.84999999999999432 ) ) ;
#1288 = FACE_OUTER_BOUND ( 'NONE', #746, .T. ) ;
#1289 = DIRECTION ( 'NONE',  ( 0.000000000000000000, 0.000000000000000000, 1.000000000000000000 ) ) ;
#1290 = VERTEX_POINT ( 'NONE', #812 ) ;
#1291 = ORIENTED_EDGE ( 'NONE', *, *, #1285, .T. ) ;
#1292 = FACE_OUTER_BOUND ( 'NONE', #518, .T. ) ;
#1293 = VERTEX_POINT ( 'NONE', #124 ) ;
#1294 = FACE_OUTER_BOUND ( 'NONE', #524, .T. ) ;
#1295 = AXIS2_PLACEMENT_3D ( 'NONE', #1310, #255, #1184 ) ;
#1296 = DIRECTION ( 'NONE',  ( 1.000000000000000000, 0.000000000000000000, 0.000000000000000000 ) ) ;
#1297 = VECTOR ( 'NONE', #151, 1000.000000000000000 ) ;
#1298 = VECTOR ( 'NONE', #908, 1000.000000000000000 ) ;
#1299 = CIRCLE ( 'NONE', #490, 1.000000000000000888 ) ;
#1300 = ORIENTED_EDGE ( 'NONE', *, *, #1000, .F. ) ;
#1301 = AXIS2_PLACEMENT_3D ( 'NONE', #591, #303, #853 ) ;
#1302 = DIRECTION ( 'NONE',  ( 0.000000000000000000, 0.000000000000000000, 1.000000000000000000 ) ) ;
#1303 = ORIENTED_EDGE ( 'NONE', *, *, #1374, .F. ) ;
#1304 = DIRECTION ( 'NONE',  ( 1.433655765270088848E-16, -1.000000000000000000, -8.575849353391445037E-33 ) ) ;
#1305 = LINE ( 'NONE', #360, #293 ) ;
#1306 = CYLINDRICAL_SURFACE ( 'NONE', #1274, 1.000000000000000000 ) ;
#1307 = VERTEX_POINT ( 'NONE', #1417 ) ;
#1308 = CARTESIAN_POINT ( 'NONE',  ( -11.15000000000000036, 34.50000000000000000, -40.15000000000001279 ) ) ;
#1309 = ORIENTED_EDGE ( 'NONE', *, *, #403, .F. ) ;
#1310 = CARTESIAN_POINT ( 'NONE',  ( -28.99999999999998934, 0.000000000000000000, 5.649999999999995914 ) ) ;
#1311 = LINE ( 'NONE', #1191, #174 ) ;
#1312 = DIRECTION ( 'NONE',  ( 8.068481283613062697E-16, 0.000000000000000000, 1.000000000000000000 ) ) ;
#1313 = EDGE_CURVE ( 'NONE', #84, #576, #21, .T. ) ;
#1314 = EDGE_CURVE ( 'NONE', #157, #1045, #589, .T. ) ;
#1315 = ORIENTED_EDGE ( 'NONE', *, *, #781, .T. ) ;
#1316 = DIRECTION ( 'NONE',  ( -0.000000000000000000, -0.000000000000000000, 1.000000000000000000 ) ) ;
#1317 = AXIS2_PLACEMENT_3D ( 'NONE', #1011, #1476, #1485 ) ;
#1318 = DIRECTION ( 'NONE',  ( 0.000000000000000000, 1.000000000000000000, -0.000000000000000000 ) ) ;
#1319 = VECTOR ( 'NONE', #118, 1000.000000000000000 ) ;
#1320 = AXIS2_PLACEMENT_3D ( 'NONE', #900, #1006, #782 ) ;
#1321 = EDGE_CURVE ( 'NONE', #331, #1137, #310, .T. ) ;
#1322 = LINE ( 'NONE', #718, #629 ) ;
#1323 = ORIENTED_EDGE ( 'NONE', *, *, #1212, .T. ) ;
#1324 = DIRECTION ( 'NONE',  ( -0.000000000000000000, -0.000000000000000000, 1.000000000000000000 ) ) ;
#1325 = DIRECTION ( 'NONE',  ( -1.000000000000000000, 0.000000000000000000, -0.000000000000000000 ) ) ;
#1326 = CARTESIAN_POINT ( 'NONE',  ( -28.99999999999998934, 45.00000000000000000, -14.15000000000000213 ) ) ;
#1327 = EDGE_LOOP ( 'NONE', ( #1176, #1124, #521, #569 ) ) ;
#1328 = DIRECTION ( 'NONE',  ( -1.000000000000000000, 0.000000000000000000, -2.990902544787598715E-17 ) ) ;
#1329 = EDGE_CURVE ( 'NONE', #1123, #472, #1242, .T. ) ;
#1330 = CARTESIAN_POINT ( 'NONE',  ( -28.99999999999998934, 45.00000000000000000, -4.950000000000003730 ) ) ;
#1331 = CARTESIAN_POINT ( 'NONE',  ( 2.710660609149378342, 34.18989576402293551, -0.7251698231181107346 ) ) ;
#1332 = DIRECTION ( 'NONE',  ( -1.000000000000000000, 0.000000000000000000, 0.000000000000000000 ) ) ;
#1333 = ORIENTED_EDGE ( 'NONE', *, *, #623, .F. ) ;
#1334 = CARTESIAN_POINT ( 'NONE',  ( 30.00000000000000000, 45.00000000000000000, -4.950000000000003730 ) ) ;
#1335 = PRODUCT_CONTEXT ( 'NONE', #810, 'mechanical' ) ;
#1336 = LINE ( 'NONE', #984, #563 ) ;
#1337 = ADVANCED_FACE ( 'NONE', ( #939 ), #366, .F. ) ;
#1338 = DIRECTION ( 'NONE',  ( -1.000000000000000000, 0.000000000000000000, 5.981805089575199895E-17 ) ) ;
#1339 = VECTOR ( 'NONE', #730, 1000.000000000000000 ) ;
#1340 = AXIS2_PLACEMENT_3D ( 'NONE', #297, #1103, #1204 ) ;
#1341 = ORIENTED_EDGE ( 'NONE', *, *, #1416, .F. ) ;
#1342 = CARTESIAN_POINT ( 'NONE',  ( 28.99999999999999645, 45.00000000000000000, -4.950000000000003730 ) ) ;
#1343 = CARTESIAN_POINT ( 'NONE',  ( 1.852636326332241845, 34.35684197304772169, -2.107315745945358199 ) ) ;
#1344 = EDGE_CURVE ( 'NONE', #296, #920, #263, .T. ) ;
#1345 = LINE ( 'NONE', #299, #1016 ) ;
#1346 = ORIENTED_EDGE ( 'NONE', *, *, #24, .F. ) ;
#1347 = DIRECTION ( 'NONE',  ( -0.000000000000000000, -1.000000000000000000, -0.000000000000000000 ) ) ;
#1348 = DIRECTION ( 'NONE',  ( -0.000000000000000000, -1.000000000000000000, -0.000000000000000000 ) ) ;
#1349 = FACE_OUTER_BOUND ( 'NONE', #152, .T. ) ;
#1350 = CARTESIAN_POINT ( 'NONE',  ( -28.99999999999998934, 45.00000000000000000, 5.649999999999995914 ) ) ;
#1351 = VERTEX_POINT ( 'NONE', #250 ) ;
#1352 = CARTESIAN_POINT ( 'NONE',  ( 19.99999999999999645, 45.00000000000000000, -3.950000000000003730 ) ) ;
#1353 = CARTESIAN_POINT ( 'NONE',  ( -19.99999999999999289, 45.00000000000000000, -3.950000000000003730 ) ) ;
#1354 = CARTESIAN_POINT ( 'NONE',  ( 0.9078639843836533441, 34.46680333073943103, -2.655008532357033602 ) ) ;
#1355 = DIRECTION ( 'NONE',  ( -0.000000000000000000, -0.000000000000000000, 1.000000000000000000 ) ) ;
#1356 = VECTOR ( 'NONE', #1195, 1000.000000000000000 ) ;
#1357 = CIRCLE ( 'NONE', #312, 0.9999999999999991118 ) ;
#1358 = VERTEX_POINT ( 'NONE', #11 ) ;
#1359 = CARTESIAN_POINT ( 'NONE',  ( -0.9051341919243547363, 34.46702403979904261, -2.656010033398313208 ) ) ;
#1360 = CARTESIAN_POINT ( 'NONE',  ( -2.726844396911272117, 10.81302798689886124, 0.7349176836250971290 ) ) ;
#1361 = LINE ( 'NONE', #797, #773 ) ;
#1362 = AXIS2_PLACEMENT_3D ( 'NONE', #1075, #45, #1169 ) ;
#1363 = EDGE_CURVE ( 'NONE', #397, #119, #97, .T. ) ;
#1364 = ORIENTED_EDGE ( 'NONE', *, *, #1458, .T. ) ;
#1365 = VERTEX_POINT ( 'NONE', #17 ) ;
#1366 = EDGE_CURVE ( 'NONE', #472, #1490, #140, .T. ) ;
#1367 = CARTESIAN_POINT ( 'NONE',  ( -2.655791904148153915, 34.20264476125201725, -0.9055351186172577727 ) ) ;
#1368 = ADVANCED_FACE ( 'NONE', ( #1294 ), #722, .F. ) ;
#1369 = CARTESIAN_POINT ( 'NONE',  ( -2.108094991234561455, 10.68589512121772067, 1.851823233182822603 ) ) ;
#1370 = DIRECTION ( 'NONE',  ( 0.000000000000000000, 0.000000000000000000, -1.000000000000000000 ) ) ;
#1371 = CARTESIAN_POINT ( 'NONE',  ( 3.429011037612588290E-16, 45.00000000000000000, 2.799999999999999822 ) ) ;
#1372 = PRESENTATION_STYLE_ASSIGNMENT (( #902 ) ) ;
#1373 = DIRECTION ( 'NONE',  ( -0.000000000000000000, -0.000000000000000000, 1.000000000000000000 ) ) ;
#1374 = EDGE_CURVE ( 'NONE', #800, #64, #606, .T. ) ;
#1375 = VERTEX_POINT ( 'NONE', #132 ) ;
#1376 = CARTESIAN_POINT ( 'NONE',  ( -1.849682470556506253, 34.35731899326996341, 2.110070446636350461 ) ) ;
#1377 = CARTESIAN_POINT ( 'NONE',  ( 3.429025004380067880E-16, 34.50000000000000000, 2.799999999999999822 ) ) ;
#1378 = ADVANCED_FACE ( 'NONE', ( #961 ), #294, .F. ) ;
#1379 = DIRECTION ( 'NONE',  ( -0.000000000000000000, -1.000000000000000000, 0.000000000000000000 ) ) ;
#1380 = ORIENTED_EDGE ( 'NONE', *, *, #185, .T. ) ;
#1381 = VECTOR ( 'NONE', #1348, 1000.000000000000000 ) ;
#1382 = VERTEX_POINT ( 'NONE', #71 ) ;
#1383 = ORIENTED_EDGE ( 'NONE', *, *, #610, .F. ) ;
#1384 = CIRCLE ( 'NONE', #967, 1.000000000000000000 ) ;
#1385 = DIRECTION ( 'NONE',  ( 0.000000000000000000, 1.000000000000000000, -0.000000000000000000 ) ) ;
#1386 = VECTOR ( 'NONE', #228, 1000.000000000000000 ) ;
#1387 = CARTESIAN_POINT ( 'NONE',  ( -28.99999999999998934, 45.00000000000000000, 14.84999999999999432 ) ) ;
#1388 = AXIS2_PLACEMENT_3D ( 'NONE', #1445, #60, #882 ) ;
#1389 = CARTESIAN_POINT ( 'NONE',  ( -13.09999999999999964, 45.00000000000000000, 15.84999999999999609 ) ) ;
#1390 = EDGE_CURVE ( 'NONE', #750, #863, #621, .T. ) ;
#1391 = ORIENTED_EDGE ( 'NONE', *, *, #696, .F. ) ;
#1392 = ORIENTED_EDGE ( 'NONE', *, *, #316, .T. ) ;
#1393 = CARTESIAN_POINT ( 'NONE',  ( 9.600000000000006750, 10.40000000000000213, 13.74999999999999467 ) ) ;
#1394 = ORIENTED_EDGE ( 'NONE', *, *, #134, .F. ) ;
#1395 = LINE ( 'NONE', #949, #120 ) ;
#1396 = CARTESIAN_POINT ( 'NONE',  ( -13.09999999999999964, 34.60000000000000142, 15.84999999999999609 ) ) ;
#1397 = DIRECTION ( 'NONE',  ( 0.000000000000000000, 1.000000000000000000, -0.000000000000000000 ) ) ;
#1398 = EDGE_CURVE ( 'NONE', #119, #1474, #1098, .T. ) ;
#1399 = ORIENTED_EDGE ( 'NONE', *, *, #532, .T. ) ;
#1400 = ORIENTED_EDGE ( 'NONE', *, *, #667, .F. ) ;
#1401 = CARTESIAN_POINT ( 'NONE',  ( 0.7357368916693606264, 34.48220736630035077, 2.726158895060168064 ) ) ;
#1402 = DIRECTION ( 'NONE',  ( -1.000000000000000000, 0.000000000000000000, 0.000000000000000000 ) ) ;
#1403 = FACE_OUTER_BOUND ( 'NONE', #1102, .T. ) ;
#1404 = EDGE_LOOP ( 'NONE', ( #29, #19 ) ) ;
#1405 = CARTESIAN_POINT ( 'NONE',  ( 0.000000000000000000, 45.00000000000000000, 0.000000000000000000 ) ) ;
#1406 = DIRECTION ( 'NONE',  ( -0.000000000000000000, -1.000000000000000000, -0.000000000000000000 ) ) ;
#1407 = VECTOR ( 'NONE', #1068, 1000.000000000000000 ) ;
#1408 = CARTESIAN_POINT ( 'NONE',  ( -9.500000000000000000, 34.50000000000000000, -40.15000000000001279 ) ) ;
#1409 = AXIS2_PLACEMENT_3D ( 'NONE', #277, #1332, #373 ) ;
#1410 = EDGE_CURVE ( 'NONE', #157, #472, #500, .T. ) ;
#1411 = CIRCLE ( 'NONE', #288, 1.650000000000000355 ) ;
#1412 = VECTOR ( 'NONE', #455, 1000.000000000000000 ) ;
#1413 = ORIENTED_EDGE ( 'NONE', *, *, #932, .T. ) ;
#1414 = CARTESIAN_POINT ( 'NONE',  ( 0.000000000000000000, 10.50000000000000178, -2.799999999999999822 ) ) ;
#1415 = ORIENTED_EDGE ( 'NONE', *, *, #581, .F. ) ;
#1416 = EDGE_CURVE ( 'NONE', #463, #860, #755, .T. ) ;
#1417 = CARTESIAN_POINT ( 'NONE',  ( -29.99999999999999289, 45.00000000000000000, -14.15000000000000213 ) ) ;
#1418 = DIRECTION ( 'NONE',  ( 1.000000000000000000, 0.000000000000000000, 0.000000000000000000 ) ) ;
#1419 = EDGE_CURVE ( 'NONE', #1484, #454, #1429, .T. ) ;
#1420 = ADVANCED_FACE ( 'NONE', ( #1079 ), #638, .F. ) ;
#1421 = EDGE_LOOP ( 'NONE', ( #1315, #742, #1333, #292 ) ) ;
#1422 = CYLINDRICAL_SURFACE ( 'NONE', #558, 1.000000000000000888 ) ;
#1423 = ORIENTED_EDGE ( 'NONE', *, *, #441, .F. ) ;
#1424 = DIRECTION ( 'NONE',  ( 0.000000000000000000, 0.000000000000000000, -1.000000000000000000 ) ) ;
#1425 = CARTESIAN_POINT ( 'NONE',  ( 0.000000000000000000, 45.00000000000000000, 0.000000000000000000 ) ) ;
#1426 = EDGE_LOOP ( 'NONE', ( #300, #1132, #886, #445 ) ) ;
#1427 = CARTESIAN_POINT ( 'NONE',  ( 0.1856919334116966802, 10.50000000000000178, -2.799999999999999822 ) ) ;
#1428 = ORIENTED_EDGE ( 'NONE', *, *, #829, .T. ) ;
#1429 = LINE ( 'NONE', #1087, #1166 ) ;
#1430 = CYLINDRICAL_SURFACE ( 'NONE', #1092, 1.650000000000000355 ) ;
#1431 = AXIS2_PLACEMENT_3D ( 'NONE', #251, #1185, #33 ) ;
#1432 = AXIS2_PLACEMENT_3D ( 'NONE', #1437, #648, #736 ) ;
#1433 = ADVANCED_FACE ( 'NONE', ( #971, #268, #1436, #390 ), #856, .T. ) ;
#1434 = CARTESIAN_POINT ( 'NONE',  ( 2.515976897089466480, 10.76650157457248191, -1.242209620998043107 ) ) ;
#1435 = ORIENTED_EDGE ( 'NONE', *, *, #1235, .T. ) ;
#1436 = FACE_BOUND ( 'NONE', #710, .T. ) ;
#1437 = CARTESIAN_POINT ( 'NONE',  ( 9.600000000000006750, 10.40000000000000213, 13.74999999999999467 ) ) ;
#1438 = VERTEX_POINT ( 'NONE', #272 ) ;
#1439 = DIRECTION ( 'NONE',  ( 2.990902544787598715E-17, 0.000000000000000000, -1.000000000000000000 ) ) ;
#1440 = CYLINDRICAL_SURFACE ( 'NONE', #1478, 1.000000000000000000 ) ;
#1441 = CARTESIAN_POINT ( 'NONE',  ( 2.800074779926438051, 10.83125622730659465, 0.1821915768817533032 ) ) ;
#1442 = ORIENTED_EDGE ( 'NONE', *, *, #869, .F. ) ;
#1443 = CARTESIAN_POINT ( 'NONE',  ( 28.99999999999999645, 45.00000000000000000, 14.84999999999999432 ) ) ;
#1444 = DIRECTION ( 'NONE',  ( 0.000000000000000000, 0.000000000000000000, 1.000000000000000000 ) ) ;
#1445 = CARTESIAN_POINT ( 'NONE',  ( 9.599999999999999645, 34.60000000000000142, 15.84999999999999609 ) ) ;
#1446 = ORIENTED_EDGE ( 'NONE', *, *, #679, .F. ) ;
#1447 = CARTESIAN_POINT ( 'NONE',  ( 1.849851191760392810, 34.35728422309587415, 2.109825667529567017 ) ) ;
#1448 = ORIENTED_EDGE ( 'NONE', *, *, #1267, .F. ) ;
#1449 = LINE ( 'NONE', #72, #753 ) ;
#1450 = VERTEX_POINT ( 'NONE', #302 ) ;
#1451 = CIRCLE ( 'NONE', #528, 1.650000000000000355 ) ;
#1452 = CARTESIAN_POINT ( 'NONE',  ( 2.800069924212096328, 34.16874493785530831, -0.1836787823162693289 ) ) ;
#1453 = EDGE_LOOP ( 'NONE', ( #415, #389, #990, #801 ) ) ;
#1454 = VECTOR ( 'NONE', #230, 1000.000000000000000 ) ;
#1455 = CARTESIAN_POINT ( 'NONE',  ( -9.500000000000000000, 34.50000000000000000, 13.74999999999999112 ) ) ;
#1456 = FACE_OUTER_BOUND ( 'NONE', #1207, .T. ) ;
#1457 = CARTESIAN_POINT ( 'NONE',  ( 0.000000000000000000, 0.000000000000000000, -3.950000000000003730 ) ) ;
#1458 = EDGE_CURVE ( 'NONE', #670, #486, #1012, .T. ) ;
#1459 = VERTEX_POINT ( 'NONE', #164 ) ;
#1460 = CARTESIAN_POINT ( 'NONE',  ( -0.1856919334116969578, 34.50000000000000711, -2.800000000000000266 ) ) ;
#1461 = APPLICATION_PROTOCOL_DEFINITION ( 'draft international standard', 'automotive_design', 1998, #810 ) ;
#1462 = CYLINDRICAL_SURFACE ( 'NONE', #195, 0.9999999999999991118 ) ;
#1463 = CARTESIAN_POINT ( 'NONE',  ( -11.99999999999999822, 22.50000000000000000, -40.15000000000001279 ) ) ;
#1464 = DIRECTION ( 'NONE',  ( -0.000000000000000000, -1.000000000000000000, -0.000000000000000000 ) ) ;
#1465 = ORIENTED_EDGE ( 'NONE', *, *, #89, .F. ) ;
#1466 = CARTESIAN_POINT ( 'NONE',  ( -29.99999999999999289, 45.00000000000000000, 0.000000000000000000 ) ) ;
#1467 = ADVANCED_FACE ( 'NONE', ( #1107 ), #628, .F. ) ;
#1468 = LINE ( 'NONE', #804, #1118 ) ;
#1469 = FACE_BOUND ( 'NONE', #307, .T. ) ;
#1470 = EDGE_CURVE ( 'NONE', #818, #64, #699, .T. ) ;
#1471 = AXIS2_PLACEMENT_3D ( 'NONE', #739, #65, #615 ) ;
#1472 = EDGE_CURVE ( 'NONE', #973, #157, #336, .T. ) ;
#1473 = ORIENTED_EDGE ( 'NONE', *, *, #848, .F. ) ;
#1474 = VERTEX_POINT ( 'NONE', #182 ) ;
#1475 = VECTOR ( 'NONE', #636, 1000.000000000000000 ) ;
#1476 = DIRECTION ( 'NONE',  ( 0.000000000000000000, 1.000000000000000000, -0.000000000000000000 ) ) ;
#1477 = AXIS2_PLACEMENT_3D ( 'NONE', #107, #1144, #443 ) ;
#1478 = AXIS2_PLACEMENT_3D ( 'NONE', #822, #842, #1198 ) ;
#1479 = FACE_OUTER_BOUND ( 'NONE', #762, .T. ) ;
#1480 = CIRCLE ( 'NONE', #104, 1.650000000000000355 ) ;
#1481 = LINE ( 'NONE', #901, #847 ) ;
#1482 = AXIS2_PLACEMENT_3D ( 'NONE', #598, #715, #1296 ) ;
#1483 = CARTESIAN_POINT ( 'NONE',  ( -28.99999999999998934, 45.00000000000000000, 15.84999999999999609 ) ) ;
#1484 = VERTEX_POINT ( 'NONE', #1334 ) ;
#1485 = DIRECTION ( 'NONE',  ( 0.000000000000000000, 0.000000000000000000, 1.000000000000000000 ) ) ;
#1486 = EDGE_CURVE ( 'NONE', #1188, #1290, #747, .T. ) ;
#1487 = CARTESIAN_POINT ( 'NONE',  ( -1.244725415030998095, 10.56353244833659488, -2.514745705276286269 ) ) ;
#1488 = CARTESIAN_POINT ( 'NONE',  ( -9.599999999999996092, 38.10000000000000142, 13.74999999999999467 ) ) ;
#1489 = CARTESIAN_POINT ( 'NONE',  ( -9.599999999999994316, 6.900000000000003020, 13.74999999999999467 ) ) ;
#1490 = VERTEX_POINT ( 'NONE', #646 ) ;
#1491 = ORIENTED_EDGE ( 'NONE', *, *, #829, .F. ) ;
ENDSEC;
END-ISO-10303-21;
