ISO-10303-21;
HEADER;
FILE_DESCRIPTION (( 'STEP AP214' ),
    '1' );
FILE_NAME ('Neutrik_CenterSupport.STEP',
    '2026-08-23T00:19:04',
    ( '' ),
    ( '' ),
    'SwSTEP 2.0',
    'SolidWorks 2026',
    '' );
FILE_SCHEMA (( 'AUTOMOTIVE_DESIGN' ));
ENDSEC;

DATA;
#1 = LINE ( 'NONE', #688, #837 ) ;
#2 = CARTESIAN_POINT ( 'NONE',  ( 20.00000000000000355, 45.00000000000000000, 4.649999999999989697 ) ) ;
#3 = EDGE_LOOP ( 'NONE', ( #1187, #1242, #1458, #1049 ) ) ;
#4 = DIRECTION ( 'NONE',  ( -0.000000000000000000, -0.000000000000000000, 1.000000000000000000 ) ) ;
#5 = VERTEX_POINT ( 'NONE', #478 ) ;
#6 = CARTESIAN_POINT ( 'NONE',  ( -9.599999999999996092, 6.900000000000003020, 13.39999999999999147 ) ) ;
#7 = LINE ( 'NONE', #911, #716 ) ;
#8 = ORIENTED_EDGE ( 'NONE', *, *, #132, .F. ) ;
#9 = EDGE_CURVE ( 'NONE', #779, #108, #1119, .T. ) ;
#10 = CARTESIAN_POINT ( 'NONE',  ( -4.635898944420778532E-16, 45.00000000000000000, 15.49999999999999289 ) ) ;
#11 = VERTEX_POINT ( 'NONE', #1113 ) ;
#12 = CIRCLE ( 'NONE', #859, 1.000000000000000888 ) ;
#13 = CARTESIAN_POINT ( 'NONE',  ( 30.00000000000000000, 45.00000000000000000, 14.49999999999998757 ) ) ;
#14 = VECTOR ( 'NONE', #959, 1000.000000000000000 ) ;
#15 = VECTOR ( 'NONE', #870, 1000.000000000000000 ) ;
#16 = AXIS2_PLACEMENT_3D ( 'NONE', #1137, #1266, #558 ) ;
#17 = CARTESIAN_POINT ( 'NONE',  ( -28.99999999999998579, 45.00000000000000000, -15.50000000000000711 ) ) ;
#18 = ORIENTED_EDGE ( 'NONE', *, *, #1270, .F. ) ;
#19 = AXIS2_PLACEMENT_3D ( 'NONE', #963, #404, #868 ) ;
#20 = LINE ( 'NONE', #251, #1393 ) ;
#21 = EDGE_CURVE ( 'NONE', #351, #1417, #651, .T. ) ;
#22 = EDGE_LOOP ( 'NONE', ( #399, #559 ) ) ;
#23 = DIRECTION ( 'NONE',  ( 2.990902544787599948E-17, 0.000000000000000000, -1.000000000000000000 ) ) ;
#24 = CARTESIAN_POINT ( 'NONE',  ( -1.708975810594463018, 34.37866621918102084, 2.225441070854470738 ) ) ;
#25 = DIRECTION ( 'NONE',  ( -0.000000000000000000, -0.000000000000000000, 1.000000000000000000 ) ) ;
#26 = ORIENTED_EDGE ( 'NONE', *, *, #101, .T. ) ;
#27 = CARTESIAN_POINT ( 'NONE',  ( -4.635898944420778532E-16, 38.10000000000000142, 13.39999999999999147 ) ) ;
#28 = ADVANCED_FACE ( 'NONE', ( #293 ), #1318, .T. ) ;
#29 = DIRECTION ( 'NONE',  ( -1.000000000000000000, 0.000000000000000000, -2.990902544787599948E-17 ) ) ;
#30 = CARTESIAN_POINT ( 'NONE',  ( -0.1831073900952306099, 34.49999999999999289, 2.799999999999999822 ) ) ;
#31 = CYLINDRICAL_SURFACE ( 'NONE', #572, 1.000000000000000000 ) ;
#32 = ORIENTED_EDGE ( 'NONE', *, *, #598, .F. ) ;
#33 = LINE ( 'NONE', #1302, #979 ) ;
#34 = ORIENTED_EDGE ( 'NONE', *, *, #86, .F. ) ;
#35 = ADVANCED_FACE ( 'NONE', ( #1326 ), #866, .F. ) ;
#36 = FACE_OUTER_BOUND ( 'NONE', #447, .T. ) ;
#37 = AXIS2_PLACEMENT_3D ( 'NONE', #717, #112, #917 ) ;
#38 = ORIENTED_EDGE ( 'NONE', *, *, #1281, .F. ) ;
#39 = VECTOR ( 'NONE', #602, 1000.000000000000000 ) ;
#40 = CYLINDRICAL_SURFACE ( 'NONE', #19, 0.9999999999999991118 ) ;
#41 = ORIENTED_EDGE ( 'NONE', *, *, #342, .T. ) ;
#42 = AXIS2_PLACEMENT_3D ( 'NONE', #505, #969, #512 ) ;
#43 = CARTESIAN_POINT ( 'NONE',  ( -28.99999999999998579, 45.00000000000000000, 4.649999999999995914 ) ) ;
#44 = VECTOR ( 'NONE', #1368, 1000.000000000000000 ) ;
#45 = CYLINDRICAL_SURFACE ( 'NONE', #1198, 2.799999999999999822 ) ;
#46 = CARTESIAN_POINT ( 'NONE',  ( 30.00000000000000000, 45.00000000000000000, 0.000000000000000000 ) ) ;
#47 = LINE ( 'NONE', #1454, #544 ) ;
#48 = ADVANCED_FACE ( 'NONE', ( #996 ), #1443, .F. ) ;
#49 = CARTESIAN_POINT ( 'NONE',  ( -4.635898944420778532E-16, 6.900000000000003020, 13.39999999999999147 ) ) ;
#50 = CARTESIAN_POINT ( 'NONE',  ( 30.00000000000000000, 45.00000000000000000, 5.649999999999995026 ) ) ;
#51 = ORIENTED_EDGE ( 'NONE', *, *, #809, .T. ) ;
#52 = LINE ( 'NONE', #950, #1222 ) ;
#53 = LINE ( 'NONE', #509, #1224 ) ;
#54 = CARTESIAN_POINT ( 'NONE',  ( 20.00000000000000711, 45.00000000000000000, -4.650000000000003020 ) ) ;
#55 = CARTESIAN_POINT ( 'NONE',  ( 28.99999999999998934, 45.00000000000000000, 15.49999999999999467 ) ) ;
#56 = VERTEX_POINT ( 'NONE', #856 ) ;
#57 = EDGE_CURVE ( 'NONE', #192, #1337, #79, .T. ) ;
#58 = CARTESIAN_POINT ( 'NONE',  ( 9.600000000000006750, 6.900000000000003020, 13.39999999999999147 ) ) ;
#59 = ORIENTED_EDGE ( 'NONE', *, *, #195, .F. ) ;
#60 = DIRECTION ( 'NONE',  ( -0.000000000000000000, -0.000000000000000000, 1.000000000000000000 ) ) ;
#61 = AXIS2_PLACEMENT_3D ( 'NONE', #152, #831, #1424 ) ;
#62 = CARTESIAN_POINT ( 'NONE',  ( -29.99999999999999289, 45.00000000000000000, -5.650000000000008349 ) ) ;
#63 = LINE ( 'NONE', #416, #1464 ) ;
#64 = CIRCLE ( 'NONE', #886, 12.00000000000000000 ) ;
#65 = AXIS2_PLACEMENT_3D ( 'NONE', #903, #564, #467 ) ;
#66 = VERTEX_POINT ( 'NONE', #626 ) ;
#67 = CARTESIAN_POINT ( 'NONE',  ( 1.404551029999261624, 10.58149667376300229, -2.429125907010366348 ) ) ;
#68 = EDGE_CURVE ( 'NONE', #1337, #1482, #1428, .T. ) ;
#69 = ORIENTED_EDGE ( 'NONE', *, *, #938, .T. ) ;
#70 = FACE_OUTER_BOUND ( 'NONE', #1102, .T. ) ;
#71 = EDGE_CURVE ( 'NONE', #1132, #215, #47, .T. ) ;
#72 = LINE ( 'NONE', #990, #1080 ) ;
#73 = CARTESIAN_POINT ( 'NONE',  ( 12.00000000000000000, 22.50000000000000000, 13.39999999999998792 ) ) ;
#74 = ORIENTED_EDGE ( 'NONE', *, *, #1432, .T. ) ;
#75 = CARTESIAN_POINT ( 'NONE',  ( 1.243957356216669918, 10.56343841927530391, -2.515199256285175267 ) ) ;
#76 = EDGE_LOOP ( 'NONE', ( #1321, #1146, #434, #41 ) ) ;
#77 = DIRECTION ( 'NONE',  ( -0.000000000000000000, -0.000000000000000000, 1.000000000000000000 ) ) ;
#78 = EDGE_CURVE ( 'NONE', #1015, #391, #53, .T. ) ;
#79 = LINE ( 'NONE', #875, #718 ) ;
#80 = CARTESIAN_POINT ( 'NONE',  ( -2.109545700127789747, 10.68616150988407831, -1.850096740667209083 ) ) ;
#81 = SHAPE_DEFINITION_REPRESENTATION ( #556, #1116 ) ;
#82 = VERTEX_POINT ( 'NONE', #524 ) ;
#83 = CARTESIAN_POINT ( 'NONE',  ( 0.1856919334116966247, 10.50000000000000355, -2.800000000000000266 ) ) ;
#84 = ORIENTED_EDGE ( 'NONE', *, *, #1270, .T. ) ;
#85 = CARTESIAN_POINT ( 'NONE',  ( 30.00000000000000000, 45.00000000000000000, -5.650000000000011902 ) ) ;
#86 = EDGE_CURVE ( 'NONE', #394, #1380, #888, .T. ) ;
#87 = CARTESIAN_POINT ( 'NONE',  ( -0.7297199687045321514, 10.52084471117999875, -2.709501212665256897 ) ) ;
#88 = CARTESIAN_POINT ( 'NONE',  ( 13.09999999999999964, 34.60000000000000142, 13.39999999999999147 ) ) ;
#89 = ORIENTED_EDGE ( 'NONE', *, *, #132, .T. ) ;
#90 = AXIS2_PLACEMENT_3D ( 'NONE', #692, #1399, #140 ) ;
#91 = CARTESIAN_POINT ( 'NONE',  ( -19.99999999999998934, 45.00000000000000000, -4.650000000000001243 ) ) ;
#92 = ORIENTED_EDGE ( 'NONE', *, *, #283, .T. ) ;
#93 = VECTOR ( 'NONE', #583, 1000.000000000000000 ) ;
#94 = CARTESIAN_POINT ( 'NONE',  ( 2.710660609149377898, 34.18989576402294261, -0.7251698231181107346 ) ) ;
#95 = AXIS2_PLACEMENT_3D ( 'NONE', #787, #115, #669 ) ;
#96 = AXIS2_PLACEMENT_3D ( 'NONE', #300, #549, #1450 ) ;
#97 = LINE ( 'NONE', #1265, #569 ) ;
#98 = CARTESIAN_POINT ( 'NONE',  ( 30.00000000000000000, 45.00000000000000000, -14.49999999999999289 ) ) ;
#99 = CARTESIAN_POINT ( 'NONE',  ( 28.99999999999998934, 0.000000000000000000, -4.650000000000004796 ) ) ;
#100 = VERTEX_POINT ( 'NONE', #1348 ) ;
#101 = EDGE_CURVE ( 'NONE', #978, #235, #864, .T. ) ;
#102 = CARTESIAN_POINT ( 'NONE',  ( -7.850000000000001421, 34.50000000000000000, 13.39999999999998792 ) ) ;
#103 = ORIENTED_EDGE ( 'NONE', *, *, #155, .F. ) ;
#104 = CARTESIAN_POINT ( 'NONE',  ( 1.244725415030995652, 34.43646755166340512, -2.514745705276288046 ) ) ;
#105 = CARTESIAN_POINT ( 'NONE',  ( -13.10000000000000142, 34.60000000000000142, 13.39999999999999147 ) ) ;
#106 = CYLINDRICAL_SURFACE ( 'NONE', #191, 1.000000000000000888 ) ;
#107 = LINE ( 'NONE', #550, #1397 ) ;
#108 = VERTEX_POINT ( 'NONE', #180 ) ;
#109 = DIRECTION ( 'NONE',  ( 1.000000000000000000, 0.000000000000000000, -1.927470528863122500E-16 ) ) ;
#110 = EDGE_CURVE ( 'NONE', #790, #815, #314, .T. ) ;
#111 = ORIENTED_EDGE ( 'NONE', *, *, #1090, .F. ) ;
#112 = DIRECTION ( 'NONE',  ( -0.000000000000000000, -1.000000000000000000, -0.000000000000000000 ) ) ;
#113 = CARTESIAN_POINT ( 'NONE',  ( 13.10000000000000320, 10.40000000000000568, 13.39999999999999147 ) ) ;
#114 = LINE ( 'NONE', #698, #1104 ) ;
#115 = DIRECTION ( 'NONE',  ( 0.000000000000000000, -1.000000000000000000, 0.000000000000000000 ) ) ;
#116 = ORIENTED_EDGE ( 'NONE', *, *, #383, .T. ) ;
#117 = CARTESIAN_POINT ( 'NONE',  ( 28.99999999999998934, 45.00000000000000000, 4.649999999999987921 ) ) ;
#118 = ORIENTED_EDGE ( 'NONE', *, *, #552, .F. ) ;
#119 = ADVANCED_FACE ( 'NONE', ( #1202, #298 ), #972, .F. ) ;
#120 = DIRECTION ( 'NONE',  ( -0.000000000000000000, -1.000000000000000000, -0.000000000000000000 ) ) ;
#121 = VECTOR ( 'NONE', #440, 1000.000000000000000 ) ;
#122 = AXIS2_PLACEMENT_3D ( 'NONE', #1054, #726, #276 ) ;
#123 = EDGE_CURVE ( 'NONE', #879, #815, #766, .T. ) ;
#124 = AXIS2_PLACEMENT_3D ( 'NONE', #1359, #778, #325 ) ;
#125 = CIRCLE ( 'NONE', #1251, 1.000000000000000000 ) ;
#126 = LINE ( 'NONE', #1367, #93 ) ;
#127 = DIRECTION ( 'NONE',  ( -3.730588120380233407E-16, 0.000000000000000000, 1.000000000000000000 ) ) ;
#128 = VERTEX_POINT ( 'NONE', #745 ) ;
#129 = DIRECTION ( 'NONE',  ( 0.000000000000000000, 1.000000000000000000, 0.000000000000000000 ) ) ;
#130 = ORIENTED_EDGE ( 'NONE', *, *, #1209, .T. ) ;
#131 = LINE ( 'NONE', #113, #1081 ) ;
#132 = EDGE_CURVE ( 'NONE', #727, #1172, #519, .T. ) ;
#133 = DIRECTION ( 'NONE',  ( -0.000000000000000000, -1.000000000000000000, -0.000000000000000000 ) ) ;
#134 = ORIENTED_EDGE ( 'NONE', *, *, #9, .F. ) ;
#135 = DIRECTION ( 'NONE',  ( 1.196361017915039979E-16, 0.000000000000000000, -1.000000000000000000 ) ) ;
#136 = VERTEX_POINT ( 'NONE', #285 ) ;
#137 = DIRECTION ( 'NONE',  ( 0.000000000000000000, 0.000000000000000000, 1.000000000000000000 ) ) ;
#138 = CARTESIAN_POINT ( 'NONE',  ( -28.99999999999998579, 0.000000000000000000, 15.49999999999999289 ) ) ;
#139 = CARTESIAN_POINT ( 'NONE',  ( -2.781698217743303392, 34.17319645846377085, 0.3684808762463449572 ) ) ;
#140 = DIRECTION ( 'NONE',  ( 0.000000000000000000, 0.000000000000000000, -1.000000000000000000 ) ) ;
#141 = ORIENTED_EDGE ( 'NONE', *, *, #951, .T. ) ;
#142 = VECTOR ( 'NONE', #228, 1000.000000000000000 ) ;
#143 = LINE ( 'NONE', #596, #1125 ) ;
#144 = CIRCLE ( 'NONE', #642, 3.500000000000002220 ) ;
#145 = CARTESIAN_POINT ( 'NONE',  ( -0.7269263603763845838, 34.47930817676748205, -2.710172820017560547 ) ) ;
#146 = LINE ( 'NONE', #1067, #259 ) ;
#147 = ORIENTED_EDGE ( 'NONE', *, *, #1391, .F. ) ;
#148 = EDGE_CURVE ( 'NONE', #496, #226, #72, .T. ) ;
#149 = DIRECTION ( 'NONE',  ( 1.000000000000000000, 0.000000000000000000, 0.000000000000000000 ) ) ;
#150 = DIRECTION ( 'NONE',  ( -1.000000000000000000, 0.000000000000000000, -1.196361017915039979E-16 ) ) ;
#151 = ORIENTED_EDGE ( 'NONE', *, *, #951, .F. ) ;
#152 = CARTESIAN_POINT ( 'NONE',  ( 28.99999999999999645, 0.000000000000000000, -5.650000000000004796 ) ) ;
#153 = ORIENTED_EDGE ( 'NONE', *, *, #1112, .F. ) ;
#154 = LINE ( 'NONE', #491, #666 ) ;
#155 = EDGE_CURVE ( 'NONE', #394, #56, #1440, .T. ) ;
#156 = DIRECTION ( 'NONE',  ( -0.000000000000000000, -1.000000000000000000, -0.000000000000000000 ) ) ;
#157 = VERTEX_POINT ( 'NONE', #343 ) ;
#158 = DIRECTION ( 'NONE',  ( -0.000000000000000000, -0.000000000000000000, 1.000000000000000000 ) ) ;
#159 = ORIENTED_EDGE ( 'NONE', *, *, #425, .F. ) ;
#160 = FACE_OUTER_BOUND ( 'NONE', #1118, .T. ) ;
#161 = AXIS2_PLACEMENT_3D ( 'NONE', #382, #164, #1170 ) ;
#162 = DIRECTION ( 'NONE',  ( -0.000000000000000000, -1.000000000000000000, -0.000000000000000000 ) ) ;
#163 = EDGE_CURVE ( 'NONE', #832, #56, #575, .T. ) ;
#164 = DIRECTION ( 'NONE',  ( -2.990902544787599948E-17, -0.000000000000000000, 1.000000000000000000 ) ) ;
#165 = CIRCLE ( 'NONE', #816, 1.650000000000000355 ) ;
#166 = DIRECTION ( 'NONE',  ( 1.000000000000000000, 0.000000000000000000, 0.000000000000000000 ) ) ;
#167 = CARTESIAN_POINT ( 'NONE',  ( -29.99999999999999289, 45.00000000000000000, 0.000000000000000000 ) ) ;
#168 = VECTOR ( 'NONE', #1472, 1000.000000000000000 ) ;
#169 = DIRECTION ( 'NONE',  ( -1.000000000000000000, 0.000000000000000000, 0.000000000000000000 ) ) ;
#170 = ORIENTED_EDGE ( 'NONE', *, *, #68, .F. ) ;
#171 = CARTESIAN_POINT ( 'NONE',  ( -4.635898944420778532E-16, 0.000000000000000000, 15.49999999999999289 ) ) ;
#172 = ADVANCED_FACE ( 'NONE', ( #1309 ), #45, .F. ) ;
#173 = DIRECTION ( 'NONE',  ( 1.000000000000000000, 0.000000000000000000, 1.196361017915039979E-16 ) ) ;
#174 = CARTESIAN_POINT ( 'NONE',  ( 28.99999999999998934, 45.00000000000000000, -15.50000000000000000 ) ) ;
#175 = CARTESIAN_POINT ( 'NONE',  ( 0.000000000000000000, 0.000000000000000000, 0.000000000000000000 ) ) ;
#176 = EDGE_LOOP ( 'NONE', ( #360, #1447, #1068, #788 ) ) ;
#177 = LINE ( 'NONE', #1419, #1003 ) ;
#178 = ORIENTED_EDGE ( 'NONE', *, *, #123, .F. ) ;
#179 = CARTESIAN_POINT ( 'NONE',  ( 1.405404589161566298, 34.41841395045829444, -2.428717285892592059 ) ) ;
#180 = CARTESIAN_POINT ( 'NONE',  ( 3.429025004380067880E-16, 34.50000000000000000, 2.799999999999999822 ) ) ;
#181 = APPLICATION_CONTEXT ( 'automotive_design' ) ;
#182 = EDGE_CURVE ( 'NONE', #1475, #1380, #144, .T. ) ;
#183 =( LENGTH_UNIT ( ) NAMED_UNIT ( * ) SI_UNIT ( .MILLI., .METRE. ) );
#184 = ORIENTED_EDGE ( 'NONE', *, *, #1491, .T. ) ;
#185 = LINE ( 'NONE', #1474, #240 ) ;
#186 = ORIENTED_EDGE ( 'NONE', *, *, #182, .T. ) ;
#187 = LINE ( 'NONE', #85, #863 ) ;
#188 = CARTESIAN_POINT ( 'NONE',  ( 0.000000000000000000, 0.000000000000000000, 0.000000000000000000 ) ) ;
#189 = CARTESIAN_POINT ( 'NONE',  ( -2.782033444346744488, 10.82688414234435470, -0.3658443998360746408 ) ) ;
#190 = CIRCLE ( 'NONE', #691, 2.799999999999999822 ) ;
#191 = AXIS2_PLACEMENT_3D ( 'NONE', #1275, #1041, #323 ) ;
#192 = VERTEX_POINT ( 'NONE', #966 ) ;
#193 = VECTOR ( 'NONE', #620, 1000.000000000000000 ) ;
#194 = CARTESIAN_POINT ( 'NONE',  ( 0.000000000000000000, 45.00000000000000000, 0.000000000000000000 ) ) ;
#195 = EDGE_CURVE ( 'NONE', #1482, #351, #940, .T. ) ;
#196 = ORIENTED_EDGE ( 'NONE', *, *, #495, .T. ) ;
#197 = AXIS2_PLACEMENT_3D ( 'NONE', #1228, #759, #430 ) ;
#198 = DIRECTION ( 'NONE',  ( 0.000000000000000000, 0.000000000000000000, -1.000000000000000000 ) ) ;
#199 = CARTESIAN_POINT ( 'NONE',  ( -2.710660609149378786, 10.81010423597706271, -0.7251698231181078480 ) ) ;
#200 = ORIENTED_EDGE ( 'NONE', *, *, #821, .T. ) ;
#201 = CARTESIAN_POINT ( 'NONE',  ( 2.800074779926438495, 10.83125622730659465, 0.1821915768817534698 ) ) ;
#202 = ORIENTED_EDGE ( 'NONE', *, *, #750, .F. ) ;
#203 = EDGE_CURVE ( 'NONE', #955, #1363, #286, .T. ) ;
#204 = CARTESIAN_POINT ( 'NONE',  ( -11.15000000000000213, 34.50000000000000000, -40.50000000000001421 ) ) ;
#205 = CARTESIAN_POINT ( 'NONE',  ( -29.99999999999999289, 0.000000000000000000, 5.650000000000003020 ) ) ;
#206 = ORIENTED_EDGE ( 'NONE', *, *, #742, .F. ) ;
#207 = DIRECTION ( 'NONE',  ( -0.000000000000000000, -1.000000000000000000, -0.000000000000000000 ) ) ;
#208 = ORIENTED_EDGE ( 'NONE', *, *, #989, .F. ) ;
#209 = CARTESIAN_POINT ( 'NONE',  ( 2.428360310250334830, 34.25217924733661334, 1.405777998130751660 ) ) ;
#210 = DIRECTION ( 'NONE',  ( 1.000000000000000000, 0.000000000000000000, 0.000000000000000000 ) ) ;
#211 = APPLICATION_CONTEXT ( 'automotive_design' ) ;
#212 = CARTESIAN_POINT ( 'NONE',  ( 28.99999999999998934, 0.000000000000000000, 15.49999999999999467 ) ) ;
#213 = LINE ( 'NONE', #98, #44 ) ;
#214 = CARTESIAN_POINT ( 'NONE',  ( -29.99999999999999289, 45.00000000000000000, 0.000000000000000000 ) ) ;
#215 = VERTEX_POINT ( 'NONE', #2 ) ;
#216 = CARTESIAN_POINT ( 'NONE',  ( 1.708458983538581277, 10.62125204261995037, -2.225889523212515986 ) ) ;
#217 = ORIENTED_EDGE ( 'NONE', *, *, #686, .F. ) ;
#218 = VECTOR ( 'NONE', #1214, 1000.000000000000000 ) ;
#219 = CARTESIAN_POINT ( 'NONE',  ( 0.7357368916693608485, 34.48220736630035077, 2.726158895060168508 ) ) ;
#220 = DIRECTION ( 'NONE',  ( -1.000000000000000000, 0.000000000000000000, 0.000000000000000000 ) ) ;
#221 = CARTESIAN_POINT ( 'NONE',  ( -4.635898944420778532E-16, 22.50000000000000000, -40.50000000000001421 ) ) ;
#222 = EDGE_CURVE ( 'NONE', #714, #879, #1487, .T. ) ;
#223 = CARTESIAN_POINT ( 'NONE',  ( -19.99999999999998934, 0.000000000000000000, 0.000000000000000000 ) ) ;
#224 = ORIENTED_EDGE ( 'NONE', *, *, #1406, .T. ) ;
#225 = DIRECTION ( 'NONE',  ( 1.000000000000000000, 0.000000000000000000, 2.990902544787599948E-17 ) ) ;
#226 = VERTEX_POINT ( 'NONE', #205 ) ;
#227 = CARTESIAN_POINT ( 'NONE',  ( -19.99999999999998934, 45.00000000000000000, 4.649999999999995026 ) ) ;
#228 = DIRECTION ( 'NONE',  ( -0.000000000000000000, -0.000000000000000000, 1.000000000000000000 ) ) ;
#229 = ORIENTED_EDGE ( 'NONE', *, *, #1112, .T. ) ;
#230 = EDGE_CURVE ( 'NONE', #1211, #480, #107, .T. ) ;
#231 = DIRECTION ( 'NONE',  ( 1.000000000000000000, 0.000000000000000000, 0.000000000000000000 ) ) ;
#232 = ORIENTED_EDGE ( 'NONE', *, *, #230, .F. ) ;
#233 = CARTESIAN_POINT ( 'NONE',  ( 9.599999999999997868, 38.10000000000000142, 13.39999999999999147 ) ) ;
#234 = DIRECTION ( 'NONE',  ( -0.000000000000000000, -1.000000000000000000, -0.000000000000000000 ) ) ;
#235 = VERTEX_POINT ( 'NONE', #456 ) ;
#236 = PLANE ( 'NONE',  #540 ) ;
#237 = ORIENTED_EDGE ( 'NONE', *, *, #1180, .T. ) ;
#238 = EDGE_CURVE ( 'NONE', #798, #295, #462, .T. ) ;
#239 = DIRECTION ( 'NONE',  ( -1.000000000000000000, 0.000000000000000000, -0.000000000000000000 ) ) ;
#240 = VECTOR ( 'NONE', #1243, 1000.000000000000000 ) ;
#241 = AXIS2_PLACEMENT_3D ( 'NONE', #682, #133, #1160 ) ;
#242 = AXIS2_PLACEMENT_3D ( 'NONE', #880, #502, #1208 ) ;
#243 = DIRECTION ( 'NONE',  ( -2.891205793294682764E-16, 0.000000000000000000, -1.000000000000000000 ) ) ;
#244 = ORIENTED_EDGE ( 'NONE', *, *, #1483, .T. ) ;
#245 = LINE ( 'NONE', #797, #1196 ) ;
#246 = ORIENTED_EDGE ( 'NONE', *, *, #1287, .T. ) ;
#247 = DIRECTION ( 'NONE',  ( -1.000000000000000000, 0.000000000000000000, 0.000000000000000000 ) ) ;
#248 = PRODUCT_RELATED_PRODUCT_CATEGORY ( 'part', '', ( #516 ) ) ;
#249 = DIRECTION ( 'NONE',  ( -1.000000000000000000, 0.000000000000000000, 0.000000000000000000 ) ) ;
#250 = CARTESIAN_POINT ( 'NONE',  ( -1.708458983538582610, 34.37874795738004963, -2.225889523212514653 ) ) ;
#251 = CARTESIAN_POINT ( 'NONE',  ( -13.10000000000000142, 45.00000000000000000, 15.49999999999999289 ) ) ;
#252 = ORIENTED_EDGE ( 'NONE', *, *, #960, .F. ) ;
#253 = DIRECTION ( 'NONE',  ( -0.000000000000000000, -1.000000000000000000, 0.000000000000000000 ) ) ;
#254 = CARTESIAN_POINT ( 'NONE',  ( 1.854359577768312596E-15, 0.000000000000000000, -15.50000000000000355 ) ) ;
#255 = EDGE_CURVE ( 'NONE', #297, #1380, #1121, .T. ) ;
#256 = ORIENTED_EDGE ( 'NONE', *, *, #1455, .F. ) ;
#257 = DIRECTION ( 'NONE',  ( 0.000000000000000000, 0.000000000000000000, 1.000000000000000000 ) ) ;
#258 = VERTEX_POINT ( 'NONE', #99 ) ;
#259 = VECTOR ( 'NONE', #25, 1000.000000000000000 ) ;
#260 = CYLINDRICAL_SURFACE ( 'NONE', #37, 2.799999999999999822 ) ;
#261 = AXIS2_PLACEMENT_3D ( 'NONE', #1111, #77, #529 ) ;
#262 = DIRECTION ( 'NONE',  ( -0.000000000000000000, -1.000000000000000000, -0.000000000000000000 ) ) ;
#263 = CARTESIAN_POINT ( 'NONE',  ( -2.224757369655829820, 34.29242711529908405, -1.710064390998423445 ) ) ;
#264 = ADVANCED_FACE ( 'NONE', ( #1042 ), #1377, .F. ) ;
#265 = DIRECTION ( 'NONE',  ( 0.000000000000000000, 1.000000000000000000, -0.000000000000000000 ) ) ;
#266 = ORIENTED_EDGE ( 'NONE', *, *, #1448, .T. ) ;
#267 = DIRECTION ( 'NONE',  ( -0.000000000000000000, -1.000000000000000000, -0.000000000000000000 ) ) ;
#268 = LINE ( 'NONE', #46, #1457 ) ;
#269 = ORIENTED_EDGE ( 'NONE', *, *, #750, .T. ) ;
#270 =( NAMED_UNIT ( * ) SI_UNIT ( $, .STERADIAN. ) SOLID_ANGLE_UNIT ( ) );
#271 = EDGE_CURVE ( 'NONE', #226, #319, #1276, .T. ) ;
#272 = VERTEX_POINT ( 'NONE', #898 ) ;
#273 = CARTESIAN_POINT ( 'NONE',  ( 0.000000000000000000, 45.00000000000000000, 0.000000000000000000 ) ) ;
#274 = ORIENTED_EDGE ( 'NONE', *, *, #503, .T. ) ;
#275 = CARTESIAN_POINT ( 'NONE',  ( 0.000000000000000000, 45.00000000000000000, 0.000000000000000000 ) ) ;
#276 = DIRECTION ( 'NONE',  ( 3.730588120380233900E-16, 0.000000000000000000, -1.000000000000000000 ) ) ;
#277 = VERTEX_POINT ( 'NONE', #921 ) ;
#278 = DIRECTION ( 'NONE',  ( -1.000000000000000000, 0.000000000000000000, 0.000000000000000000 ) ) ;
#279 = DIRECTION ( 'NONE',  ( -1.000000000000000000, 0.000000000000000000, 0.000000000000000000 ) ) ;
#280 = ORIENTED_EDGE ( 'NONE', *, *, #359, .T. ) ;
#281 = CARTESIAN_POINT ( 'NONE',  ( 0.000000000000000000, 0.000000000000000000, 0.000000000000000000 ) ) ;
#282 = AXIS2_PLACEMENT_3D ( 'NONE', #700, #135, #1162 ) ;
#283 = EDGE_CURVE ( 'NONE', #1024, #82, #1014, .T. ) ;
#284 = CARTESIAN_POINT ( 'NONE',  ( 2.109545700127789303, 34.31383849011591991, -1.850096740667209305 ) ) ;
#285 = CARTESIAN_POINT ( 'NONE',  ( 3.429011037612588290E-16, 45.00000000000000000, 2.799999999999999822 ) ) ;
#286 = CIRCLE ( 'NONE', #913, 1.650000000000000355 ) ;
#287 = CARTESIAN_POINT ( 'NONE',  ( -9.599999999999996092, 10.40000000000000213, 13.39999999999999147 ) ) ;
#288 = ORIENTED_EDGE ( 'NONE', *, *, #182, .F. ) ;
#289 = AXIS2_PLACEMENT_3D ( 'NONE', #973, #1280, #1435 ) ;
#290 = CARTESIAN_POINT ( 'NONE',  ( -29.99999999999999289, 0.000000000000000000, -14.49999999999999822 ) ) ;
#291 = EDGE_CURVE ( 'NONE', #1058, #1138, #802, .T. ) ;
#292 = CARTESIAN_POINT ( 'NONE',  ( 2.226606609659292690, 34.29207405009030651, -1.707595100285365541 ) ) ;
#293 = FACE_OUTER_BOUND ( 'NONE', #1221, .T. ) ;
#294 = CARTESIAN_POINT ( 'NONE',  ( -12.00000000000000000, 22.50000000000000000, -15.50000000000000533 ) ) ;
#295 = VERTEX_POINT ( 'NONE', #1369 ) ;
#296 = CARTESIAN_POINT ( 'NONE',  ( 0.000000000000000000, 45.00000000000000000, -2.799999999999999822 ) ) ;
#297 = VERTEX_POINT ( 'NONE', #88 ) ;
#298 = FACE_OUTER_BOUND ( 'NONE', #795, .T. ) ;
#299 = ADVANCED_FACE ( 'NONE', ( #1382, #1031 ), #316, .T. ) ;
#300 = CARTESIAN_POINT ( 'NONE',  ( 0.000000000000000000, 45.00000000000000000, 0.000000000000000000 ) ) ;
#301 = ORIENTED_EDGE ( 'NONE', *, *, #724, .F. ) ;
#302 = CARTESIAN_POINT ( 'NONE',  ( 1.851827764675854970, 10.64302974179414107, -2.108043087786807046 ) ) ;
#303 = ORIENTED_EDGE ( 'NONE', *, *, #9, .T. ) ;
#304 = DIRECTION ( 'NONE',  ( 2.990902544787599948E-17, 0.000000000000000000, -1.000000000000000000 ) ) ;
#305 = DIRECTION ( 'NONE',  ( -1.000000000000000000, 0.000000000000000000, 0.000000000000000000 ) ) ;
#306 = CARTESIAN_POINT ( 'NONE',  ( -1.241497238385192992, 10.56319409796831899, 2.516346037571478789 ) ) ;
#307 = AXIS2_PLACEMENT_3D ( 'NONE', #733, #23, #942 ) ;
#308 = ORIENTED_EDGE ( 'NONE', *, *, #155, .T. ) ;
#309 = EDGE_CURVE ( 'NONE', #411, #1279, #794, .T. ) ;
#310 = CARTESIAN_POINT ( 'NONE',  ( 0.7269263603763844728, 10.52069182323249308, -2.710172820017562323 ) ) ;
#311 = ORIENTED_EDGE ( 'NONE', *, *, #68, .T. ) ;
#312 = CIRCLE ( 'NONE', #890, 3.500000000000001332 ) ;
#313 = AXIS2_PLACEMENT_3D ( 'NONE', #941, #1401, #279 ) ;
#314 = LINE ( 'NONE', #776, #1105 ) ;
#315 = CARTESIAN_POINT ( 'NONE',  ( 20.00000000000000711, 45.00000000000000000, -4.650000000000003020 ) ) ;
#316 = PLANE ( 'NONE',  #743 ) ;
#317 = ORIENTED_EDGE ( 'NONE', *, *, #1298, .F. ) ;
#318 = CARTESIAN_POINT ( 'NONE',  ( 1.406210207615792074, 10.58169968829839824, 2.428118434722666308 ) ) ;
#319 = VERTEX_POINT ( 'NONE', #350 ) ;
#320 = EDGE_CURVE ( 'NONE', #1363, #955, #670, .T. ) ;
#321 = DIRECTION ( 'NONE',  ( -0.000000000000000000, -0.000000000000000000, 1.000000000000000000 ) ) ;
#322 = DIRECTION ( 'NONE',  ( -1.000000000000000000, 0.000000000000000000, 0.000000000000000000 ) ) ;
#323 = DIRECTION ( 'NONE',  ( 0.000000000000000000, 0.000000000000000000, -1.000000000000000000 ) ) ;
#324 = CARTESIAN_POINT ( 'NONE',  ( -7.850000000000001421, 34.50000000000000000, -15.50000000000000355 ) ) ;
#325 = DIRECTION ( 'NONE',  ( 0.000000000000000000, 0.000000000000000000, 1.000000000000000000 ) ) ;
#326 = ORIENTED_EDGE ( 'NONE', *, *, #648, .T. ) ;
#327 = CYLINDRICAL_SURFACE ( 'NONE', #1055, 2.799999999999999822 ) ;
#328 = ORIENTED_EDGE ( 'NONE', *, *, #1261, .F. ) ;
#329 = EDGE_CURVE ( 'NONE', #391, #82, #542, .T. ) ;
#330 = DIRECTION ( 'NONE',  ( 1.000000000000000000, 0.000000000000000000, 0.000000000000000000 ) ) ;
#331 = CARTESIAN_POINT ( 'NONE',  ( -1.405404589161565632, 10.58158604954169846, -2.428717285892592503 ) ) ;
#332 = CARTESIAN_POINT ( 'NONE',  ( 0.000000000000000000, 45.00000000000000000, 0.000000000000000000 ) ) ;
#333 = ORIENTED_EDGE ( 'NONE', *, *, #929, .T. ) ;
#334 = AXIS2_PLACEMENT_3D ( 'NONE', #1176, #1064, #1188 ) ;
#335 = FACE_BOUND ( 'NONE', #354, .T. ) ;
#336 = AXIS2_PLACEMENT_3D ( 'NONE', #634, #643, #305 ) ;
#337 = ORIENTED_EDGE ( 'NONE', *, *, #495, .F. ) ;
#338 = CARTESIAN_POINT ( 'NONE',  ( 12.00000000000000000, 22.50000000000000000, -40.50000000000001421 ) ) ;
#339 = CARTESIAN_POINT ( 'NONE',  ( 30.00000000000000000, 45.00000000000000000, 0.000000000000000000 ) ) ;
#340 = AXIS2_PLACEMENT_3D ( 'NONE', #532, #1433, #1096 ) ;
#341 = AXIS2_PLACEMENT_3D ( 'NONE', #571, #1158, #1365 ) ;
#342 = EDGE_CURVE ( 'NONE', #128, #496, #445, .T. ) ;
#343 = CARTESIAN_POINT ( 'NONE',  ( -28.99999999999998579, 0.000000000000000000, -4.650000000000001243 ) ) ;
#344 = EDGE_CURVE ( 'NONE', #1079, #843, #1259, .T. ) ;
#345 = CARTESIAN_POINT ( 'NONE',  ( -29.99999999999999289, 45.00000000000000000, 14.49999999999998579 ) ) ;
#346 = ORIENTED_EDGE ( 'NONE', *, *, #344, .T. ) ;
#347 = PLANE ( 'NONE',  #740 ) ;
#348 = ORIENTED_EDGE ( 'NONE', *, *, #21, .F. ) ;
#349 = FACE_OUTER_BOUND ( 'NONE', #407, .T. ) ;
#350 = CARTESIAN_POINT ( 'NONE',  ( -28.99999999999998579, 0.000000000000000000, 4.649999999999995914 ) ) ;
#351 = VERTEX_POINT ( 'NONE', #1154 ) ;
#352 = EDGE_CURVE ( 'NONE', #931, #1271, #594, .T. ) ;
#353 = DIRECTION ( 'NONE',  ( -1.000000000000000000, -1.433655765270088848E-16, 0.000000000000000000 ) ) ;
#354 = EDGE_LOOP ( 'NONE', ( #224, #208, #246, #419, #186, #34, #308, #202 ) ) ;
#355 = DIRECTION ( 'NONE',  ( 0.000000000000000000, 0.000000000000000000, -1.000000000000000000 ) ) ;
#356 = DIRECTION ( 'NONE',  ( -1.000000000000000000, 0.000000000000000000, -2.990902544787599948E-17 ) ) ;
#357 = ORIENTED_EDGE ( 'NONE', *, *, #110, .F. ) ;
#358 = DIRECTION ( 'NONE',  ( 2.990902544787599948E-17, 0.000000000000000000, -1.000000000000000000 ) ) ;
#359 = EDGE_CURVE ( 'NONE', #11, #1417, #187, .T. ) ;
#360 = ORIENTED_EDGE ( 'NONE', *, *, #148, .F. ) ;
#361 = CARTESIAN_POINT ( 'NONE',  ( -9.599999999999999645, 34.60000000000000142, 13.39999999999999147 ) ) ;
#362 = AXIS2_PLACEMENT_3D ( 'NONE', #1278, #810, #231 ) ;
#363 = VECTOR ( 'NONE', #127, 1000.000000000000000 ) ;
#364 = LINE ( 'NONE', #254, #39 ) ;
#365 = CARTESIAN_POINT ( 'NONE',  ( -0.3681551680108339775, 34.49569539875225388, -2.781711778750435293 ) ) ;
#366 = LINE ( 'NONE', #10, #448 ) ;
#367 = ORIENTED_EDGE ( 'NONE', *, *, #1294, .F. ) ;
#368 = DIRECTION ( 'NONE',  ( 0.000000000000000000, 1.000000000000000000, -0.000000000000000000 ) ) ;
#369 = CYLINDRICAL_SURFACE ( 'NONE', #475, 1.650000000000000355 ) ;
#370 = EDGE_CURVE ( 'NONE', #1460, #11, #1002, .T. ) ;
#371 = FACE_OUTER_BOUND ( 'NONE', #76, .T. ) ;
#372 = CARTESIAN_POINT ( 'NONE',  ( -2.656778420866860557, 34.20242444684303962, 0.9029743524082913808 ) ) ;
#373 = EDGE_LOOP ( 'NONE', ( #1244, #907, #89, #1238 ) ) ;
#374 = ADVANCED_FACE ( 'NONE', ( #70 ), #650, .F. ) ;
#375 = DIRECTION ( 'NONE',  ( 0.000000000000000000, 0.000000000000000000, 1.000000000000000000 ) ) ;
#376 = CARTESIAN_POINT ( 'NONE',  ( -2.709884585524258593, 34.19007639263428189, 0.7281130845504391047 ) ) ;
#377 = CARTESIAN_POINT ( 'NONE',  ( 28.99999999999999645, 0.000000000000000000, 14.49999999999999467 ) ) ;
#378 = ORIENTED_EDGE ( 'NONE', *, *, #309, .F. ) ;
#379 = CARTESIAN_POINT ( 'NONE',  ( 28.99999999999999645, 45.00000000000000000, 14.49999999999999467 ) ) ;
#380 = AXIS2_PLACEMENT_3D ( 'NONE', #221, #576, #330 ) ;
#381 = AXIS2_PLACEMENT_3D ( 'NONE', #927, #807, #565 ) ;
#382 = CARTESIAN_POINT ( 'NONE',  ( -4.635898944420778532E-16, 22.50000000000000000, 13.39999999999998792 ) ) ;
#383 = EDGE_CURVE ( 'NONE', #235, #978, #765, .T. ) ;
#384 = CARTESIAN_POINT ( 'NONE',  ( 3.429025004380067880E-16, 34.50000000000000000, 2.799999999999999822 ) ) ;
#385 = CIRCLE ( 'NONE', #1225, 0.9999999999999991118 ) ;
#386 = ADVANCED_FACE ( 'NONE', ( #768 ), #1227, .T. ) ;
#387 = AXIS2_PLACEMENT_3D ( 'NONE', #1013, #1465, #1444 ) ;
#388 = VERTEX_POINT ( 'NONE', #1486 ) ;
#389 = DIRECTION ( 'NONE',  ( 1.000000000000000000, -0.000000000000000000, 2.990902544787599948E-17 ) ) ;
#390 = FACE_BOUND ( 'NONE', #586, .T. ) ;
#391 = VERTEX_POINT ( 'NONE', #1144 ) ;
#392 = DIRECTION ( 'NONE',  ( 0.000000000000000000, 0.000000000000000000, -1.000000000000000000 ) ) ;
#393 = DIRECTION ( 'NONE',  ( -0.000000000000000000, -1.000000000000000000, -0.000000000000000000 ) ) ;
#394 = VERTEX_POINT ( 'NONE', #926 ) ;
#395 = EDGE_CURVE ( 'NONE', #1211, #1079, #1478, .T. ) ;
#396 = LINE ( 'NONE', #171, #1295 ) ;
#397 = DIRECTION ( 'NONE',  ( -0.000000000000000000, -1.000000000000000000, -0.000000000000000000 ) ) ;
#398 = CARTESIAN_POINT ( 'NONE',  ( -19.99999999999998934, 0.000000000000000000, 4.649999999999995026 ) ) ;
#399 = ORIENTED_EDGE ( 'NONE', *, *, #203, .F. ) ;
#400 = LINE ( 'NONE', #27, #1273 ) ;
#401 = AXIS2_PLACEMENT_3D ( 'NONE', #1061, #156, #482 ) ;
#402 = AXIS2_PLACEMENT_3D ( 'NONE', #1019, #783, #1201 ) ;
#403 = DIRECTION ( 'NONE',  ( -0.000000000000000000, -0.000000000000000000, 1.000000000000000000 ) ) ;
#404 = DIRECTION ( 'NONE',  ( -0.000000000000000000, -1.000000000000000000, -0.000000000000000000 ) ) ;
#405 = VERTEX_POINT ( 'NONE', #1127 ) ;
#406 = LINE ( 'NONE', #296, #1320 ) ;
#407 = EDGE_LOOP ( 'NONE', ( #1385, #986, #924, #184 ) ) ;
#408 =( LENGTH_UNIT ( ) NAMED_UNIT ( * ) SI_UNIT ( .MILLI., .METRE. ) );
#409 = CARTESIAN_POINT ( 'NONE',  ( -29.99999999999999289, 45.00000000000000000, 0.000000000000000000 ) ) ;
#410 = CARTESIAN_POINT ( 'NONE',  ( -2.225872716212895508, 10.70779318748406084, 1.708401658757868091 ) ) ;
#411 = VERTEX_POINT ( 'NONE', #460 ) ;
#412 = CARTESIAN_POINT ( 'NONE',  ( 2.782017652818133957, 10.82687915388338951, -0.3666023023940993553 ) ) ;
#413 = ORIENTED_EDGE ( 'NONE', *, *, #1083, .T. ) ;
#414 = ADVANCED_FACE ( 'NONE', ( #1250 ), #1470, .T. ) ;
#415 = DIRECTION ( 'NONE',  ( 0.000000000000000000, 0.000000000000000000, -1.000000000000000000 ) ) ;
#416 = CARTESIAN_POINT ( 'NONE',  ( -29.99999999999999289, 45.00000000000000000, 0.000000000000000000 ) ) ;
#417 = EDGE_LOOP ( 'NONE', ( #69, #206, #536, #74 ) ) ;
#418 = CARTESIAN_POINT ( 'NONE',  ( -28.99999999999998934, 45.00000000000000000, -14.50000000000000533 ) ) ;
#419 = ORIENTED_EDGE ( 'NONE', *, *, #461, .F. ) ;
#420 = CARTESIAN_POINT ( 'NONE',  ( 9.599999999999997868, 34.60000000000000142, 13.39999999999999147 ) ) ;
#421 = CARTESIAN_POINT ( 'NONE',  ( -0.9078639843836566747, 10.53319666926056186, -2.655008532357033602 ) ) ;
#422 = CIRCLE ( 'NONE', #1346, 1.000000000000000000 ) ;
#423 = CIRCLE ( 'NONE', #307, 3.500000000000002220 ) ;
#424 = VERTEX_POINT ( 'NONE', #444 ) ;
#425 = EDGE_CURVE ( 'NONE', #157, #411, #7, .T. ) ;
#426 = AXIS2_PLACEMENT_3D ( 'NONE', #1338, #304, #322 ) ;
#427 = DIRECTION ( 'NONE',  ( -0.000000000000000000, -0.000000000000000000, 1.000000000000000000 ) ) ;
#428 = ORIENTED_EDGE ( 'NONE', *, *, #1174, .F. ) ;
#429 = CARTESIAN_POINT ( 'NONE',  ( -29.99999999999999289, 45.00000000000000000, 5.650000000000003020 ) ) ;
#430 = DIRECTION ( 'NONE',  ( -1.000000000000000000, 0.000000000000000000, 0.000000000000000000 ) ) ;
#431 = CARTESIAN_POINT ( 'NONE',  ( 4.481368979606749360E-16, 45.00000000000000000, 4.649999999999993250 ) ) ;
#432 = EDGE_LOOP ( 'NONE', ( #943, #1398, #1022, #116 ) ) ;
#433 = DIRECTION ( 'NONE',  ( 1.000000000000000000, 0.000000000000000000, 0.000000000000000000 ) ) ;
#434 = ORIENTED_EDGE ( 'NONE', *, *, #607, .T. ) ;
#435 = SURFACE_STYLE_USAGE ( .BOTH. , #873 ) ;
#436 = FACE_OUTER_BOUND ( 'NONE', #638, .T. ) ;
#437 = DIRECTION ( 'NONE',  ( -0.000000000000000000, -1.000000000000000000, -0.000000000000000000 ) ) ;
#438 = CARTESIAN_POINT ( 'NONE',  ( 20.00000000000000355, 0.000000000000000000, 7.461176240760468391E-15 ) ) ;
#439 = ORIENTED_EDGE ( 'NONE', *, *, #1189, .F. ) ;
#440 = DIRECTION ( 'NONE',  ( -0.000000000000000000, -1.000000000000000000, -0.000000000000000000 ) ) ;
#441 = EDGE_LOOP ( 'NONE', ( #1469, #217 ) ) ;
#442 = EDGE_CURVE ( 'NONE', #1351, #883, #126, .T. ) ;
#443 = FILL_AREA_STYLE_COLOUR ( '', #1077 ) ;
#444 = CARTESIAN_POINT ( 'NONE',  ( 11.15000000000000036, 10.50000000000000178, -15.50000000000000355 ) ) ;
#445 = LINE ( 'NONE', #345, #1395 ) ;
#446 = AXIS2_PLACEMENT_3D ( 'NONE', #1165, #1177, #150 ) ;
#447 = EDGE_LOOP ( 'NONE', ( #328, #592, #1181, #1451, #1207, #826, #1467, #528 ) ) ;
#448 = VECTOR ( 'NONE', #225, 1000.000000000000000 ) ;
#449 = CARTESIAN_POINT ( 'NONE',  ( 30.00000000000000000, 0.000000000000000000, 14.49999999999998757 ) ) ;
#450 = VECTOR ( 'NONE', #676, 1000.000000000000000 ) ;
#451 = ORIENTED_EDGE ( 'NONE', *, *, #1149, .F. ) ;
#452 = B_SPLINE_CURVE_WITH_KNOTS ( 'NONE', 3,
 ( #652, #881, #1340, #306, #985, #1240, #1107, #1120, #410, #1334, #539, #777, #769, #1216, #189, #199, #1129, #1114, #644, #1456, #80, #533, #998, #331, #657, #421, #87, #1358, #897, #889 ),
 .UNSPECIFIED., .F., .F.,
 ( 4, 2, 2, 2, 2, 2, 2, 2, 2, 2, 2, 2, 2, 2, 4 ),
 ( 0.008784437597443899015, 0.009882199730859032513, 0.01043108079756660013, 0.01097996186427416601, 0.01152884293098173363, 0.01207772399768930124, 0.01317548613110443648, 0.01372436719781200409, 0.01427324826451957171, 0.01482212933122713933, 0.01537101039793470694, 0.01591989146464227803, 0.01646877253134984564, 0.01701765359805741673, 0.01756653466476498435 ),
 .UNSPECIFIED. ) ;
#453 = CIRCLE ( 'NONE', #341, 1.000000000000000000 ) ;
#454 = ADVANCED_FACE ( 'NONE', ( #667, #436 ), #920, .F. ) ;
#455 = CARTESIAN_POINT ( 'NONE',  ( -29.99999999999999289, 0.000000000000000000, 14.49999999999998579 ) ) ;
#456 = CARTESIAN_POINT ( 'NONE',  ( 11.15000000000000036, 10.50000000000000178, 13.39999999999998792 ) ) ;
#457 = ORIENTED_EDGE ( 'NONE', *, *, #1294, .T. ) ;
#458 = PLANE ( 'NONE',  #614 ) ;
#459 = ORIENTED_EDGE ( 'NONE', *, *, #919, .F. ) ;
#460 = CARTESIAN_POINT ( 'NONE',  ( -19.99999999999998934, 0.000000000000000000, -4.650000000000001243 ) ) ;
#461 = EDGE_CURVE ( 'NONE', #1475, #899, #114, .T. ) ;
#462 = LINE ( 'NONE', #431, #1300 ) ;
#463 = ORIENTED_EDGE ( 'NONE', *, *, #21, .T. ) ;
#464 = DIRECTION ( 'NONE',  ( 1.000000000000000000, 0.000000000000000000, 0.000000000000000000 ) ) ;
#465 = EDGE_LOOP ( 'NONE', ( #1122, #1267, #1115, #1213 ) ) ;
#466 = CARTESIAN_POINT ( 'NONE',  ( -11.15000000000000213, 34.50000000000000000, 13.39999999999998792 ) ) ;
#467 = DIRECTION ( 'NONE',  ( -1.000000000000000000, 0.000000000000000000, 1.927470528863122746E-16 ) ) ;
#468 = CARTESIAN_POINT ( 'NONE',  ( -0.1856919334116969578, 34.50000000000000711, -2.800000000000000711 ) ) ;
#469 = VECTOR ( 'NONE', #511, 1000.000000000000000 ) ;
#470 = CARTESIAN_POINT ( 'NONE',  ( 0.3690021577959220478, 10.50431849204416324, 2.781655226930304536 ) ) ;
#471 = VERTEX_POINT ( 'NONE', #1387 ) ;
#472 = ADVANCED_FACE ( 'NONE', ( #1376 ), #1030, .F. ) ;
#473 = AXIS2_PLACEMENT_3D ( 'NONE', #273, #1411, #1329 ) ;
#474 = CARTESIAN_POINT ( 'NONE',  ( -7.850000000000001421, 34.50000000000000000, -40.50000000000001421 ) ) ;
#475 = AXIS2_PLACEMENT_3D ( 'NONE', #1046, #158, #587 ) ;
#476 = FACE_BOUND ( 'NONE', #441, .T. ) ;
#477 = CIRCLE ( 'NONE', #197, 1.650000000000000355 ) ;
#478 = CARTESIAN_POINT ( 'NONE',  ( 3.428997070783859567E-16, 10.49999999999999822, 2.799999999999999822 ) ) ;
#479 = DIRECTION ( 'NONE',  ( 1.433655765270088848E-16, -1.000000000000000000, 4.287924676695722518E-33 ) ) ;
#480 = VERTEX_POINT ( 'NONE', #793 ) ;
#481 = EDGE_CURVE ( 'NONE', #1161, #1172, #1297, .T. ) ;
#482 = DIRECTION ( 'NONE',  ( 0.000000000000000000, 0.000000000000000000, -1.000000000000000000 ) ) ;
#483 = CARTESIAN_POINT ( 'NONE',  ( -1.406210207615791186, 34.41830031170159288, 2.428118434722666308 ) ) ;
#484 = FACE_OUTER_BOUND ( 'NONE', #753, .T. ) ;
#485 = ORIENTED_EDGE ( 'NONE', *, *, #821, .F. ) ;
#486 = CARTESIAN_POINT ( 'NONE',  ( -29.99999999999999289, 45.00000000000000000, -5.650000000000008349 ) ) ;
#487 = ADVANCED_FACE ( 'NONE', ( #813 ), #106, .T. ) ;
#488 = FACE_BOUND ( 'NONE', #1157, .T. ) ;
#489 = CARTESIAN_POINT ( 'NONE',  ( -0.7293868501812078575, 34.47917076660794322, 2.709568824877763848 ) ) ;
#490 = ORIENTED_EDGE ( 'NONE', *, *, #1448, .F. ) ;
#491 = CARTESIAN_POINT ( 'NONE',  ( -12.00000000000000000, 22.50000000000000000, -40.50000000000001421 ) ) ;
#492 = AXIS2_PLACEMENT_3D ( 'NONE', #418, #906, #1109 ) ;
#493 = CIRCLE ( 'NONE', #616, 1.000000000000000888 ) ;
#494 = DIRECTION ( 'NONE',  ( 1.000000000000000000, -0.000000000000000000, 0.000000000000000000 ) ) ;
#495 = EDGE_CURVE ( 'NONE', #388, #157, #1, .T. ) ;
#496 = VERTEX_POINT ( 'NONE', #455 ) ;
#497 = VECTOR ( 'NONE', #1234, 1000.000000000000000 ) ;
#498 = DIRECTION ( 'NONE',  ( -0.000000000000000000, -0.000000000000000000, 1.000000000000000000 ) ) ;
#499 = ORIENTED_EDGE ( 'NONE', *, *, #1248, .T. ) ;
#500 = DIRECTION ( 'NONE',  ( -0.000000000000000000, -0.000000000000000000, 1.000000000000000000 ) ) ;
#501 = DIRECTION ( 'NONE',  ( 0.000000000000000000, 0.000000000000000000, -1.000000000000000000 ) ) ;
#502 = DIRECTION ( 'NONE',  ( -2.990902544787599948E-17, -0.000000000000000000, 1.000000000000000000 ) ) ;
#503 = EDGE_CURVE ( 'NONE', #701, #496, #1029, .T. ) ;
#504 = DIRECTION ( 'NONE',  ( 1.000000000000000000, -0.000000000000000000, 2.990902544787599948E-17 ) ) ;
#505 = CARTESIAN_POINT ( 'NONE',  ( -4.635898944420778532E-16, 22.50000000000000000, -40.50000000000001421 ) ) ;
#506 = ORIENTED_EDGE ( 'NONE', *, *, #1261, .T. ) ;
#507 = DIRECTION ( 'NONE',  ( 0.000000000000000000, 1.000000000000000000, -0.000000000000000000 ) ) ;
#508 = CARTESIAN_POINT ( 'NONE',  ( 2.656413391205138641, 34.20250474760764803, -0.9038354552990122137 ) ) ;
#509 = CARTESIAN_POINT ( 'NONE',  ( 28.99999999999998934, 45.00000000000000000, 4.649999999999987921 ) ) ;
#510 = UNCERTAINTY_MEASURE_WITH_UNIT (LENGTH_MEASURE( 1.000000000000000082E-05 ), #408, 'distance_accuracy_value', 'NONE');
#511 = DIRECTION ( 'NONE',  ( -2.150483647905133395E-16, 1.000000000000000000, -6.431887015043584120E-33 ) ) ;
#512 = DIRECTION ( 'NONE',  ( 1.000000000000000000, 0.000000000000000000, 0.000000000000000000 ) ) ;
#513 = ORIENTED_EDGE ( 'NONE', *, *, #1180, .F. ) ;
#514 = DIRECTION ( 'NONE',  ( -0.000000000000000000, -1.000000000000000000, -0.000000000000000000 ) ) ;
#515 = VERTEX_POINT ( 'NONE', #233 ) ;
#516 = PRODUCT ( 'Neutrik_CenterSupport', 'Neutrik_CenterSupport', '', ( #882 ) ) ;
#517 = VECTOR ( 'NONE', #624, 1000.000000000000000 ) ;
#518 = CARTESIAN_POINT ( 'NONE',  ( -29.99999999999999289, 45.00000000000000000, -14.49999999999999822 ) ) ;
#519 = LINE ( 'NONE', #1106, #796 ) ;
#520 = CARTESIAN_POINT ( 'NONE',  ( 30.00000000000000000, 45.00000000000000000, -14.49999999999999289 ) ) ;
#521 = EDGE_LOOP ( 'NONE', ( #266, #200, #134, #885 ) ) ;
#522 = CARTESIAN_POINT ( 'NONE',  ( 9.599999999999997868, 38.10000000000000142, 13.39999999999999147 ) ) ;
#523 = VERTEX_POINT ( 'NONE', #212 ) ;
#524 = CARTESIAN_POINT ( 'NONE',  ( 30.00000000000000000, 0.000000000000000000, 5.649999999999995026 ) ) ;
#525 = LINE ( 'NONE', #315, #697 ) ;
#526 = ORIENTED_EDGE ( 'NONE', *, *, #1391, .T. ) ;
#527 = DIRECTION ( 'NONE',  ( -0.000000000000000000, -1.000000000000000000, -0.000000000000000000 ) ) ;
#528 = ORIENTED_EDGE ( 'NONE', *, *, #395, .T. ) ;
#529 = DIRECTION ( 'NONE',  ( 1.000000000000000000, 0.000000000000000000, 0.000000000000000000 ) ) ;
#530 = EDGE_CURVE ( 'NONE', #1138, #391, #97, .T. ) ;
#531 = EDGE_CURVE ( 'NONE', #295, #1279, #1381, .T. ) ;
#532 = CARTESIAN_POINT ( 'NONE',  ( -28.99999999999998934, 45.00000000000000000, -5.650000000000001243 ) ) ;
#533 = CARTESIAN_POINT ( 'NONE',  ( -1.852636326332242289, 10.64315802695227653, -2.107315745945360419 ) ) ;
#534 = EDGE_LOOP ( 'NONE', ( #605, #459, #772, #196 ) ) ;
#535 = CARTESIAN_POINT ( 'NONE',  ( -8.962737959213520413E-16, 0.000000000000000000, -4.649999999999999467 ) ) ;
#536 = ORIENTED_EDGE ( 'NONE', *, *, #1083, .F. ) ;
#537 = CIRCLE ( 'NONE', #492, 1.000000000000000888 ) ;
#538 = ADVANCED_FACE ( 'NONE', ( #349 ), #1310, .T. ) ;
#539 = CARTESIAN_POINT ( 'NONE',  ( -2.514602783625287774, 10.76620173854271556, 1.245278656466829004 ) ) ;
#540 = AXIS2_PLACEMENT_3D ( 'NONE', #1168, #353, #1147 ) ;
#541 = CARTESIAN_POINT ( 'NONE',  ( 13.09999999999999964, 34.60000000000000142, 13.39999999999999147 ) ) ;
#542 = CIRCLE ( 'NONE', #1247, 1.000000000000000000 ) ;
#543 = ORIENTED_EDGE ( 'NONE', *, *, #844, .T. ) ;
#544 = VECTOR ( 'NONE', #751, 1000.000000000000000 ) ;
#545 = LINE ( 'NONE', #91, #121 ) ;
#546 = ORIENTED_EDGE ( 'NONE', *, *, #712, .T. ) ;
#547 =( NAMED_UNIT ( * ) PLANE_ANGLE_UNIT ( ) SI_UNIT ( $, .RADIAN. ) );
#548 = CARTESIAN_POINT ( 'NONE',  ( -13.10000000000000142, 45.00000000000000000, 13.39999999999999147 ) ) ;
#549 = DIRECTION ( 'NONE',  ( 0.000000000000000000, 1.000000000000000000, -0.000000000000000000 ) ) ;
#550 = CARTESIAN_POINT ( 'NONE',  ( -13.10000000000000142, 34.60000000000000142, 13.39999999999999147 ) ) ;
#551 = ORIENTED_EDGE ( 'NONE', *, *, #352, .F. ) ;
#552 = EDGE_CURVE ( 'NONE', #811, #1482, #364, .T. ) ;
#553 = CARTESIAN_POINT ( 'NONE',  ( 3.429011037612588290E-16, 45.00000000000000000, 2.799999999999999822 ) ) ;
#554 = ORIENTED_EDGE ( 'NONE', *, *, #1298, .T. ) ;
#555 = CARTESIAN_POINT ( 'NONE',  ( -5.853481803348701410E-16, 34.50000000000000000, -2.799999999999999822 ) ) ;
#556 = PRODUCT_DEFINITION_SHAPE ( 'NONE', 'NONE',  #573 ) ;
#557 = DIRECTION ( 'NONE',  ( -0.000000000000000000, -1.000000000000000000, 0.000000000000000000 ) ) ;
#558 = DIRECTION ( 'NONE',  ( -1.000000000000000000, 0.000000000000000000, 0.000000000000000000 ) ) ;
#559 = ORIENTED_EDGE ( 'NONE', *, *, #320, .F. ) ;
#560 = DIRECTION ( 'NONE',  ( -1.000000000000000000, 0.000000000000000000, 0.000000000000000000 ) ) ;
#561 = ORIENTED_EDGE ( 'NONE', *, *, #601, .T. ) ;
#562 = ADVANCED_FACE ( 'NONE', ( #848, #36, #842, #588 ), #823, .F. ) ;
#563 = FACE_OUTER_BOUND ( 'NONE', #655, .T. ) ;
#564 = DIRECTION ( 'NONE',  ( -1.927470528863122746E-16, 0.000000000000000000, -1.000000000000000000 ) ) ;
#565 = DIRECTION ( 'NONE',  ( 0.000000000000000000, 0.000000000000000000, 1.000000000000000000 ) ) ;
#566 = ORIENTED_EDGE ( 'NONE', *, *, #1101, .F. ) ;
#567 = CIRCLE ( 'NONE', #1151, 1.000000000000000888 ) ;
#568 = DIRECTION ( 'NONE',  ( 1.196361017915039979E-16, 0.000000000000000000, -1.000000000000000000 ) ) ;
#569 = VECTOR ( 'NONE', #1258, 1000.000000000000000 ) ;
#570 = EDGE_LOOP ( 'NONE', ( #269, #1285, #428, #1314 ) ) ;
#571 = CARTESIAN_POINT ( 'NONE',  ( 28.99999999999999645, 45.00000000000000000, 5.649999999999987921 ) ) ;
#572 = AXIS2_PLACEMENT_3D ( 'NONE', #918, #120, #784 ) ;
#573 = PRODUCT_DEFINITION ( 'UNKNOWN', '', #1420, #1366 ) ;
#574 = AXIS2_PLACEMENT_3D ( 'NONE', #175, #770, #760 ) ;
#575 = LINE ( 'NONE', #1257, #981 ) ;
#576 = DIRECTION ( 'NONE',  ( -0.000000000000000000, -0.000000000000000000, 1.000000000000000000 ) ) ;
#577 = CARTESIAN_POINT ( 'NONE',  ( -4.635898944420778532E-16, 22.50000000000000000, -15.50000000000000355 ) ) ;
#578 = ORIENTED_EDGE ( 'NONE', *, *, #1149, .T. ) ;
#579 = B_SPLINE_CURVE_WITH_KNOTS ( 'NONE', 3,
 ( #647, #83, #1452, #310, #900, #75, #67, #216, #302, #987, #763, #773, #1230, #672, #1446, #412, #878, #201, #1336, #654, #1000, #1459, #894, #1133, #1352, #318, #780, #1237, #660, #470, #937, #1384 ),
 .UNSPECIFIED., .F., .F.,
 ( 4, 2, 2, 2, 2, 2, 2, 2, 2, 2, 2, 2, 2, 2, 2, 4 ),
 ( 1.904844216240366574E-19, 0.0005490273498402427127, 0.001098054699680485208, 0.001647082049520728030, 0.002196109399360970851, 0.002745136749201214105, 0.003294164099041457794, 0.003843191448881701049, 0.004392218798721944303, 0.004941246148562188426, 0.005490273498402431680, 0.006588328198082921659, 0.007137355547923165781, 0.007686382897763409904, 0.008235410247603654893, 0.008784437597443899015 ),
 .UNSPECIFIED. ) ;
#580 = DIRECTION ( 'NONE',  ( 0.000000000000000000, -0.000000000000000000, 1.000000000000000000 ) ) ;
#581 = ORIENTED_EDGE ( 'NONE', *, *, #148, .T. ) ;
#582 = FACE_OUTER_BOUND ( 'NONE', #905, .T. ) ;
#583 = DIRECTION ( 'NONE',  ( -0.000000000000000000, -0.000000000000000000, 1.000000000000000000 ) ) ;
#584 = CARTESIAN_POINT ( 'NONE',  ( -0.9051341919243561795, 34.46702403979904972, -2.656010033398314540 ) ) ;
#585 = PLANE ( 'NONE',  #1394 ) ;
#586 = EDGE_LOOP ( 'NONE', ( #551, #1383 ) ) ;
#587 = DIRECTION ( 'NONE',  ( 1.000000000000000000, 0.000000000000000000, 0.000000000000000000 ) ) ;
#588 = FACE_BOUND ( 'NONE', #974, .T. ) ;
#589 = ORIENTED_EDGE ( 'NONE', *, *, #762, .F. ) ;
#590 = EDGE_CURVE ( 'NONE', #515, #297, #423, .T. ) ;
#591 = FACE_OUTER_BOUND ( 'NONE', #1291, .T. ) ;
#592 = ORIENTED_EDGE ( 'NONE', *, *, #1174, .T. ) ;
#593 = VECTOR ( 'NONE', #884, 1000.000000000000000 ) ;
#594 = CIRCLE ( 'NONE', #741, 12.00000000000000000 ) ;
#595 = CIRCLE ( 'NONE', #695, 1.000000000000000000 ) ;
#596 = CARTESIAN_POINT ( 'NONE',  ( 0.000000000000000000, 45.00000000000000000, -4.650000000000001243 ) ) ;
#597 = CARTESIAN_POINT ( 'NONE',  ( -2.800074779926437607, 34.16874377269341068, 0.1821915768817561065 ) ) ;
#598 = EDGE_CURVE ( 'NONE', #1205, #226, #1072, .T. ) ;
#599 = EDGE_LOOP ( 'NONE', ( #485, #1453, #543, #1426 ) ) ;
#600 = DIRECTION ( 'NONE',  ( -0.000000000000000000, -1.000000000000000000, -0.000000000000000000 ) ) ;
#601 = EDGE_CURVE ( 'NONE', #798, #319, #1396, .T. ) ;
#602 = DIRECTION ( 'NONE',  ( 1.000000000000000000, 0.000000000000000000, 1.196361017915039979E-16 ) ) ;
#603 = CARTESIAN_POINT ( 'NONE',  ( -2.109093909476227768, 34.31392113800546895, -1.850630868379861127 ) ) ;
#604 = CYLINDRICAL_SURFACE ( 'NONE', #1027, 1.000000000000000000 ) ;
#605 = ORIENTED_EDGE ( 'NONE', *, *, #425, .T. ) ;
#606 = CARTESIAN_POINT ( 'NONE',  ( 0.000000000000000000, 45.00000000000000000, 0.000000000000000000 ) ) ;
#607 = EDGE_CURVE ( 'NONE', #272, #128, #493, .T. ) ;
#608 = CARTESIAN_POINT ( 'NONE',  ( 9.500000000000000000, 10.50000000000000178, -15.50000000000000355 ) ) ;
#609 = EDGE_LOOP ( 'NONE', ( #303, #1388 ) ) ;
#610 = FACE_OUTER_BOUND ( 'NONE', #734, .T. ) ;
#611 = CIRCLE ( 'NONE', #282, 1.650000000000000355 ) ;
#612 = EDGE_LOOP ( 'NONE', ( #939, #653, #922, #1354 ) ) ;
#613 = DIRECTION ( 'NONE',  ( 0.000000000000000000, 0.000000000000000000, 1.000000000000000000 ) ) ;
#614 = AXIS2_PLACEMENT_3D ( 'NONE', #1379, #129, #580 ) ;
#615 = VECTOR ( 'NONE', #1269, 1000.000000000000000 ) ;
#616 = AXIS2_PLACEMENT_3D ( 'NONE', #1191, #709, #375 ) ;
#617 = EDGE_CURVE ( 'NONE', #66, #1439, #818, .T. ) ;
#618 = CARTESIAN_POINT ( 'NONE',  ( 9.599999999999997868, 34.60000000000000142, 15.49999999999999289 ) ) ;
#619 = DIRECTION ( 'NONE',  ( 0.000000000000000000, 0.000000000000000000, -1.000000000000000000 ) ) ;
#620 = DIRECTION ( 'NONE',  ( -2.150483647905133395E-16, 1.000000000000000000, -6.431887015043584120E-33 ) ) ;
#621 = CARTESIAN_POINT ( 'NONE',  ( 3.429011037612588290E-16, 0.000000000000000000, 2.799999999999999822 ) ) ;
#622 = DIRECTION ( 'NONE',  ( -0.000000000000000000, -1.000000000000000000, -0.000000000000000000 ) ) ;
#623 = EDGE_LOOP ( 'NONE', ( #781, #846, #775, #687 ) ) ;
#624 = DIRECTION ( 'NONE',  ( -0.000000000000000000, -1.000000000000000000, -0.000000000000000000 ) ) ;
#625 = CARTESIAN_POINT ( 'NONE',  ( 2.726844396911272561, 34.18697201310114053, 0.7349176836250925771 ) ) ;
#626 = CARTESIAN_POINT ( 'NONE',  ( -12.00000000000000000, 22.50000000000000000, 13.39999999999998792 ) ) ;
#627 = EDGE_CURVE ( 'NONE', #1124, #1345, #268, .T. ) ;
#628 = DIRECTION ( 'NONE',  ( 0.000000000000000000, 1.000000000000000000, -0.000000000000000000 ) ) ;
#629 = EDGE_LOOP ( 'NONE', ( #288, #877, #1306, #1134 ) ) ;
#630 = FACE_OUTER_BOUND ( 'NONE', #1229, .T. ) ;
#631 = ORIENTED_EDGE ( 'NONE', *, *, #989, .T. ) ;
#632 = CARTESIAN_POINT ( 'NONE',  ( 1.241497238385194324, 34.43680590203167213, 2.516346037571477900 ) ) ;
#633 = DIRECTION ( 'NONE',  ( 0.000000000000000000, 1.000000000000000000, -0.000000000000000000 ) ) ;
#634 = CARTESIAN_POINT ( 'NONE',  ( 9.500000000000000000, 10.50000000000000178, 13.39999999999998792 ) ) ;
#635 = DIRECTION ( 'NONE',  ( -0.000000000000000000, -0.000000000000000000, 1.000000000000000000 ) ) ;
#636 = ORIENTED_EDGE ( 'NONE', *, *, #977, .F. ) ;
#637 = DIRECTION ( 'NONE',  ( 0.000000000000000000, 0.000000000000000000, -1.000000000000000000 ) ) ;
#638 = EDGE_LOOP ( 'NONE', ( #747, #836, #731, #1009 ) ) ;
#639 = AXIS2_PLACEMENT_3D ( 'NONE', #1254, #4, #464 ) ;
#640 = AXIS2_PLACEMENT_3D ( 'NONE', #1020, #1357, #1136 ) ;
#641 = DIRECTION ( 'NONE',  ( 0.000000000000000000, 0.000000000000000000, 1.000000000000000000 ) ) ;
#642 = AXIS2_PLACEMENT_3D ( 'NONE', #618, #732, #1190 ) ;
#643 = DIRECTION ( 'NONE',  ( -2.990902544787599948E-17, -0.000000000000000000, 1.000000000000000000 ) ) ;
#644 = CARTESIAN_POINT ( 'NONE',  ( -2.430383250832934383, 10.74823312641617079, -1.402460436079314032 ) ) ;
#645 = APPLICATION_PROTOCOL_DEFINITION ( 'draft international standard', 'automotive_design', 1998, #211 ) ;
#646 = ORIENTED_EDGE ( 'NONE', *, *, #980, .T. ) ;
#647 = CARTESIAN_POINT ( 'NONE',  ( -6.396213099209037658E-17, 10.49999999999999822, -2.799999999999999822 ) ) ;
#648 = EDGE_CURVE ( 'NONE', #388, #964, #143, .T. ) ;
#649 = ORIENTED_EDGE ( 'NONE', *, *, #481, .T. ) ;
#650 = CYLINDRICAL_SURFACE ( 'NONE', #261, 1.650000000000000355 ) ;
#651 = LINE ( 'NONE', #1449, #1249 ) ;
#652 = CARTESIAN_POINT ( 'NONE',  ( 3.428997070783859567E-16, 10.49999999999999822, 2.799999999999999822 ) ) ;
#653 = ORIENTED_EDGE ( 'NONE', *, *, #1491, .F. ) ;
#654 = CARTESIAN_POINT ( 'NONE',  ( 2.709884585524260370, 10.80992360736571278, 0.7281130845504386606 ) ) ;
#655 = EDGE_LOOP ( 'NONE', ( #103, #1033, #546, #994 ) ) ;
#656 = EDGE_CURVE ( 'NONE', #192, #811, #1184, .T. ) ;
#657 = CARTESIAN_POINT ( 'NONE',  ( -1.244725415030998761, 10.56353244833659488, -2.514745705276286714 ) ) ;
#658 = CARTESIAN_POINT ( 'NONE',  ( -9.500000000000001776, 34.50000000000000000, 13.39999999999998792 ) ) ;
#659 = ORIENTED_EDGE ( 'NONE', *, *, #1128, .F. ) ;
#660 = CARTESIAN_POINT ( 'NONE',  ( 0.7293868501812097449, 10.52082923339205855, 2.709568824877764737 ) ) ;
#661 = ORIENTED_EDGE ( 'NONE', *, *, #774, .T. ) ;
#662 = CARTESIAN_POINT ( 'NONE',  ( 2.514602783625288218, 34.23379826145728089, 1.245278656466827671 ) ) ;
#663 = FACE_OUTER_BOUND ( 'NONE', #534, .T. ) ;
#664 = AXIS2_PLACEMENT_3D ( 'NONE', #377, #265, #835 ) ;
#665 = ADVANCED_FACE ( 'NONE', ( #371 ), #934, .T. ) ;
#666 = VECTOR ( 'NONE', #500, 1000.000000000000000 ) ;
#667 = FACE_BOUND ( 'NONE', #1330, .T. ) ;
#668 = LINE ( 'NONE', #1471, #893 ) ;
#669 = DIRECTION ( 'NONE',  ( 0.000000000000000000, 0.000000000000000000, -1.000000000000000000 ) ) ;
#670 = CIRCLE ( 'NONE', #16, 1.650000000000000355 ) ;
#671 = ORIENTED_EDGE ( 'NONE', *, *, #238, .F. ) ;
#672 = CARTESIAN_POINT ( 'NONE',  ( 2.655791904148152582, 10.79735523874798986, -0.9055351186172582167 ) ) ;
#673 = VERTEX_POINT ( 'NONE', #1412 ) ;
#674 = FACE_OUTER_BOUND ( 'NONE', #707, .T. ) ;
#675 = DIRECTION ( 'NONE',  ( 1.000000000000000000, -0.000000000000000000, 0.000000000000000000 ) ) ;
#676 = DIRECTION ( 'NONE',  ( 0.000000000000000000, 0.000000000000000000, 1.000000000000000000 ) ) ;
#677 = ORIENTED_EDGE ( 'NONE', *, *, #1071, .T. ) ;
#678 = FACE_OUTER_BOUND ( 'NONE', #1148, .T. ) ;
#679 = ORIENTED_EDGE ( 'NONE', *, *, #1441, .F. ) ;
#680 = CARTESIAN_POINT ( 'NONE',  ( 2.800069924212096772, 34.16874493785530120, -0.1836787823162692457 ) ) ;
#681 = CARTESIAN_POINT ( 'NONE',  ( 0.000000000000000000, 45.00000000000000000, -4.650000000000001243 ) ) ;
#682 = CARTESIAN_POINT ( 'NONE',  ( -28.99999999999998934, 45.00000000000000000, 5.649999999999995914 ) ) ;
#683 = DIRECTION ( 'NONE',  ( 1.000000000000000000, 0.000000000000000000, -9.637352644315602638E-17 ) ) ;
#684 = EDGE_LOOP ( 'NONE', ( #118, #805, #728, #311 ) ) ;
#685 = FACE_OUTER_BOUND ( 'NONE', #1409, .T. ) ;
#686 = EDGE_CURVE ( 'NONE', #277, #424, #1053, .T. ) ;
#687 = ORIENTED_EDGE ( 'NONE', *, *, #1441, .T. ) ;
#688 = CARTESIAN_POINT ( 'NONE',  ( -28.99999999999998579, 45.00000000000000000, -4.650000000000001243 ) ) ;
#689 = CARTESIAN_POINT ( 'NONE',  ( -13.09999999999999609, 10.40000000000000568, 13.39999999999999147 ) ) ;
#690 = ORIENTED_EDGE ( 'NONE', *, *, #291, .T. ) ;
#691 = AXIS2_PLACEMENT_3D ( 'NONE', #281, #738, #1197 ) ;
#692 = CARTESIAN_POINT ( 'NONE',  ( 28.99999999999999645, 45.00000000000000000, 14.49999999999999467 ) ) ;
#693 = ORIENTED_EDGE ( 'NONE', *, *, #230, .T. ) ;
#694 = ADVANCED_FACE ( 'NONE', ( #704 ), #833, .T. ) ;
#695 = AXIS2_PLACEMENT_3D ( 'NONE', #1186, #628, #137 ) ;
#696 = ADVANCED_FACE ( 'NONE', ( #476, #488, #390, #1402 ), #720, .T. ) ;
#697 = VECTOR ( 'NONE', #1006, 1000.000000000000000 ) ;
#698 = CARTESIAN_POINT ( 'NONE',  ( -4.635898944420778532E-16, 38.10000000000000142, 15.49999999999999289 ) ) ;
#699 = ORIENTED_EDGE ( 'NONE', *, *, #222, .T. ) ;
#700 = CARTESIAN_POINT ( 'NONE',  ( -9.500000000000001776, 34.50000000000000000, -15.50000000000000355 ) ) ;
#701 = VERTEX_POINT ( 'NONE', #138 ) ;
#702 = LINE ( 'NONE', #474, #867 ) ;
#703 = EDGE_CURVE ( 'NONE', #108, #779, #1268, .T. ) ;
#704 = FACE_OUTER_BOUND ( 'NONE', #465, .T. ) ;
#705 = CARTESIAN_POINT ( 'NONE',  ( -2.429436267483271905, 34.25196673096533573, -1.404174133587313023 ) ) ;
#706 = FACE_OUTER_BOUND ( 'NONE', #432, .T. ) ;
#707 = EDGE_LOOP ( 'NONE', ( #92, #761, #1360, #84 ) ) ;
#708 = LINE ( 'NONE', #1086, #958 ) ;
#709 = DIRECTION ( 'NONE',  ( -0.000000000000000000, -1.000000000000000000, 0.000000000000000000 ) ) ;
#710 = EDGE_CURVE ( 'NONE', #931, #1439, #799, .T. ) ;
#711 = ORIENTED_EDGE ( 'NONE', *, *, #1477, .F. ) ;
#712 = EDGE_CURVE ( 'NONE', #471, #832, #975, .T. ) ;
#713 = DIRECTION ( 'NONE',  ( 0.000000000000000000, 0.000000000000000000, 1.000000000000000000 ) ) ;
#714 = VERTEX_POINT ( 'NONE', #518 ) ;
#715 = AXIS2_PLACEMENT_3D ( 'NONE', #1212, #433, #1361 ) ;
#716 = VECTOR ( 'NONE', #675, 1000.000000000000000 ) ;
#717 = CARTESIAN_POINT ( 'NONE',  ( 0.000000000000000000, 45.00000000000000000, 0.000000000000000000 ) ) ;
#718 = VECTOR ( 'NONE', #173, 1000.000000000000000 ) ;
#719 = MANIFOLD_SOLID_BREP ( 'Cut-Extrude2', #982 ) ;
#720 = PLANE ( 'NONE',  #446 ) ;
#721 = CARTESIAN_POINT ( 'NONE',  ( -0.9039796409490127305, 34.46710678899532354, 2.656376682023783076 ) ) ;
#722 = FACE_OUTER_BOUND ( 'NONE', #3, .T. ) ;
#723 = ORIENTED_EDGE ( 'NONE', *, *, #1413, .T. ) ;
#724 = EDGE_CURVE ( 'NONE', #405, #11, #422, .T. ) ;
#725 = CARTESIAN_POINT ( 'NONE',  ( -13.09999999999999609, 10.40000000000000568, 15.49999999999999289 ) ) ;
#726 = DIRECTION ( 'NONE',  ( 1.000000000000000000, -0.000000000000000000, 3.730588120380233900E-16 ) ) ;
#727 = VERTEX_POINT ( 'NONE', #1405 ) ;
#728 = ORIENTED_EDGE ( 'NONE', *, *, #57, .T. ) ;
#729 = DIRECTION ( 'NONE',  ( -1.000000000000000000, 0.000000000000000000, -2.990902544787599948E-17 ) ) ;
#730 = ADVANCED_FACE ( 'NONE', ( #1292 ), #260, .F. ) ;
#731 = ORIENTED_EDGE ( 'NONE', *, *, #617, .T. ) ;
#732 = DIRECTION ( 'NONE',  ( 2.990902544787599948E-17, 0.000000000000000000, -1.000000000000000000 ) ) ;
#733 = CARTESIAN_POINT ( 'NONE',  ( 9.599999999999997868, 34.60000000000000142, 13.39999999999999147 ) ) ;
#734 = EDGE_LOOP ( 'NONE', ( #59, #170, #999, #244 ) ) ;
#735 = CARTESIAN_POINT ( 'NONE',  ( 13.09999999999999787, 45.00000000000000000, 13.39999999999999147 ) ) ;
#736 = CARTESIAN_POINT ( 'NONE',  ( -28.99999999999998579, 45.00000000000000000, 15.49999999999999289 ) ) ;
#737 = ORIENTED_EDGE ( 'NONE', *, *, #1139, .F. ) ;
#738 = DIRECTION ( 'NONE',  ( 0.000000000000000000, 1.000000000000000000, -0.000000000000000000 ) ) ;
#739 =( GEOMETRIC_REPRESENTATION_CONTEXT ( 3 ) GLOBAL_UNCERTAINTY_ASSIGNED_CONTEXT ( ( #510 ) ) GLOBAL_UNIT_ASSIGNED_CONTEXT ( ( #408, #547, #932 ) ) REPRESENTATION_CONTEXT ( 'NONE', 'WORKASPACE' ) );
#740 = AXIS2_PLACEMENT_3D ( 'NONE', #1044, #358, #1262 ) ;
#741 = AXIS2_PLACEMENT_3D ( 'NONE', #577, #1331, #756 ) ;
#742 = EDGE_CURVE ( 'NONE', #405, #258, #1308, .T. ) ;
#743 = AXIS2_PLACEMENT_3D ( 'NONE', #332, #1252, #1008 ) ;
#744 = CARTESIAN_POINT ( 'NONE',  ( 0.3686976961810948805, 34.49569567283286631, -2.781717106930787775 ) ) ;
#745 = CARTESIAN_POINT ( 'NONE',  ( -29.99999999999999289, 45.00000000000000000, 14.49999999999998579 ) ) ;
#746 = CYLINDRICAL_SURFACE ( 'NONE', #289, 1.650000000000000355 ) ;
#747 = ORIENTED_EDGE ( 'NONE', *, *, #352, .T. ) ;
#748 = CARTESIAN_POINT ( 'NONE',  ( -29.99999999999999289, 0.000000000000000000, -5.650000000000008349 ) ) ;
#749 = CARTESIAN_POINT ( 'NONE',  ( 1.711036006537616672, 34.37838831399475481, -2.224002135422013637 ) ) ;
#750 = EDGE_CURVE ( 'NONE', #883, #56, #52, .T. ) ;
#751 = DIRECTION ( 'NONE',  ( -3.730588120380233407E-16, 0.000000000000000000, 1.000000000000000000 ) ) ;
#752 = CARTESIAN_POINT ( 'NONE',  ( -28.99999999999998934, 45.00000000000000000, 5.649999999999995914 ) ) ;
#753 = EDGE_LOOP ( 'NONE', ( #1400, #1018, #301, #1185 ) ) ;
#754 = FACE_OUTER_BOUND ( 'NONE', #1001, .T. ) ;
#755 = ORIENTED_EDGE ( 'NONE', *, *, #442, .F. ) ;
#756 = DIRECTION ( 'NONE',  ( -1.000000000000000000, 0.000000000000000000, -1.445602896647339163E-16 ) ) ;
#757 = CARTESIAN_POINT ( 'NONE',  ( 13.09999999999999787, 45.00000000000000000, 15.49999999999999289 ) ) ;
#758 = ADVANCED_FACE ( 'NONE', ( #630 ), #847, .F. ) ;
#759 = DIRECTION ( 'NONE',  ( 1.196361017915039979E-16, 0.000000000000000000, -1.000000000000000000 ) ) ;
#760 = DIRECTION ( 'NONE',  ( 1.000000000000000000, 0.000000000000000000, 0.000000000000000000 ) ) ;
#761 = ORIENTED_EDGE ( 'NONE', *, *, #862, .F. ) ;
#762 = EDGE_CURVE ( 'NONE', #701, #523, #396, .T. ) ;
#763 = CARTESIAN_POINT ( 'NONE',  ( 2.224757369655828487, 10.70757288470091240, -1.710064390998425221 ) ) ;
#764 = ORIENTED_EDGE ( 'NONE', *, *, #283, .F. ) ;
#765 = CIRCLE ( 'NONE', #336, 1.650000000000000355 ) ;
#766 = LINE ( 'NONE', #62, #1032 ) ;
#767 = AXIS2_PLACEMENT_3D ( 'NONE', #409, #1089, #198 ) ;
#768 = FACE_OUTER_BOUND ( 'NONE', #901, .T. ) ;
#769 = CARTESIAN_POINT ( 'NONE',  ( -2.799859546406318067, 10.83120458054043311, 0.3705461139975693707 ) ) ;
#770 = DIRECTION ( 'NONE',  ( 0.000000000000000000, 0.000000000000000000, 1.000000000000000000 ) ) ;
#771 = VECTOR ( 'NONE', #622, 1000.000000000000000 ) ;
#772 = ORIENTED_EDGE ( 'NONE', *, *, #648, .F. ) ;
#773 = CARTESIAN_POINT ( 'NONE',  ( 2.429436267483270573, 10.74803326903466427, -1.404174133587315687 ) ) ;
#774 = EDGE_CURVE ( 'NONE', #1253, #523, #1206, .T. ) ;
#775 = ORIENTED_EDGE ( 'NONE', *, *, #710, .T. ) ;
#776 = CARTESIAN_POINT ( 'NONE',  ( -29.99999999999999289, 0.000000000000000000, 0.000000000000000000 ) ) ;
#777 = CARTESIAN_POINT ( 'NONE',  ( -2.726844396911272561, 10.81302798689885947, 0.7349176836250949085 ) ) ;
#778 = DIRECTION ( 'NONE',  ( -0.000000000000000000, -1.000000000000000000, 0.000000000000000000 ) ) ;
#779 = VERTEX_POINT ( 'NONE', #1431 ) ;
#780 = CARTESIAN_POINT ( 'NONE',  ( 1.242172481693485597, 10.56325707673187608, 2.516053217595653813 ) ) ;
#781 = ORIENTED_EDGE ( 'NONE', *, *, #874, .F. ) ;
#782 = EDGE_CURVE ( 'NONE', #515, #1218, #400, .T. ) ;
#783 = DIRECTION ( 'NONE',  ( 2.990902544787599948E-17, 0.000000000000000000, -1.000000000000000000 ) ) ;
#784 = DIRECTION ( 'NONE',  ( 0.000000000000000000, 0.000000000000000000, -1.000000000000000000 ) ) ;
#785 = DIRECTION ( 'NONE',  ( -0.000000000000000000, -1.000000000000000000, -0.000000000000000000 ) ) ;
#786 = CARTESIAN_POINT ( 'NONE',  ( 28.99999999999998934, 0.000000000000000000, -15.50000000000000000 ) ) ;
#787 = CARTESIAN_POINT ( 'NONE',  ( -4.635898944420778532E-16, 6.900000000000003020, 13.39999999999999147 ) ) ;
#788 = ORIENTED_EDGE ( 'NONE', *, *, #598, .T. ) ;
#789 = CARTESIAN_POINT ( 'NONE',  ( -28.99999999999998934, 45.00000000000000000, -5.650000000000001243 ) ) ;
#790 = VERTEX_POINT ( 'NONE', #290 ) ;
#791 = VECTOR ( 'NONE', #60, 1000.000000000000000 ) ;
#792 = STYLED_ITEM ( 'NONE', ( #908 ), #719 ) ;
#793 = CARTESIAN_POINT ( 'NONE',  ( -13.10000000000000142, 34.60000000000000142, 15.49999999999999289 ) ) ;
#794 = LINE ( 'NONE', #223, #450 ) ;
#795 = EDGE_LOOP ( 'NONE', ( #1175, #463, #659, #819, #690, #1236, #953, #764, #451, #589, #274, #581, #1260, #130, #378, #159, #808, #357, #1445, #1370 ) ) ;
#796 = VECTOR ( 'NONE', #397, 1000.000000000000000 ) ;
#797 = CARTESIAN_POINT ( 'NONE',  ( -8.962737959213520413E-16, 45.00000000000000000, -4.649999999999999467 ) ) ;
#798 = VERTEX_POINT ( 'NONE', #43 ) ;
#799 = LINE ( 'NONE', #338, #791 ) ;
#800 = DIRECTION ( 'NONE',  ( 0.000000000000000000, 0.000000000000000000, 1.000000000000000000 ) ) ;
#801 = EDGE_CURVE ( 'NONE', #1271, #931, #64, .T. ) ;
#802 = LINE ( 'NONE', #438, #363 ) ;
#803 = ORIENTED_EDGE ( 'NONE', *, *, #86, .T. ) ;
#804 = FACE_OUTER_BOUND ( 'NONE', #852, .T. ) ;
#805 = ORIENTED_EDGE ( 'NONE', *, *, #656, .F. ) ;
#806 = DIRECTION ( 'NONE',  ( -0.000000000000000000, -1.000000000000000000, -0.000000000000000000 ) ) ;
#807 = DIRECTION ( 'NONE',  ( -0.000000000000000000, -1.000000000000000000, 0.000000000000000000 ) ) ;
#808 = ORIENTED_EDGE ( 'NONE', *, *, #1307, .F. ) ;
#809 = EDGE_CURVE ( 'NONE', #1253, #1124, #567, .T. ) ;
#810 = DIRECTION ( 'NONE',  ( -0.000000000000000000, -0.000000000000000000, 1.000000000000000000 ) ) ;
#811 = VERTEX_POINT ( 'NONE', #971 ) ;
#812 = ADVANCED_FACE ( 'NONE', ( #160 ), #957, .F. ) ;
#813 = FACE_OUTER_BOUND ( 'NONE', #949, .T. ) ;
#814 = AXIS2_PLACEMENT_3D ( 'NONE', #1078, #149, #1088 ) ;
#815 = VERTEX_POINT ( 'NONE', #748 ) ;
#816 = AXIS2_PLACEMENT_3D ( 'NONE', #1140, #568, #560 ) ;
#817 = CYLINDRICAL_SURFACE ( 'NONE', #362, 3.499999999999999556 ) ;
#818 = CIRCLE ( 'NONE', #161, 12.00000000000000000 ) ;
#819 = ORIENTED_EDGE ( 'NONE', *, *, #938, .F. ) ;
#820 = VECTOR ( 'NONE', #984, 1000.000000000000000 ) ;
#821 = EDGE_CURVE ( 'NONE', #136, #108, #177, .T. ) ;
#822 = DIRECTION ( 'NONE',  ( -0.000000000000000000, -1.000000000000000000, 0.000000000000000000 ) ) ;
#823 = PLANE ( 'NONE',  #887 ) ;
#824 = CARTESIAN_POINT ( 'NONE',  ( -1.404551029999261624, 34.41850332623698705, -2.429125907010364571 ) ) ;
#825 = CARTESIAN_POINT ( 'NONE',  ( 20.00000000000000711, 0.000000000000000000, -4.650000000000003020 ) ) ;
#826 = ORIENTED_EDGE ( 'NONE', *, *, #782, .T. ) ;
#827 = DIRECTION ( 'NONE',  ( 0.000000000000000000, 0.000000000000000000, 1.000000000000000000 ) ) ;
#828 = LINE ( 'NONE', #13, #771 ) ;
#829 = CARTESIAN_POINT ( 'NONE',  ( -28.99999999999998579, 45.00000000000000000, 4.649999999999995914 ) ) ;
#830 = CARTESIAN_POINT ( 'NONE',  ( -2.239302772568189326, 34.29215327635063204, 1.720585138659808111 ) ) ;
#831 = DIRECTION ( 'NONE',  ( 0.000000000000000000, 1.000000000000000000, -0.000000000000000000 ) ) ;
#832 = VERTEX_POINT ( 'NONE', #58 ) ;
#833 = PLANE ( 'NONE',  #1434 ) ;
#834 = CARTESIAN_POINT ( 'NONE',  ( -2.445336409343678241, 34.24909221564595185, 1.412680742383823018 ) ) ;
#835 = DIRECTION ( 'NONE',  ( 0.000000000000000000, 0.000000000000000000, 1.000000000000000000 ) ) ;
#836 = ORIENTED_EDGE ( 'NONE', *, *, #874, .T. ) ;
#837 = VECTOR ( 'NONE', #785, 1000.000000000000000 ) ;
#838 = CARTESIAN_POINT ( 'NONE',  ( -4.635898944420778532E-16, 22.50000000000000000, -15.50000000000000355 ) ) ;
#839 = AXIS2_PLACEMENT_3D ( 'NONE', #188, #633, #641 ) ;
#840 = CIRCLE ( 'NONE', #1034, 3.499999999999999556 ) ;
#841 = AXIS2_PLACEMENT_3D ( 'NONE', #681, #355, #239 ) ;
#842 = FACE_BOUND ( 'NONE', #1073, .T. ) ;
#843 = VERTEX_POINT ( 'NONE', #725 ) ;
#844 = EDGE_CURVE ( 'NONE', #100, #779, #406, .T. ) ;
#845 = LINE ( 'NONE', #735, #469 ) ;
#846 = ORIENTED_EDGE ( 'NONE', *, *, #801, .T. ) ;
#847 = CYLINDRICAL_SURFACE ( 'NONE', #473, 2.799999999999999822 ) ;
#848 = FACE_BOUND ( 'NONE', #22, .T. ) ;
#849 = ORIENTED_EDGE ( 'NONE', *, *, #1477, .T. ) ;
#850 = FACE_OUTER_BOUND ( 'NONE', #176, .T. ) ;
#851 = FACE_OUTER_BOUND ( 'NONE', #1169, .T. ) ;
#852 = EDGE_LOOP ( 'NONE', ( #1011, #755, #506, #346 ) ) ;
#853 = DIRECTION ( 'NONE',  ( 0.000000000000000000, 0.000000000000000000, 1.000000000000000000 ) ) ;
#854 = ORIENTED_EDGE ( 'NONE', *, *, #1028, .T. ) ;
#855 = CARTESIAN_POINT ( 'NONE',  ( 1.849851191760393032, 34.35728422309586705, 2.109825667529567017 ) ) ;
#856 = CARTESIAN_POINT ( 'NONE',  ( 9.600000000000006750, 6.900000000000003020, 15.49999999999999289 ) ) ;
#857 = CARTESIAN_POINT ( 'NONE',  ( 30.00000000000000000, 45.00000000000000000, 14.49999999999998757 ) ) ;
#858 = DIRECTION ( 'NONE',  ( 2.990902544787599948E-17, 0.000000000000000000, -1.000000000000000000 ) ) ;
#859 = AXIS2_PLACEMENT_3D ( 'NONE', #1203, #1074, #257 ) ;
#860 = EDGE_LOOP ( 'NONE', ( #1277, #178, #1192, #554 ) ) ;
#861 = DIRECTION ( 'NONE',  ( 1.196361017915039979E-16, 0.000000000000000000, -1.000000000000000000 ) ) ;
#862 = EDGE_CURVE ( 'NONE', #1345, #82, #33, .T. ) ;
#863 = VECTOR ( 'NONE', #1355, 1000.000000000000000 ) ;
#864 = CIRCLE ( 'NONE', #242, 1.650000000000000355 ) ;
#865 = CARTESIAN_POINT ( 'NONE',  ( 2.430383250832933939, 34.25176687358383276, -1.402460436079313588 ) ) ;
#866 = CYLINDRICAL_SURFACE ( 'NONE', #1463, 3.500000000000003109 ) ;
#867 = VECTOR ( 'NONE', #498, 1000.000000000000000 ) ;
#868 = DIRECTION ( 'NONE',  ( 0.000000000000000000, 0.000000000000000000, -1.000000000000000000 ) ) ;
#869 = ORIENTED_EDGE ( 'NONE', *, *, #946, .T. ) ;
#870 = DIRECTION ( 'NONE',  ( -0.000000000000000000, -1.000000000000000000, -0.000000000000000000 ) ) ;
#871 = ORIENTED_EDGE ( 'NONE', *, *, #627, .T. ) ;
#872 = ADVANCED_FACE ( 'NONE', ( #976 ), #1182, .F. ) ;
#873 = SURFACE_SIDE_STYLE ('',( #1126 ) ) ;
#874 = EDGE_CURVE ( 'NONE', #1271, #66, #154, .T. ) ;
#875 = CARTESIAN_POINT ( 'NONE',  ( 1.854359577768312596E-15, 45.00000000000000000, -15.50000000000000355 ) ) ;
#876 = CARTESIAN_POINT ( 'NONE',  ( 9.599999999999997868, 38.10000000000000142, 15.49999999999999289 ) ) ;
#877 = ORIENTED_EDGE ( 'NONE', *, *, #946, .F. ) ;
#878 = CARTESIAN_POINT ( 'NONE',  ( 2.799924751319732508, 10.83122022690897168, -0.1844828740395355327 ) ) ;
#879 = VERTEX_POINT ( 'NONE', #486 ) ;
#880 = CARTESIAN_POINT ( 'NONE',  ( 9.500000000000000000, 10.50000000000000178, 13.39999999999998792 ) ) ;
#881 = CARTESIAN_POINT ( 'NONE',  ( -0.3661172057339380226, 10.50000000000000000, 2.799999999999998934 ) ) ;
#882 = PRODUCT_CONTEXT ( 'NONE', #211, 'mechanical' ) ;
#883 = VERTEX_POINT ( 'NONE', #1427 ) ;
#884 = DIRECTION ( 'NONE',  ( 1.000000000000000000, 0.000000000000000000, -1.927470528863122500E-16 ) ) ;
#885 = ORIENTED_EDGE ( 'NONE', *, *, #844, .F. ) ;
#886 = AXIS2_PLACEMENT_3D ( 'NONE', #838, #861, #1322 ) ;
#887 = AXIS2_PLACEMENT_3D ( 'NONE', #1282, #1304, #29 ) ;
#888 = LINE ( 'NONE', #757, #193 ) ;
#889 = CARTESIAN_POINT ( 'NONE',  ( -6.396213099209037658E-17, 10.49999999999999822, -2.799999999999999822 ) ) ;
#890 = AXIS2_PLACEMENT_3D ( 'NONE', #361, #1319, #169 ) ;
#891 = EDGE_LOOP ( 'NONE', ( #1092, #232, #1490, #237 ) ) ;
#892 = EDGE_CURVE ( 'NONE', #136, #100, #1272, .T. ) ;
#893 = VECTOR ( 'NONE', #437, 1000.000000000000000 ) ;
#894 = CARTESIAN_POINT ( 'NONE',  ( 2.239302772568191546, 10.70784672364937506, 1.720585138659807223 ) ) ;
#895 = ORIENTED_EDGE ( 'NONE', *, *, #395, .F. ) ;
#896 = DIRECTION ( 'NONE',  ( -0.000000000000000000, -0.000000000000000000, 1.000000000000000000 ) ) ;
#897 = CARTESIAN_POINT ( 'NONE',  ( -0.1856424575563677681, 10.50000000000000000, -2.799999999999999378 ) ) ;
#898 = CARTESIAN_POINT ( 'NONE',  ( -28.99999999999998579, 45.00000000000000000, 15.49999999999999289 ) ) ;
#899 = VERTEX_POINT ( 'NONE', #1315 ) ;
#900 = CARTESIAN_POINT ( 'NONE',  ( 0.9051341919243552914, 10.53297596020097160, -2.656010033398313652 ) ) ;
#901 = EDGE_LOOP ( 'NONE', ( #1378, #32, #457, #561 ) ) ;
#902 = EDGE_CURVE ( 'NONE', #1172, #1161, #190, .T. ) ;
#903 = CARTESIAN_POINT ( 'NONE',  ( -8.962737959213520413E-16, 45.00000000000000000, -4.649999999999999467 ) ) ;
#904 = DIRECTION ( 'NONE',  ( -2.990902544787599948E-17, -0.000000000000000000, 1.000000000000000000 ) ) ;
#905 = EDGE_LOOP ( 'NONE', ( #1473, #1263, #26, #636 ) ) ;
#906 = DIRECTION ( 'NONE',  ( 0.000000000000000000, 1.000000000000000000, -0.000000000000000000 ) ) ;
#907 = ORIENTED_EDGE ( 'NONE', *, *, #980, .F. ) ;
#908 = PRESENTATION_STYLE_ASSIGNMENT (( #435 ) ) ;
#909 = VECTOR ( 'NONE', #504, 1000.000000000000000 ) ;
#910 = ADVANCED_FACE ( 'NONE', ( #1010 ), #327, .F. ) ;
#911 = CARTESIAN_POINT ( 'NONE',  ( 0.000000000000000000, 0.000000000000000000, -4.650000000000001243 ) ) ;
#912 = CARTESIAN_POINT ( 'NONE',  ( 28.99999999999999645, 0.000000000000000000, 5.649999999999987921 ) ) ;
#913 = AXIS2_PLACEMENT_3D ( 'NONE', #658, #904, #1235 ) ;
#914 = ORIENTED_EDGE ( 'NONE', *, *, #774, .F. ) ;
#915 = CYLINDRICAL_SURFACE ( 'NONE', #90, 1.000000000000000888 ) ;
#916 = ORIENTED_EDGE ( 'NONE', *, *, #383, .F. ) ;
#917 = DIRECTION ( 'NONE',  ( 0.000000000000000000, 0.000000000000000000, -1.000000000000000000 ) ) ;
#918 = CARTESIAN_POINT ( 'NONE',  ( 28.99999999999999645, 45.00000000000000000, -5.650000000000004796 ) ) ;
#919 = EDGE_CURVE ( 'NONE', #964, #411, #545, .T. ) ;
#920 = CYLINDRICAL_SURFACE ( 'NONE', #380, 12.00000000000000000 ) ;
#921 = CARTESIAN_POINT ( 'NONE',  ( 7.849999999999999645, 10.50000000000000178, -15.50000000000000355 ) ) ;
#922 = ORIENTED_EDGE ( 'NONE', *, *, #1090, .T. ) ;
#923 = CYLINDRICAL_SURFACE ( 'NONE', #639, 1.650000000000000355 ) ;
#924 = ORIENTED_EDGE ( 'NONE', *, *, #71, .T. ) ;
#925 = CARTESIAN_POINT ( 'NONE',  ( -9.599999999999997868, 38.10000000000000142, 13.39999999999999147 ) ) ;
#926 = CARTESIAN_POINT ( 'NONE',  ( 13.10000000000000320, 10.40000000000000568, 15.49999999999999289 ) ) ;
#927 = CARTESIAN_POINT ( 'NONE',  ( -28.99999999999998934, 0.000000000000000000, 5.649999999999995914 ) ) ;
#928 = ORIENTED_EDGE ( 'NONE', *, *, #71, .F. ) ;
#929 = EDGE_CURVE ( 'NONE', #5, #1161, #1123, .T. ) ;
#930 = DIRECTION ( 'NONE',  ( 1.000000000000000000, 2.150483647905133642E-16, 0.000000000000000000 ) ) ;
#931 = VERTEX_POINT ( 'NONE', #1468 ) ;
#932 =( NAMED_UNIT ( * ) SI_UNIT ( $, .STERADIAN. ) SOLID_ANGLE_UNIT ( ) );
#933 = DIRECTION ( 'NONE',  ( -1.000000000000000000, 0.000000000000000000, 0.000000000000000000 ) ) ;
#934 = CYLINDRICAL_SURFACE ( 'NONE', #401, 1.000000000000000888 ) ;
#935 = PRESENTATION_LAYER_ASSIGNMENT (  '', '', ( #792 ) ) ;
#936 = ORIENTED_EDGE ( 'NONE', *, *, #203, .T. ) ;
#937 = CARTESIAN_POINT ( 'NONE',  ( 0.1831073900952314704, 10.50000000000000000, 2.800000000000000266 ) ) ;
#938 = EDGE_CURVE ( 'NONE', #1058, #258, #993, .T. ) ;
#939 = ORIENTED_EDGE ( 'NONE', *, *, #530, .F. ) ;
#940 = CIRCLE ( 'NONE', #124, 0.9999999999999991118 ) ;
#941 = CARTESIAN_POINT ( 'NONE',  ( -9.599999999999996092, 10.40000000000000213, 15.49999999999999289 ) ) ;
#942 = DIRECTION ( 'NONE',  ( -1.000000000000000000, 0.000000000000000000, 0.000000000000000000 ) ) ;
#943 = ORIENTED_EDGE ( 'NONE', *, *, #1407, .F. ) ;
#944 = FACE_OUTER_BOUND ( 'NONE', #992, .T. ) ;
#945 = ORIENTED_EDGE ( 'NONE', *, *, #344, .F. ) ;
#946 = EDGE_CURVE ( 'NONE', #515, #1475, #1344, .T. ) ;
#947 = DIRECTION ( 'NONE',  ( 1.196361017915039979E-16, 0.000000000000000000, -1.000000000000000000 ) ) ;
#948 = CARTESIAN_POINT ( 'NONE',  ( -1.242172481693484487, 34.43674292326812036, 2.516053217595653813 ) ) ;
#949 = EDGE_LOOP ( 'NONE', ( #1036, #317, #151, #1155 ) ) ;
#950 = CARTESIAN_POINT ( 'NONE',  ( -4.635898944420778532E-16, 6.900000000000003020, 15.49999999999999289 ) ) ;
#951 = EDGE_CURVE ( 'NONE', #192, #714, #537, .T. ) ;
#952 = CARTESIAN_POINT ( 'NONE',  ( 0.3661172057339385222, 34.50000000000000711, 2.800000000000000266 ) ) ;
#953 = ORIENTED_EDGE ( 'NONE', *, *, #329, .T. ) ;
#954 = AXIS2_PLACEMENT_3D ( 'NONE', #167, #278, #713 ) ;
#955 = VERTEX_POINT ( 'NONE', #102 ) ;
#956 = VECTOR ( 'NONE', #527, 1000.000000000000000 ) ;
#957 = PLANE ( 'NONE',  #814 ) ;
#958 = VECTOR ( 'NONE', #393, 1000.000000000000000 ) ;
#959 = DIRECTION ( 'NONE',  ( -0.000000000000000000, -1.000000000000000000, -0.000000000000000000 ) ) ;
#960 = EDGE_CURVE ( 'NONE', #879, #388, #1171, .T. ) ;
#961 = ORIENTED_EDGE ( 'NONE', *, *, #1307, .T. ) ;
#962 = ADVANCED_FACE ( 'NONE', ( #754 ), #1100, .T. ) ;
#963 = CARTESIAN_POINT ( 'NONE',  ( 28.99999999999999645, 45.00000000000000000, -14.50000000000000000 ) ) ;
#964 = VERTEX_POINT ( 'NONE', #1016 ) ;
#965 = CARTESIAN_POINT ( 'NONE',  ( 28.99999999999998934, 45.00000000000000000, 15.49999999999999467 ) ) ;
#966 = CARTESIAN_POINT ( 'NONE',  ( -28.99999999999998579, 45.00000000000000000, -15.50000000000000711 ) ) ;
#967 = CARTESIAN_POINT ( 'NONE',  ( 0.7297199687045328176, 34.47915528882001013, -2.709501212665256897 ) ) ;
#968 = DIRECTION ( 'NONE',  ( 0.000000000000000000, 0.000000000000000000, 1.000000000000000000 ) ) ;
#969 = DIRECTION ( 'NONE',  ( -0.000000000000000000, -0.000000000000000000, 1.000000000000000000 ) ) ;
#970 = ORIENTED_EDGE ( 'NONE', *, *, #919, .T. ) ;
#971 = CARTESIAN_POINT ( 'NONE',  ( -28.99999999999998579, 0.000000000000000000, -15.50000000000000711 ) ) ;
#972 = PLANE ( 'NONE',  #839 ) ;
#973 = CARTESIAN_POINT ( 'NONE',  ( -9.500000000000001776, 34.50000000000000000, -40.50000000000001421 ) ) ;
#974 = EDGE_LOOP ( 'NONE', ( #679, #1163 ) ) ;
#975 = CIRCLE ( 'NONE', #402, 3.499999999999999556 ) ;
#976 = FACE_OUTER_BOUND ( 'NONE', #891, .T. ) ;
#977 = EDGE_CURVE ( 'NONE', #424, #235, #185, .T. ) ;
#978 = VERTEX_POINT ( 'NONE', #1117 ) ;
#979 = VECTOR ( 'NONE', #514, 1000.000000000000000 ) ;
#980 = EDGE_CURVE ( 'NONE', #727, #5, #579, .T. ) ;
#981 = VECTOR ( 'NONE', #1040, 1000.000000000000000 ) ;
#982 = CLOSED_SHELL ( 'NONE', ( #1343, #374, #454, #758, #172, #1048, #910, #1353, #696, #487, #48, #28, #1219, #812, #694, #386, #1166, #665, #1017, #1199, #1142, #414, #538, #472, #1183, #730, #962, #299, #119, #1316, #1339, #1025, #562, #1059, #1070, #872, #995, #35, #1039, #1233, #264 ) ) ;
#983 = CARTESIAN_POINT ( 'NONE',  ( 0.1856424575563684898, 34.50000000000000000, -2.799999999999999822 ) ) ;
#984 = DIRECTION ( 'NONE',  ( -0.000000000000000000, -1.000000000000000000, -0.000000000000000000 ) ) ;
#985 = CARTESIAN_POINT ( 'NONE',  ( -1.405184527531153194, 10.58156968278518839, 2.428774012592630704 ) ) ;
#986 = ORIENTED_EDGE ( 'NONE', *, *, #1432, .F. ) ;
#987 = CARTESIAN_POINT ( 'NONE',  ( 2.109093909476225548, 10.68607886199451329, -1.850630868379862681 ) ) ;
#988 = ORIENTED_EDGE ( 'NONE', *, *, #809, .F. ) ;
#989 = EDGE_CURVE ( 'NONE', #480, #843, #20, .T. ) ;
#990 = CARTESIAN_POINT ( 'NONE',  ( -29.99999999999999289, 0.000000000000000000, -0.000000000000000000 ) ) ;
#991 = LINE ( 'NONE', #204, #1349 ) ;
#992 = EDGE_LOOP ( 'NONE', ( #1094, #513, #1098, #869 ) ) ;
#993 = LINE ( 'NONE', #535, #593 ) ;
#994 = ORIENTED_EDGE ( 'NONE', *, *, #163, .T. ) ;
#995 = ADVANCED_FACE ( 'NONE', ( #944 ), #458, .F. ) ;
#996 = FACE_OUTER_BOUND ( 'NONE', #860, .T. ) ;
#997 = UNCERTAINTY_MEASURE_WITH_UNIT (LENGTH_MEASURE( 1.000000000000000082E-05 ), #183, 'distance_accuracy_value', 'NONE');
#998 = CARTESIAN_POINT ( 'NONE',  ( -1.711036006537615783, 10.62161168600524341, -2.224002135422015414 ) ) ;
#999 = ORIENTED_EDGE ( 'NONE', *, *, #1281, .T. ) ;
#1000 = CARTESIAN_POINT ( 'NONE',  ( 2.656778420866861445, 10.79757555315695861, 0.9029743524082900485 ) ) ;
#1001 = EDGE_LOOP ( 'NONE', ( #348, #1232, #1410, #280 ) ) ;
#1002 = LINE ( 'NONE', #1461, #218 ) ;
#1003 = VECTOR ( 'NONE', #600, 1000.000000000000000 ) ;
#1004 = VECTOR ( 'NONE', #1284, 1000.000000000000000 ) ;
#1005 = VECTOR ( 'NONE', #1466, 1000.000000000000000 ) ;
#1006 = DIRECTION ( 'NONE',  ( -0.000000000000000000, -1.000000000000000000, -0.000000000000000000 ) ) ;
#1007 = CIRCLE ( 'NONE', #1347, 3.500000000000001332 ) ;
#1008 = DIRECTION ( 'NONE',  ( 0.000000000000000000, 0.000000000000000000, 1.000000000000000000 ) ) ;
#1009 = ORIENTED_EDGE ( 'NONE', *, *, #710, .F. ) ;
#1010 = FACE_OUTER_BOUND ( 'NONE', #599, .T. ) ;
#1011 = ORIENTED_EDGE ( 'NONE', *, *, #1406, .F. ) ;
#1012 = DIRECTION ( 'NONE',  ( 1.433655765270088848E-16, -1.000000000000000000, 4.287924676695722518E-33 ) ) ;
#1013 = CARTESIAN_POINT ( 'NONE',  ( -4.635898944420778532E-16, 22.50000000000000000, 13.39999999999998792 ) ) ;
#1014 = LINE ( 'NONE', #1131, #168 ) ;
#1015 = VERTEX_POINT ( 'NONE', #117 ) ;
#1016 = CARTESIAN_POINT ( 'NONE',  ( -19.99999999999998934, 45.00000000000000000, -4.650000000000001243 ) ) ;
#1017 = ADVANCED_FACE ( 'NONE', ( #1057 ), #915, .T. ) ;
#1018 = ORIENTED_EDGE ( 'NONE', *, *, #359, .F. ) ;
#1019 = CARTESIAN_POINT ( 'NONE',  ( 9.600000000000004974, 10.40000000000000213, 13.39999999999999147 ) ) ;
#1020 = CARTESIAN_POINT ( 'NONE',  ( 0.000000000000000000, 0.000000000000000000, 0.000000000000000000 ) ) ;
#1021 = DIRECTION ( 'NONE',  ( -0.000000000000000000, -1.000000000000000000, 0.000000000000000000 ) ) ;
#1022 = ORIENTED_EDGE ( 'NONE', *, *, #977, .T. ) ;
#1023 = CARTESIAN_POINT ( 'NONE',  ( -19.99999999999998934, 45.00000000000000000, 0.000000000000000000 ) ) ;
#1024 = VERTEX_POINT ( 'NONE', #449 ) ;
#1025 = ADVANCED_FACE ( 'NONE', ( #706 ), #923, .F. ) ;
#1026 = CYLINDRICAL_SURFACE ( 'NONE', #1485, 3.499999999999999556 ) ;
#1027 = AXIS2_PLACEMENT_3D ( 'NONE', #1290, #1299, #392 ) ;
#1028 = EDGE_CURVE ( 'NONE', #272, #1253, #366, .T. ) ;
#1029 = CIRCLE ( 'NONE', #1223, 1.000000000000000888 ) ;
#1030 = PLANE ( 'NONE',  #65 ) ;
#1031 = FACE_OUTER_BOUND ( 'NONE', #1488, .T. ) ;
#1032 = VECTOR ( 'NONE', #1333, 1000.000000000000000 ) ;
#1033 = ORIENTED_EDGE ( 'NONE', *, *, #1231, .F. ) ;
#1034 = AXIS2_PLACEMENT_3D ( 'NONE', #287, #1052, #247 ) ;
#1035 = CARTESIAN_POINT ( 'NONE',  ( -13.09999999999999609, 10.40000000000000568, 13.39999999999999147 ) ) ;
#1036 = ORIENTED_EDGE ( 'NONE', *, *, #1159, .T. ) ;
#1037 = CIRCLE ( 'NONE', #387, 12.00000000000000000 ) ;
#1038 = DIRECTION ( 'NONE',  ( 1.000000000000000000, 0.000000000000000000, -9.637352644315602638E-17 ) ) ;
#1039 = ADVANCED_FACE ( 'NONE', ( #591 ), #585, .F. ) ;
#1040 = DIRECTION ( 'NONE',  ( -0.000000000000000000, -0.000000000000000000, 1.000000000000000000 ) ) ;
#1041 = DIRECTION ( 'NONE',  ( -0.000000000000000000, -1.000000000000000000, -0.000000000000000000 ) ) ;
#1042 = FACE_OUTER_BOUND ( 'NONE', #570, .T. ) ;
#1043 = ORIENTED_EDGE ( 'NONE', *, *, #57, .F. ) ;
#1044 = CARTESIAN_POINT ( 'NONE',  ( -4.635898944420778532E-16, 45.00000000000000000, 15.49999999999999289 ) ) ;
#1045 = EDGE_LOOP ( 'NONE', ( #1390, #649 ) ) ;
#1046 = CARTESIAN_POINT ( 'NONE',  ( 9.500000000000000000, 10.50000000000000178, -40.50000000000001421 ) ) ;
#1047 = DIRECTION ( 'NONE',  ( -1.000000000000000000, 0.000000000000000000, 2.891205793294682764E-16 ) ) ;
#1048 = ADVANCED_FACE ( 'NONE', ( #678, #335 ), #347, .F. ) ;
#1049 = ORIENTED_EDGE ( 'NONE', *, *, #862, .T. ) ;
#1050 = LINE ( 'NONE', #1489, #615 ) ;
#1051 = ORIENTED_EDGE ( 'NONE', *, *, #1101, .T. ) ;
#1052 = DIRECTION ( 'NONE',  ( 2.990902544787599948E-17, 0.000000000000000000, -1.000000000000000000 ) ) ;
#1053 = CIRCLE ( 'NONE', #1099, 1.650000000000000355 ) ;
#1054 = CARTESIAN_POINT ( 'NONE',  ( 20.00000000000000355, 45.00000000000000000, 7.461176240760468391E-15 ) ) ;
#1055 = AXIS2_PLACEMENT_3D ( 'NONE', #194, #207, #637 ) ;
#1056 = CARTESIAN_POINT ( 'NONE',  ( -2.709888876732605478, 34.19007591012113778, -0.7283692363583661455 ) ) ;
#1057 = FACE_OUTER_BOUND ( 'NONE', #1480, .T. ) ;
#1058 = VERTEX_POINT ( 'NONE', #825 ) ;
#1059 = ADVANCED_FACE ( 'NONE', ( #804 ), #817, .F. ) ;
#1060 = VECTOR ( 'NONE', #1204, 1000.000000000000000 ) ;
#1061 = CARTESIAN_POINT ( 'NONE',  ( -28.99999999999998934, 45.00000000000000000, 14.49999999999999289 ) ) ;
#1062 = CARTESIAN_POINT ( 'NONE',  ( -1.849682470556506475, 34.35731899326995631, 2.110070446636351349 ) ) ;
#1063 = ORIENTED_EDGE ( 'NONE', *, *, #960, .T. ) ;
#1064 = DIRECTION ( 'NONE',  ( -0.000000000000000000, -0.000000000000000000, 1.000000000000000000 ) ) ;
#1065 = CARTESIAN_POINT ( 'NONE',  ( 3.429025004380067880E-16, 34.50000000000000000, 2.799999999999999822 ) ) ;
#1066 = ORIENTED_EDGE ( 'NONE', *, *, #255, .F. ) ;
#1067 = CARTESIAN_POINT ( 'NONE',  ( -9.599999999999997868, 38.10000000000000142, 13.39999999999999147 ) ) ;
#1068 = ORIENTED_EDGE ( 'NONE', *, *, #1455, .T. ) ;
#1069 = DIRECTION ( 'NONE',  ( 0.000000000000000000, 1.000000000000000000, -0.000000000000000000 ) ) ;
#1070 = ADVANCED_FACE ( 'NONE', ( #685 ), #236, .F. ) ;
#1071 = EDGE_CURVE ( 'NONE', #1430, #673, #165, .T. ) ;
#1072 = LINE ( 'NONE', #1082, #1152 ) ;
#1073 = EDGE_LOOP ( 'NONE', ( #916, #1108 ) ) ;
#1074 = DIRECTION ( 'NONE',  ( 0.000000000000000000, 1.000000000000000000, -0.000000000000000000 ) ) ;
#1075 = DIRECTION ( 'NONE',  ( 0.000000000000000000, 0.000000000000000000, 1.000000000000000000 ) ) ;
#1076 = ORIENTED_EDGE ( 'NONE', *, *, #902, .F. ) ;
#1077 = COLOUR_RGB ( '',0.7921568627450980005, 0.8196078431372548767, 0.9333333333333333481 ) ;
#1078 = CARTESIAN_POINT ( 'NONE',  ( -19.99999999999998934, 45.00000000000000000, 0.000000000000000000 ) ) ;
#1079 = VERTEX_POINT ( 'NONE', #1035 ) ;
#1080 = VECTOR ( 'NONE', #415, 1000.000000000000000 ) ;
#1081 = VECTOR ( 'NONE', #896, 1000.000000000000000 ) ;
#1082 = CARTESIAN_POINT ( 'NONE',  ( -29.99999999999999289, 45.00000000000000000, 5.650000000000003020 ) ) ;
#1083 = EDGE_CURVE ( 'NONE', #1132, #405, #245, .T. ) ;
#1084 = CARTESIAN_POINT ( 'NONE',  ( 28.99999999999998934, 45.00000000000000000, -15.50000000000000000 ) ) ;
#1085 = CARTESIAN_POINT ( 'NONE',  ( 0.000000000000000000, 0.000000000000000000, -2.799999999999999822 ) ) ;
#1086 = CARTESIAN_POINT ( 'NONE',  ( -29.99999999999999289, 45.00000000000000000, -14.49999999999999822 ) ) ;
#1087 = ORIENTED_EDGE ( 'NONE', *, *, #320, .T. ) ;
#1088 = DIRECTION ( 'NONE',  ( 0.000000000000000000, 0.000000000000000000, -1.000000000000000000 ) ) ;
#1089 = DIRECTION ( 'NONE',  ( 1.000000000000000000, 0.000000000000000000, 0.000000000000000000 ) ) ;
#1090 = EDGE_CURVE ( 'NONE', #215, #1015, #1050, .T. ) ;
#1091 = CYLINDRICAL_SURFACE ( 'NONE', #42, 12.00000000000000000 ) ;
#1092 = ORIENTED_EDGE ( 'NONE', *, *, #1287, .F. ) ;
#1093 = CARTESIAN_POINT ( 'NONE',  ( 28.99999999999998934, 45.00000000000000000, -4.650000000000004796 ) ) ;
#1094 = ORIENTED_EDGE ( 'NONE', *, *, #461, .T. ) ;
#1095 = CARTESIAN_POINT ( 'NONE',  ( 2.108094991234561899, 34.31410487878227400, 1.851823233182821715 ) ) ;
#1096 = DIRECTION ( 'NONE',  ( 0.000000000000000000, 0.000000000000000000, -1.000000000000000000 ) ) ;
#1097 = CARTESIAN_POINT ( 'NONE',  ( 30.00000000000000000, 0.000000000000000000, -5.650000000000011902 ) ) ;
#1098 = ORIENTED_EDGE ( 'NONE', *, *, #782, .F. ) ;
#1099 = AXIS2_PLACEMENT_3D ( 'NONE', #608, #947, #249 ) ;
#1100 = PLANE ( 'NONE',  #715 ) ;
#1101 = EDGE_CURVE ( 'NONE', #964, #295, #1156, .T. ) ;
#1102 = EDGE_LOOP ( 'NONE', ( #677, #723, #1087, #147 ) ) ;
#1103 = MECHANICAL_DESIGN_GEOMETRIC_PRESENTATION_REPRESENTATION (  '', ( #792 ), #739 ) ;
#1104 = VECTOR ( 'NONE', #356, 1000.000000000000000 ) ;
#1105 = VECTOR ( 'NONE', #968, 1000.000000000000000 ) ;
#1106 = CARTESIAN_POINT ( 'NONE',  ( 0.000000000000000000, 45.00000000000000000, -2.799999999999999822 ) ) ;
#1107 = CARTESIAN_POINT ( 'NONE',  ( -1.849851191760393476, 10.64271577690412762, 2.109825667529566129 ) ) ;
#1108 = ORIENTED_EDGE ( 'NONE', *, *, #101, .F. ) ;
#1109 = DIRECTION ( 'NONE',  ( 0.000000000000000000, 0.000000000000000000, 1.000000000000000000 ) ) ;
#1110 = EDGE_LOOP ( 'NONE', ( #490, #1289 ) ) ;
#1111 = CARTESIAN_POINT ( 'NONE',  ( -9.500000000000001776, 34.50000000000000000, -40.50000000000001421 ) ) ;
#1112 = EDGE_CURVE ( 'NONE', #673, #1430, #611, .T. ) ;
#1113 = CARTESIAN_POINT ( 'NONE',  ( 30.00000000000000000, 45.00000000000000000, -5.650000000000011902 ) ) ;
#1114 = CARTESIAN_POINT ( 'NONE',  ( -2.516266795864071426, 10.76656269949911149, -1.241713351487177652 ) ) ;
#1115 = ORIENTED_EDGE ( 'NONE', *, *, #238, .T. ) ;
#1116 = ADVANCED_BREP_SHAPE_REPRESENTATION ( 'Neutrik_CenterSupport', ( #719, #574 ), #1200 ) ;
#1117 = CARTESIAN_POINT ( 'NONE',  ( 7.849999999999999645, 10.50000000000000178, 13.39999999999998792 ) ) ;
#1118 = EDGE_LOOP ( 'NONE', ( #1437, #1404, #566, #970 ) ) ;
#1119 = B_SPLINE_CURVE_WITH_KNOTS ( 'NONE', 3,
 ( #1422, #468, #365, #145, #584, #1403, #824, #250, #1305, #603, #263, #705, #1311, #1283, #1056, #1167, #1296, #597, #139, #376, #372, #834, #830, #1062, #24, #483, #948, #721, #489, #1178, #30, #384 ),
 .UNSPECIFIED., .F., .F.,
 ( 4, 2, 2, 2, 2, 2, 2, 2, 2, 2, 2, 2, 2, 2, 2, 4 ),
 ( 5.685565220423310519E-19, 0.0005490273498402452063, 0.001098054699680489979, 0.001647082049520735185, 0.002196109399360979958, 0.002745136749201224080, 0.003294164099041468202, 0.003843191448881712324, 0.004392218798721956446, 0.004941246148562200569, 0.005490273498402443823, 0.006588328198082930333, 0.007137355547923173588, 0.007686382897763417710, 0.008235410247603660097, 0.008784437597443904219 ),
 .UNSPECIFIED. ) ;
#1120 = CARTESIAN_POINT ( 'NONE',  ( -2.108094991234562343, 10.68589512121771712, 1.851823233182820605 ) ) ;
#1121 = LINE ( 'NONE', #541, #1484 ) ;
#1122 = ORIENTED_EDGE ( 'NONE', *, *, #1209, .F. ) ;
#1123 = LINE ( 'NONE', #553, #956 ) ;
#1124 = VERTEX_POINT ( 'NONE', #857 ) ;
#1125 = VECTOR ( 'NONE', #494, 1000.000000000000000 ) ;
#1126 = SURFACE_STYLE_FILL_AREA ( #1442 ) ;
#1127 = CARTESIAN_POINT ( 'NONE',  ( 28.99999999999998934, 45.00000000000000000, -4.650000000000004796 ) ) ;
#1128 = EDGE_CURVE ( 'NONE', #258, #1417, #1150, .T. ) ;
#1129 = CARTESIAN_POINT ( 'NONE',  ( -2.656413391205139085, 10.79749525239235197, -0.9038354552990112145 ) ) ;
#1130 = CIRCLE ( 'NONE', #313, 3.499999999999999556 ) ;
#1131 = CARTESIAN_POINT ( 'NONE',  ( 30.00000000000000000, 0.000000000000000000, 0.000000000000000000 ) ) ;
#1132 = VERTEX_POINT ( 'NONE', #54 ) ;
#1133 = CARTESIAN_POINT ( 'NONE',  ( 1.849682470556506919, 10.64268100673003659, 2.110070446636350461 ) ) ;
#1134 = ORIENTED_EDGE ( 'NONE', *, *, #255, .T. ) ;
#1135 = CARTESIAN_POINT ( 'NONE',  ( 1.405184527531153860, 34.41843031721481339, 2.428774012592629816 ) ) ;
#1136 = DIRECTION ( 'NONE',  ( 0.000000000000000000, 0.000000000000000000, 1.000000000000000000 ) ) ;
#1137 = CARTESIAN_POINT ( 'NONE',  ( -9.500000000000001776, 34.50000000000000000, 13.39999999999998792 ) ) ;
#1138 = VERTEX_POINT ( 'NONE', #1193 ) ;
#1139 = EDGE_CURVE ( 'NONE', #471, #297, #845, .T. ) ;
#1140 = CARTESIAN_POINT ( 'NONE',  ( -9.500000000000001776, 34.50000000000000000, -15.50000000000000355 ) ) ;
#1141 = ORIENTED_EDGE ( 'NONE', *, *, #123, .T. ) ;
#1142 = ADVANCED_FACE ( 'NONE', ( #722 ), #604, .T. ) ;
#1143 = CARTESIAN_POINT ( 'NONE',  ( 0.9078639843836536771, 34.46680333073944524, -2.655008532357033602 ) ) ;
#1144 = CARTESIAN_POINT ( 'NONE',  ( 28.99999999999998934, 0.000000000000000000, 4.649999999999987921 ) ) ;
#1145 = DIRECTION ( 'NONE',  ( -0.000000000000000000, -0.000000000000000000, 1.000000000000000000 ) ) ;
#1146 = ORIENTED_EDGE ( 'NONE', *, *, #1248, .F. ) ;
#1147 = DIRECTION ( 'NONE',  ( 1.433655765270088848E-16, -1.000000000000000000, 0.000000000000000000 ) ) ;
#1148 = EDGE_LOOP ( 'NONE', ( #1372, #914, #1415, #499 ) ) ;
#1149 = EDGE_CURVE ( 'NONE', #523, #1024, #1217, .T. ) ;
#1150 = CIRCLE ( 'NONE', #61, 1.000000000000000000 ) ;
#1151 = AXIS2_PLACEMENT_3D ( 'NONE', #379, #507, #613 ) ;
#1152 = VECTOR ( 'NONE', #1288, 1000.000000000000000 ) ;
#1153 = CARTESIAN_POINT ( 'NONE',  ( 1.344410693882026287E-15, 45.00000000000000000, 4.649999999999995914 ) ) ;
#1154 = CARTESIAN_POINT ( 'NONE',  ( 30.00000000000000000, 0.000000000000000000, -14.49999999999999289 ) ) ;
#1155 = ORIENTED_EDGE ( 'NONE', *, *, #656, .T. ) ;
#1156 = LINE ( 'NONE', #1023, #1004 ) ;
#1157 = EDGE_LOOP ( 'NONE', ( #1342, #153 ) ) ;
#1158 = DIRECTION ( 'NONE',  ( -0.000000000000000000, -1.000000000000000000, 0.000000000000000000 ) ) ;
#1159 = EDGE_CURVE ( 'NONE', #811, #790, #12, .T. ) ;
#1160 = DIRECTION ( 'NONE',  ( 0.000000000000000000, 0.000000000000000000, -1.000000000000000000 ) ) ;
#1161 = VERTEX_POINT ( 'NONE', #621 ) ;
#1162 = DIRECTION ( 'NONE',  ( -1.000000000000000000, 0.000000000000000000, 0.000000000000000000 ) ) ;
#1163 = ORIENTED_EDGE ( 'NONE', *, *, #617, .F. ) ;
#1164 = CARTESIAN_POINT ( 'NONE',  ( -9.599999999999999645, 34.60000000000000142, 15.49999999999999289 ) ) ;
#1165 = CARTESIAN_POINT ( 'NONE',  ( 1.854359577768312596E-15, 45.00000000000000000, -15.50000000000000355 ) ) ;
#1166 = ADVANCED_FACE ( 'NONE', ( #850 ), #1312, .T. ) ;
#1167 = CARTESIAN_POINT ( 'NONE',  ( -2.782017652818134401, 34.17312084611661049, -0.3666023023940975234 ) ) ;
#1168 = CARTESIAN_POINT ( 'NONE',  ( -13.10000000000000142, 45.00000000000000000, 13.39999999999999147 ) ) ;
#1169 = EDGE_LOOP ( 'NONE', ( #1301, #229, #526, #936 ) ) ;
#1170 = DIRECTION ( 'NONE',  ( -1.000000000000000000, 0.000000000000000000, 0.000000000000000000 ) ) ;
#1171 = CIRCLE ( 'NONE', #1374, 1.000000000000000000 ) ;
#1172 = VERTEX_POINT ( 'NONE', #1085 ) ;
#1173 = VECTOR ( 'NONE', #1012, 1000.000000000000000 ) ;
#1174 = EDGE_CURVE ( 'NONE', #1351, #832, #1179, .T. ) ;
#1175 = ORIENTED_EDGE ( 'NONE', *, *, #195, .T. ) ;
#1176 = CARTESIAN_POINT ( 'NONE',  ( -9.599999999999999645, 34.60000000000000142, 13.39999999999999147 ) ) ;
#1177 = DIRECTION ( 'NONE',  ( 1.196361017915039979E-16, 0.000000000000000000, -1.000000000000000000 ) ) ;
#1178 = CARTESIAN_POINT ( 'NONE',  ( -0.3690021577959215482, 34.49568150795584387, 2.781655226930304980 ) ) ;
#1179 = LINE ( 'NONE', #49, #909 ) ;
#1180 = EDGE_CURVE ( 'NONE', #1218, #899, #146, .T. ) ;
#1181 = ORIENTED_EDGE ( 'NONE', *, *, #712, .F. ) ;
#1182 = CYLINDRICAL_SURFACE ( 'NONE', #334, 3.500000000000001332 ) ;
#1183 = ADVANCED_FACE ( 'NONE', ( #484 ), #31, .T. ) ;
#1184 = LINE ( 'NONE', #17, #14 ) ;
#1185 = ORIENTED_EDGE ( 'NONE', *, *, #742, .T. ) ;
#1186 = CARTESIAN_POINT ( 'NONE',  ( -28.99999999999998934, 0.000000000000000000, -5.650000000000001243 ) ) ;
#1187 = ORIENTED_EDGE ( 'NONE', *, *, #329, .F. ) ;
#1188 = DIRECTION ( 'NONE',  ( 1.000000000000000000, 0.000000000000000000, 0.000000000000000000 ) ) ;
#1189 = EDGE_CURVE ( 'NONE', #1015, #1345, #453, .T. ) ;
#1190 = DIRECTION ( 'NONE',  ( -1.000000000000000000, 0.000000000000000000, 0.000000000000000000 ) ) ;
#1191 = CARTESIAN_POINT ( 'NONE',  ( -28.99999999999998934, 45.00000000000000000, 14.49999999999999289 ) ) ;
#1192 = ORIENTED_EDGE ( 'NONE', *, *, #222, .F. ) ;
#1193 = CARTESIAN_POINT ( 'NONE',  ( 20.00000000000000355, 0.000000000000000000, 4.649999999999989697 ) ) ;
#1194 = DIRECTION ( 'NONE',  ( 0.000000000000000000, 0.000000000000000000, 1.000000000000000000 ) ) ;
#1195 = ORIENTED_EDGE ( 'NONE', *, *, #1231, .T. ) ;
#1196 = VECTOR ( 'NONE', #109, 1000.000000000000000 ) ;
#1197 = DIRECTION ( 'NONE',  ( 0.000000000000000000, 0.000000000000000000, 1.000000000000000000 ) ) ;
#1198 = AXIS2_PLACEMENT_3D ( 'NONE', #275, #162, #501 ) ;
#1199 = ADVANCED_FACE ( 'NONE', ( #674 ), #1264, .F. ) ;
#1200 =( GEOMETRIC_REPRESENTATION_CONTEXT ( 3 ) GLOBAL_UNCERTAINTY_ASSIGNED_CONTEXT ( ( #997 ) ) GLOBAL_UNIT_ASSIGNED_CONTEXT ( ( #183, #1362, #270 ) ) REPRESENTATION_CONTEXT ( 'NONE', 'WORKASPACE' ) );
#1201 = DIRECTION ( 'NONE',  ( -1.000000000000000000, 0.000000000000000000, 0.000000000000000000 ) ) ;
#1202 = FACE_BOUND ( 'NONE', #1045, .T. ) ;
#1203 = CARTESIAN_POINT ( 'NONE',  ( -28.99999999999998934, 0.000000000000000000, -14.50000000000000533 ) ) ;
#1204 = DIRECTION ( 'NONE',  ( -0.000000000000000000, -1.000000000000000000, -0.000000000000000000 ) ) ;
#1205 = VERTEX_POINT ( 'NONE', #429 ) ;
#1206 = LINE ( 'NONE', #965, #517 ) ;
#1207 = ORIENTED_EDGE ( 'NONE', *, *, #590, .F. ) ;
#1208 = DIRECTION ( 'NONE',  ( -1.000000000000000000, 0.000000000000000000, 0.000000000000000000 ) ) ;
#1209 = EDGE_CURVE ( 'NONE', #319, #1279, #1462, .T. ) ;
#1210 = FACE_BOUND ( 'NONE', #609, .T. ) ;
#1211 = VERTEX_POINT ( 'NONE', #105 ) ;
#1212 = CARTESIAN_POINT ( 'NONE',  ( 30.00000000000000000, 45.00000000000000000, 0.000000000000000000 ) ) ;
#1213 = ORIENTED_EDGE ( 'NONE', *, *, #531, .T. ) ;
#1214 = DIRECTION ( 'NONE',  ( 0.000000000000000000, 0.000000000000000000, 1.000000000000000000 ) ) ;
#1215 = DIRECTION ( 'NONE',  ( -0.000000000000000000, -1.000000000000000000, -0.000000000000000000 ) ) ;
#1216 = CARTESIAN_POINT ( 'NONE',  ( -2.800069924212096328, 10.83125506214470057, -0.1836787823162676914 ) ) ;
#1217 = CIRCLE ( 'NONE', #664, 1.000000000000000888 ) ;
#1218 = VERTEX_POINT ( 'NONE', #925 ) ;
#1219 = ADVANCED_FACE ( 'NONE', ( #663 ), #1386, .F. ) ;
#1220 = DIRECTION ( 'NONE',  ( 0.000000000000000000, 0.000000000000000000, 1.000000000000000000 ) ) ;
#1221 = EDGE_LOOP ( 'NONE', ( #961, #337, #252, #1141 ) ) ;
#1222 = VECTOR ( 'NONE', #389, 1000.000000000000000 ) ;
#1223 = AXIS2_PLACEMENT_3D ( 'NONE', #1239, #557, #800 ) ;
#1224 = VECTOR ( 'NONE', #1215, 1000.000000000000000 ) ;
#1225 = AXIS2_PLACEMENT_3D ( 'NONE', #1327, #253, #1194 ) ;
#1226 = DIRECTION ( 'NONE',  ( 0.000000000000000000, 0.000000000000000000, 1.000000000000000000 ) ) ;
#1227 = CYLINDRICAL_SURFACE ( 'NONE', #241, 1.000000000000000000 ) ;
#1228 = CARTESIAN_POINT ( 'NONE',  ( 9.500000000000000000, 10.50000000000000178, -15.50000000000000355 ) ) ;
#1229 = EDGE_LOOP ( 'NONE', ( #711, #333, #1076, #8 ) ) ;
#1230 = CARTESIAN_POINT ( 'NONE',  ( 2.515976897089466480, 10.76650157457248014, -1.242209620998043329 ) ) ;
#1231 = EDGE_CURVE ( 'NONE', #471, #394, #131, .T. ) ;
#1232 = ORIENTED_EDGE ( 'NONE', *, *, #1483, .F. ) ;
#1233 = ADVANCED_FACE ( 'NONE', ( #563 ), #1026, .F. ) ;
#1234 = DIRECTION ( 'NONE',  ( -0.000000000000000000, -0.000000000000000000, 1.000000000000000000 ) ) ;
#1235 = DIRECTION ( 'NONE',  ( -1.000000000000000000, 0.000000000000000000, 0.000000000000000000 ) ) ;
#1236 = ORIENTED_EDGE ( 'NONE', *, *, #530, .T. ) ;
#1237 = CARTESIAN_POINT ( 'NONE',  ( 0.9039796409490130635, 10.53289321100467646, 2.656376682023782632 ) ) ;
#1238 = ORIENTED_EDGE ( 'NONE', *, *, #481, .F. ) ;
#1239 = CARTESIAN_POINT ( 'NONE',  ( -28.99999999999998934, 0.000000000000000000, 14.49999999999999289 ) ) ;
#1240 = CARTESIAN_POINT ( 'NONE',  ( -1.709346369184039593, 10.62137803561054916, 2.225223977674066766 ) ) ;
#1241 = DIRECTION ( 'NONE',  ( -0.000000000000000000, -0.000000000000000000, 1.000000000000000000 ) ) ;
#1242 = ORIENTED_EDGE ( 'NONE', *, *, #78, .F. ) ;
#1243 = DIRECTION ( 'NONE',  ( -0.000000000000000000, -0.000000000000000000, 1.000000000000000000 ) ) ;
#1244 = ORIENTED_EDGE ( 'NONE', *, *, #929, .F. ) ;
#1245 = CARTESIAN_POINT ( 'NONE',  ( 1.709346369184040260, 34.37862196438945261, 2.225223977674066322 ) ) ;
#1246 = CARTESIAN_POINT ( 'NONE',  ( 4.481368979606749360E-16, 0.000000000000000000, 4.649999999999993250 ) ) ;
#1247 = AXIS2_PLACEMENT_3D ( 'NONE', #912, #1021, #1479 ) ;
#1248 = EDGE_CURVE ( 'NONE', #272, #701, #1286, .T. ) ;
#1249 = VECTOR ( 'NONE', #1226, 1000.000000000000000 ) ;
#1250 = FACE_OUTER_BOUND ( 'NONE', #612, .T. ) ;
#1251 = AXIS2_PLACEMENT_3D ( 'NONE', #752, #822, #1075 ) ;
#1252 = DIRECTION ( 'NONE',  ( 0.000000000000000000, 1.000000000000000000, -0.000000000000000000 ) ) ;
#1253 = VERTEX_POINT ( 'NONE', #55 ) ;
#1254 = CARTESIAN_POINT ( 'NONE',  ( 9.500000000000000000, 10.50000000000000178, -40.50000000000001421 ) ) ;
#1255 = ORIENTED_EDGE ( 'NONE', *, *, #724, .T. ) ;
#1256 = DIRECTION ( 'NONE',  ( 0.000000000000000000, 0.000000000000000000, 1.000000000000000000 ) ) ;
#1257 = CARTESIAN_POINT ( 'NONE',  ( 9.600000000000006750, 6.900000000000003020, 13.39999999999999147 ) ) ;
#1258 = DIRECTION ( 'NONE',  ( 1.000000000000000000, 0.000000000000000000, -2.891205793294682764E-16 ) ) ;
#1259 = LINE ( 'NONE', #689, #142 ) ;
#1260 = ORIENTED_EDGE ( 'NONE', *, *, #271, .T. ) ;
#1261 = EDGE_CURVE ( 'NONE', #1351, #1079, #840, .T. ) ;
#1262 = DIRECTION ( 'NONE',  ( -1.000000000000000000, 0.000000000000000000, -2.990902544787599948E-17 ) ) ;
#1263 = ORIENTED_EDGE ( 'NONE', *, *, #1407, .T. ) ;
#1264 = PLANE ( 'NONE',  #1418 ) ;
#1265 = CARTESIAN_POINT ( 'NONE',  ( 1.344410693882026287E-15, 0.000000000000000000, 4.649999999999995914 ) ) ;
#1266 = DIRECTION ( 'NONE',  ( -2.990902544787599948E-17, -0.000000000000000000, 1.000000000000000000 ) ) ;
#1267 = ORIENTED_EDGE ( 'NONE', *, *, #601, .F. ) ;
#1268 = B_SPLINE_CURVE_WITH_KNOTS ( 'NONE', 3,
 ( #1065, #952, #219, #632, #1135, #1245, #855, #1095, #1317, #209, #662, #625, #1332, #680, #1373, #94, #508, #1364, #865, #292, #284, #1325, #749, #179, #104, #1143, #967, #744, #983, #555 ),
 .UNSPECIFIED., .F., .F.,
 ( 4, 2, 2, 2, 2, 2, 2, 2, 2, 2, 2, 2, 2, 2, 4 ),
 ( 0.008784437597443904219, 0.009882199730859039452, 0.01043108079756660707, 0.01097996186427417642, 0.01152884293098174577, 0.01207772399768931512, 0.01317548613110445209, 0.01372436719781202144, 0.01427324826451958906, 0.01482212933122715667, 0.01537101039793472429, 0.01591989146464229538, 0.01646877253134986299, 0.01701765359805743061, 0.01756653466476500169 ),
 .UNSPECIFIED. ) ;
#1269 = DIRECTION ( 'NONE',  ( 1.000000000000000000, 0.000000000000000000, -2.891205793294682764E-16 ) ) ;
#1270 = EDGE_CURVE ( 'NONE', #1124, #1024, #828, .T. ) ;
#1271 = VERTEX_POINT ( 'NONE', #294 ) ;
#1272 = CIRCLE ( 'NONE', #1414, 2.799999999999999822 ) ;
#1273 = VECTOR ( 'NONE', #729, 1000.000000000000000 ) ;
#1274 = VECTOR ( 'NONE', #262, 1000.000000000000000 ) ;
#1275 = CARTESIAN_POINT ( 'NONE',  ( -28.99999999999998934, 45.00000000000000000, -14.50000000000000533 ) ) ;
#1276 = CIRCLE ( 'NONE', #381, 1.000000000000000000 ) ;
#1277 = ORIENTED_EDGE ( 'NONE', *, *, #110, .T. ) ;
#1278 = CARTESIAN_POINT ( 'NONE',  ( -9.599999999999996092, 10.40000000000000213, 13.39999999999999147 ) ) ;
#1279 = VERTEX_POINT ( 'NONE', #398 ) ;
#1280 = DIRECTION ( 'NONE',  ( -0.000000000000000000, -0.000000000000000000, 1.000000000000000000 ) ) ;
#1281 = EDGE_CURVE ( 'NONE', #1337, #1460, #385, .T. ) ;
#1282 = CARTESIAN_POINT ( 'NONE',  ( -9.599999999999996092, 10.40000000000000213, 13.39999999999999147 ) ) ;
#1283 = CARTESIAN_POINT ( 'NONE',  ( -2.655791904148153915, 34.20264476125201725, -0.9055351186172564404 ) ) ;
#1284 = DIRECTION ( 'NONE',  ( 0.000000000000000000, 0.000000000000000000, 1.000000000000000000 ) ) ;
#1285 = ORIENTED_EDGE ( 'NONE', *, *, #163, .F. ) ;
#1286 = LINE ( 'NONE', #736, #1060 ) ;
#1287 = EDGE_CURVE ( 'NONE', #480, #899, #1007, .T. ) ;
#1288 = DIRECTION ( 'NONE',  ( -0.000000000000000000, -1.000000000000000000, -0.000000000000000000 ) ) ;
#1289 = ORIENTED_EDGE ( 'NONE', *, *, #892, .F. ) ;
#1290 = CARTESIAN_POINT ( 'NONE',  ( 28.99999999999999645, 45.00000000000000000, 5.649999999999987921 ) ) ;
#1291 = EDGE_LOOP ( 'NONE', ( #803, #1066, #737, #1195 ) ) ;
#1292 = FACE_OUTER_BOUND ( 'NONE', #373, .T. ) ;
#1293 = DIRECTION ( 'NONE',  ( -9.637352644315603871E-17, 0.000000000000000000, -1.000000000000000000 ) ) ;
#1294 = EDGE_CURVE ( 'NONE', #1205, #798, #125, .T. ) ;
#1295 = VECTOR ( 'NONE', #1438, 1000.000000000000000 ) ;
#1296 = CARTESIAN_POINT ( 'NONE',  ( -2.799924751319732952, 34.16877977309102477, -0.1844828740395329791 ) ) ;
#1297 = CIRCLE ( 'NONE', #640, 2.799999999999999822 ) ;
#1298 = EDGE_CURVE ( 'NONE', #714, #790, #708, .T. ) ;
#1299 = DIRECTION ( 'NONE',  ( -0.000000000000000000, -1.000000000000000000, -0.000000000000000000 ) ) ;
#1300 = VECTOR ( 'NONE', #683, 1000.000000000000000 ) ;
#1301 = ORIENTED_EDGE ( 'NONE', *, *, #1413, .F. ) ;
#1302 = CARTESIAN_POINT ( 'NONE',  ( 30.00000000000000000, 45.00000000000000000, 5.649999999999995026 ) ) ;
#1303 = VECTOR ( 'NONE', #1038, 1000.000000000000000 ) ;
#1304 = DIRECTION ( 'NONE',  ( 2.990902544787599948E-17, 0.000000000000000000, -1.000000000000000000 ) ) ;
#1305 = CARTESIAN_POINT ( 'NONE',  ( -1.851827764675856303, 34.35697025820585537, -2.108043087786808822 ) ) ;
#1306 = ORIENTED_EDGE ( 'NONE', *, *, #590, .T. ) ;
#1307 = EDGE_CURVE ( 'NONE', #815, #157, #595, .T. ) ;
#1308 = LINE ( 'NONE', #1093, #15 ) ;
#1309 = FACE_OUTER_BOUND ( 'NONE', #521, .T. ) ;
#1310 = PLANE ( 'NONE',  #122 ) ;
#1311 = CARTESIAN_POINT ( 'NONE',  ( -2.515976897089467368, 34.23349842542751276, -1.242209620998041997 ) ) ;
#1312 = PLANE ( 'NONE',  #954 ) ;
#1313 = CARTESIAN_POINT ( 'NONE',  ( 7.849999999999999645, 10.50000000000000178, -40.50000000000001421 ) ) ;
#1314 = ORIENTED_EDGE ( 'NONE', *, *, #442, .T. ) ;
#1315 = CARTESIAN_POINT ( 'NONE',  ( -9.599999999999997868, 38.10000000000000142, 15.49999999999999289 ) ) ;
#1316 = ADVANCED_FACE ( 'NONE', ( #1429, #1210 ), #1091, .F. ) ;
#1317 = CARTESIAN_POINT ( 'NONE',  ( 2.225872716212896396, 34.29220681251594272, 1.708401658757866093 ) ) ;
#1318 = CYLINDRICAL_SURFACE ( 'NONE', #340, 1.000000000000000000 ) ;
#1319 = DIRECTION ( 'NONE',  ( 2.990902544787599948E-17, 0.000000000000000000, -1.000000000000000000 ) ) ;
#1320 = VECTOR ( 'NONE', #267, 1000.000000000000000 ) ;
#1321 = ORIENTED_EDGE ( 'NONE', *, *, #503, .F. ) ;
#1322 = DIRECTION ( 'NONE',  ( -1.000000000000000000, 0.000000000000000000, -1.445602896647339163E-16 ) ) ;
#1323 = EDGE_CURVE ( 'NONE', #1211, #1218, #312, .T. ) ;
#1324 = CIRCLE ( 'NONE', #96, 2.799999999999999822 ) ;
#1325 = CARTESIAN_POINT ( 'NONE',  ( 1.852636326332242955, 34.35684197304772169, -2.107315745945359531 ) ) ;
#1326 = FACE_OUTER_BOUND ( 'NONE', #629, .T. ) ;
#1327 = CARTESIAN_POINT ( 'NONE',  ( 28.99999999999999645, 45.00000000000000000, -14.50000000000000000 ) ) ;
#1328 = ORIENTED_EDGE ( 'NONE', *, *, #370, .F. ) ;
#1329 = DIRECTION ( 'NONE',  ( 0.000000000000000000, 0.000000000000000000, -1.000000000000000000 ) ) ;
#1330 = EDGE_LOOP ( 'NONE', ( #646, #849 ) ) ;
#1331 = DIRECTION ( 'NONE',  ( 1.196361017915039979E-16, 0.000000000000000000, -1.000000000000000000 ) ) ;
#1332 = CARTESIAN_POINT ( 'NONE',  ( 2.799859546406317623, 34.16879541945957044, 0.3705461139975674834 ) ) ;
#1333 = DIRECTION ( 'NONE',  ( -0.000000000000000000, -1.000000000000000000, -0.000000000000000000 ) ) ;
#1334 = CARTESIAN_POINT ( 'NONE',  ( -2.428360310250333942, 10.74782075266339554, 1.405777998130754103 ) ) ;
#1335 = ORIENTED_EDGE ( 'NONE', *, *, #607, .F. ) ;
#1336 = CARTESIAN_POINT ( 'NONE',  ( 2.781698217743303392, 10.82680354153622204, 0.3684808762463436249 ) ) ;
#1337 = VERTEX_POINT ( 'NONE', #174 ) ;
#1338 = CARTESIAN_POINT ( 'NONE',  ( 9.600000000000004974, 10.40000000000000213, 15.49999999999999289 ) ) ;
#1339 = ADVANCED_FACE ( 'NONE', ( #851 ), #746, .F. ) ;
#1340 = CARTESIAN_POINT ( 'NONE',  ( -0.7357368916693595162, 10.51779263369964568, 2.726158895060168064 ) ) ;
#1341 = APPLICATION_PROTOCOL_DEFINITION ( 'draft international standard', 'automotive_design', 1998, #181 ) ;
#1342 = ORIENTED_EDGE ( 'NONE', *, *, #1071, .F. ) ;
#1343 = ADVANCED_FACE ( 'NONE', ( #582 ), #369, .F. ) ;
#1344 = LINE ( 'NONE', #522, #1436 ) ;
#1345 = VERTEX_POINT ( 'NONE', #50 ) ;
#1346 = AXIS2_PLACEMENT_3D ( 'NONE', #1476, #368, #827 ) ;
#1347 = AXIS2_PLACEMENT_3D ( 'NONE', #1164, #858, #933 ) ;
#1348 = CARTESIAN_POINT ( 'NONE',  ( 0.000000000000000000, 45.00000000000000000, -2.799999999999999822 ) ) ;
#1349 = VECTOR ( 'NONE', #635, 1000.000000000000000 ) ;
#1350 = DIRECTION ( 'NONE',  ( 0.000000000000000000, 0.000000000000000000, -1.000000000000000000 ) ) ;
#1351 = VERTEX_POINT ( 'NONE', #6 ) ;
#1352 = CARTESIAN_POINT ( 'NONE',  ( 1.708975810594464573, 10.62133378081898449, 2.225441070854471182 ) ) ;
#1353 = ADVANCED_FACE ( 'NONE', ( #610 ), #40, .T. ) ;
#1354 = ORIENTED_EDGE ( 'NONE', *, *, #78, .T. ) ;
#1355 = DIRECTION ( 'NONE',  ( -0.000000000000000000, -1.000000000000000000, -0.000000000000000000 ) ) ;
#1356 = CARTESIAN_POINT ( 'NONE',  ( 9.600000000000004974, 10.40000000000000213, 13.39999999999999147 ) ) ;
#1357 = DIRECTION ( 'NONE',  ( 0.000000000000000000, 1.000000000000000000, -0.000000000000000000 ) ) ;
#1358 = CARTESIAN_POINT ( 'NONE',  ( -0.3686976961810938813, 10.50430432716713369, -2.781717106930786887 ) ) ;
#1359 = CARTESIAN_POINT ( 'NONE',  ( 28.99999999999999645, 0.000000000000000000, -14.50000000000000000 ) ) ;
#1360 = ORIENTED_EDGE ( 'NONE', *, *, #627, .F. ) ;
#1361 = DIRECTION ( 'NONE',  ( 0.000000000000000000, 0.000000000000000000, -1.000000000000000000 ) ) ;
#1362 =( NAMED_UNIT ( * ) PLANE_ANGLE_UNIT ( ) SI_UNIT ( $, .RADIAN. ) );
#1363 = VERTEX_POINT ( 'NONE', #466 ) ;
#1364 = CARTESIAN_POINT ( 'NONE',  ( 2.516266795864070538, 34.23343730050087430, -1.241713351487178540 ) ) ;
#1365 = DIRECTION ( 'NONE',  ( 0.000000000000000000, 0.000000000000000000, 1.000000000000000000 ) ) ;
#1366 = PRODUCT_DEFINITION_CONTEXT ( 'detailed design', #181, 'design' ) ;
#1367 = CARTESIAN_POINT ( 'NONE',  ( -9.599999999999996092, 6.900000000000003020, 13.39999999999999147 ) ) ;
#1368 = DIRECTION ( 'NONE',  ( -0.000000000000000000, -1.000000000000000000, -0.000000000000000000 ) ) ;
#1369 = CARTESIAN_POINT ( 'NONE',  ( -19.99999999999998934, 45.00000000000000000, 4.649999999999995026 ) ) ;
#1370 = ORIENTED_EDGE ( 'NONE', *, *, #552, .T. ) ;
#1371 = DIRECTION ( 'NONE',  ( 0.000000000000000000, 1.000000000000000000, -0.000000000000000000 ) ) ;
#1372 = ORIENTED_EDGE ( 'NONE', *, *, #762, .T. ) ;
#1373 = CARTESIAN_POINT ( 'NONE',  ( 2.782033444346744044, 34.17311585765563819, -0.3658443998360769167 ) ) ;
#1374 = AXIS2_PLACEMENT_3D ( 'NONE', #789, #1371, #1220 ) ;
#1375 = AXIS2_PLACEMENT_3D ( 'NONE', #1153, #243, #1047 ) ;
#1376 = FACE_OUTER_BOUND ( 'NONE', #417, .T. ) ;
#1377 = PLANE ( 'NONE',  #95 ) ;
#1378 = ORIENTED_EDGE ( 'NONE', *, *, #271, .F. ) ;
#1379 = CARTESIAN_POINT ( 'NONE',  ( -4.635898944420778532E-16, 38.10000000000000142, 13.39999999999999147 ) ) ;
#1380 = VERTEX_POINT ( 'NONE', #1392 ) ;
#1381 = LINE ( 'NONE', #227, #1416 ) ;
#1382 = FACE_BOUND ( 'NONE', #1110, .T. ) ;
#1383 = ORIENTED_EDGE ( 'NONE', *, *, #801, .F. ) ;
#1384 = CARTESIAN_POINT ( 'NONE',  ( 3.428997070783859567E-16, 10.49999999999999822, 2.799999999999999822 ) ) ;
#1385 = ORIENTED_EDGE ( 'NONE', *, *, #291, .F. ) ;
#1386 = PLANE ( 'NONE',  #841 ) ;
#1387 = CARTESIAN_POINT ( 'NONE',  ( 13.10000000000000320, 10.40000000000000568, 13.39999999999999147 ) ) ;
#1388 = ORIENTED_EDGE ( 'NONE', *, *, #703, .T. ) ;
#1389 = CARTESIAN_POINT ( 'NONE',  ( 13.09999999999999787, 45.00000000000000000, 13.39999999999999147 ) ) ;
#1390 = ORIENTED_EDGE ( 'NONE', *, *, #902, .T. ) ;
#1391 = EDGE_CURVE ( 'NONE', #1430, #955, #702, .T. ) ;
#1392 = CARTESIAN_POINT ( 'NONE',  ( 13.09999999999999964, 34.60000000000000142, 15.49999999999999289 ) ) ;
#1393 = VECTOR ( 'NONE', #479, 1000.000000000000000 ) ;
#1394 = AXIS2_PLACEMENT_3D ( 'NONE', #1389, #930, #1481 ) ;
#1395 = VECTOR ( 'NONE', #234, 1000.000000000000000 ) ;
#1396 = LINE ( 'NONE', #829, #1274 ) ;
#1397 = VECTOR ( 'NONE', #1241, 1000.000000000000000 ) ;
#1398 = ORIENTED_EDGE ( 'NONE', *, *, #686, .T. ) ;
#1399 = DIRECTION ( 'NONE',  ( -0.000000000000000000, -1.000000000000000000, -0.000000000000000000 ) ) ;
#1400 = ORIENTED_EDGE ( 'NONE', *, *, #1128, .T. ) ;
#1401 = DIRECTION ( 'NONE',  ( 2.990902544787599948E-17, 0.000000000000000000, -1.000000000000000000 ) ) ;
#1402 = FACE_OUTER_BOUND ( 'NONE', #684, .T. ) ;
#1403 = CARTESIAN_POINT ( 'NONE',  ( -1.243957356216671029, 34.43656158072469964, -2.515199256285175711 ) ) ;
#1404 = ORIENTED_EDGE ( 'NONE', *, *, #531, .F. ) ;
#1405 = CARTESIAN_POINT ( 'NONE',  ( -6.396213099209037658E-17, 10.49999999999999822, -2.799999999999999822 ) ) ;
#1406 = EDGE_CURVE ( 'NONE', #883, #843, #1130, .T. ) ;
#1407 = EDGE_CURVE ( 'NONE', #277, #978, #1425, .T. ) ;
#1408 = CARTESIAN_POINT ( 'NONE',  ( 4.481368979606749360E-16, 45.00000000000000000, 4.649999999999993250 ) ) ;
#1409 = EDGE_LOOP ( 'NONE', ( #631, #945, #895, #693 ) ) ;
#1410 = ORIENTED_EDGE ( 'NONE', *, *, #370, .T. ) ;
#1411 = DIRECTION ( 'NONE',  ( -0.000000000000000000, -1.000000000000000000, -0.000000000000000000 ) ) ;
#1412 = CARTESIAN_POINT ( 'NONE',  ( -11.15000000000000213, 34.50000000000000000, -15.50000000000000355 ) ) ;
#1413 = EDGE_CURVE ( 'NONE', #673, #1363, #991, .T. ) ;
#1414 = AXIS2_PLACEMENT_3D ( 'NONE', #606, #1069, #853 ) ;
#1415 = ORIENTED_EDGE ( 'NONE', *, *, #1028, .F. ) ;
#1416 = VECTOR ( 'NONE', #806, 1000.000000000000000 ) ;
#1417 = VERTEX_POINT ( 'NONE', #1097 ) ;
#1418 = AXIS2_PLACEMENT_3D ( 'NONE', #339, #220, #1256 ) ;
#1419 = CARTESIAN_POINT ( 'NONE',  ( 3.429011037612588290E-16, 45.00000000000000000, 2.799999999999999822 ) ) ;
#1420 = PRODUCT_DEFINITION_FORMATION_WITH_SPECIFIED_SOURCE ( 'ANY', '', #516, .NOT_KNOWN. ) ;
#1421 = DIRECTION ( 'NONE',  ( -1.000000000000000000, 0.000000000000000000, 9.637352644315603871E-17 ) ) ;
#1422 = CARTESIAN_POINT ( 'NONE',  ( -5.853481803348701410E-16, 34.50000000000000000, -2.799999999999999822 ) ) ;
#1423 = EDGE_CURVE ( 'NONE', #424, #277, #477, .T. ) ;
#1424 = DIRECTION ( 'NONE',  ( 0.000000000000000000, 0.000000000000000000, 1.000000000000000000 ) ) ;
#1425 = LINE ( 'NONE', #1313, #497 ) ;
#1426 = ORIENTED_EDGE ( 'NONE', *, *, #703, .F. ) ;
#1427 = CARTESIAN_POINT ( 'NONE',  ( -9.599999999999996092, 6.900000000000003020, 15.49999999999999289 ) ) ;
#1428 = LINE ( 'NONE', #1084, #820 ) ;
#1429 = FACE_OUTER_BOUND ( 'NONE', #623, .T. ) ;
#1430 = VERTEX_POINT ( 'NONE', #324 ) ;
#1431 = CARTESIAN_POINT ( 'NONE',  ( -5.853481803348701410E-16, 34.50000000000000000, -2.799999999999999822 ) ) ;
#1432 = EDGE_CURVE ( 'NONE', #1132, #1058, #525, .T. ) ;
#1433 = DIRECTION ( 'NONE',  ( -0.000000000000000000, -1.000000000000000000, -0.000000000000000000 ) ) ;
#1434 = AXIS2_PLACEMENT_3D ( 'NONE', #1408, #1293, #1421 ) ;
#1435 = DIRECTION ( 'NONE',  ( 1.000000000000000000, 0.000000000000000000, 0.000000000000000000 ) ) ;
#1436 = VECTOR ( 'NONE', #427, 1000.000000000000000 ) ;
#1437 = ORIENTED_EDGE ( 'NONE', *, *, #309, .T. ) ;
#1438 = DIRECTION ( 'NONE',  ( 1.000000000000000000, 0.000000000000000000, 2.990902544787599948E-17 ) ) ;
#1439 = VERTEX_POINT ( 'NONE', #73 ) ;
#1440 = CIRCLE ( 'NONE', #426, 3.499999999999999556 ) ;
#1441 = EDGE_CURVE ( 'NONE', #1439, #66, #1037, .T. ) ;
#1442 = FILL_AREA_STYLE ('',( #443 ) ) ;
#1443 = PLANE ( 'NONE',  #767 ) ;
#1444 = DIRECTION ( 'NONE',  ( -1.000000000000000000, 0.000000000000000000, 0.000000000000000000 ) ) ;
#1445 = ORIENTED_EDGE ( 'NONE', *, *, #1159, .F. ) ;
#1446 = CARTESIAN_POINT ( 'NONE',  ( 2.709888876732606366, 10.80992408987886044, -0.7283692363583680329 ) ) ;
#1447 = ORIENTED_EDGE ( 'NONE', *, *, #342, .F. ) ;
#1448 = EDGE_CURVE ( 'NONE', #100, #136, #1324, .T. ) ;
#1449 = CARTESIAN_POINT ( 'NONE',  ( 30.00000000000000000, 0.000000000000000000, -0.000000000000000000 ) ) ;
#1450 = DIRECTION ( 'NONE',  ( 0.000000000000000000, 0.000000000000000000, 1.000000000000000000 ) ) ;
#1451 = ORIENTED_EDGE ( 'NONE', *, *, #1139, .T. ) ;
#1452 = CARTESIAN_POINT ( 'NONE',  ( 0.3681551680108333668, 10.50430460124774790, -2.781711778750435293 ) ) ;
#1453 = ORIENTED_EDGE ( 'NONE', *, *, #892, .T. ) ;
#1454 = CARTESIAN_POINT ( 'NONE',  ( 20.00000000000000355, 45.00000000000000000, 7.461176240760468391E-15 ) ) ;
#1455 = EDGE_CURVE ( 'NONE', #128, #1205, #63, .T. ) ;
#1456 = CARTESIAN_POINT ( 'NONE',  ( -2.226606609659292246, 10.70792594990969882, -1.707595100285366652 ) ) ;
#1457 = VECTOR ( 'NONE', #619, 1000.000000000000000 ) ;
#1458 = ORIENTED_EDGE ( 'NONE', *, *, #1189, .T. ) ;
#1459 = CARTESIAN_POINT ( 'NONE',  ( 2.445336409343676909, 10.75090778435404104, 1.412680742383822796 ) ) ;
#1460 = VERTEX_POINT ( 'NONE', #520 ) ;
#1461 = CARTESIAN_POINT ( 'NONE',  ( 30.00000000000000000, 45.00000000000000000, 0.000000000000000000 ) ) ;
#1462 = LINE ( 'NONE', #1246, #1303 ) ;
#1463 = AXIS2_PLACEMENT_3D ( 'NONE', #420, #403, #166 ) ;
#1464 = VECTOR ( 'NONE', #1350, 1000.000000000000000 ) ;
#1465 = DIRECTION ( 'NONE',  ( -2.990902544787599948E-17, -0.000000000000000000, 1.000000000000000000 ) ) ;
#1466 = DIRECTION ( 'NONE',  ( 0.000000000000000000, 0.000000000000000000, 1.000000000000000000 ) ) ;
#1467 = ORIENTED_EDGE ( 'NONE', *, *, #1323, .F. ) ;
#1468 = CARTESIAN_POINT ( 'NONE',  ( 12.00000000000000000, 22.50000000000000000, -15.50000000000000178 ) ) ;
#1469 = ORIENTED_EDGE ( 'NONE', *, *, #1423, .F. ) ;
#1470 = PLANE ( 'NONE',  #1375 ) ;
#1471 = CARTESIAN_POINT ( 'NONE',  ( 20.00000000000000355, 45.00000000000000000, 4.649999999999989697 ) ) ;
#1472 = DIRECTION ( 'NONE',  ( 0.000000000000000000, 0.000000000000000000, -1.000000000000000000 ) ) ;
#1473 = ORIENTED_EDGE ( 'NONE', *, *, #1423, .T. ) ;
#1474 = CARTESIAN_POINT ( 'NONE',  ( 11.15000000000000036, 10.50000000000000178, -40.50000000000001421 ) ) ;
#1475 = VERTEX_POINT ( 'NONE', #876 ) ;
#1476 = CARTESIAN_POINT ( 'NONE',  ( 28.99999999999999645, 45.00000000000000000, -5.650000000000004796 ) ) ;
#1477 = EDGE_CURVE ( 'NONE', #5, #727, #452, .T. ) ;
#1478 = LINE ( 'NONE', #548, #1173 ) ;
#1479 = DIRECTION ( 'NONE',  ( 0.000000000000000000, 0.000000000000000000, 1.000000000000000000 ) ) ;
#1480 = EDGE_LOOP ( 'NONE', ( #578, #18, #988, #661 ) ) ;
#1481 = DIRECTION ( 'NONE',  ( -2.150483647905133642E-16, 1.000000000000000000, 0.000000000000000000 ) ) ;
#1482 = VERTEX_POINT ( 'NONE', #786 ) ;
#1483 = EDGE_CURVE ( 'NONE', #1460, #351, #213, .T. ) ;
#1484 = VECTOR ( 'NONE', #1145, 1000.000000000000000 ) ;
#1485 = AXIS2_PLACEMENT_3D ( 'NONE', #1356, #321, #210 ) ;
#1486 = CARTESIAN_POINT ( 'NONE',  ( -28.99999999999998579, 45.00000000000000000, -4.650000000000001243 ) ) ;
#1487 = LINE ( 'NONE', #214, #1005 ) ;
#1488 = EDGE_LOOP ( 'NONE', ( #38, #1043, #141, #699, #1063, #326, #1051, #671, #367, #256, #1335, #854, #51, #871, #439, #111, #928, #413, #1255, #1328 ) ) ;
#1489 = CARTESIAN_POINT ( 'NONE',  ( 1.344410693882026287E-15, 45.00000000000000000, 4.649999999999995914 ) ) ;
#1490 = ORIENTED_EDGE ( 'NONE', *, *, #1323, .T. ) ;
#1491 = EDGE_CURVE ( 'NONE', #215, #1138, #668, .T. ) ;
ENDSEC;
END-ISO-10303-21;
