ISO-10303-21;
HEADER;
FILE_DESCRIPTION (( 'STEP AP203' ),
    '1' );
FILE_NAME ('caja brook cables v1.2.STEP',
    '2026-03-20T12:57:08',
    ( '' ),
    ( '' ),
    'SwSTEP 2.0',
    'SolidWorks 2022',
    '' );
FILE_SCHEMA (( 'CONFIG_CONTROL_DESIGN' ));
ENDSEC;

DATA;
#1 = LINE ( 'NONE', #4007, #1850 ) ;
#2 = CIRCLE ( 'NONE', #186, 4.000000000000000000 ) ;
#3 = DIRECTION ( 'NONE',  ( 0.000000000000000000, 0.000000000000000000, -1.000000000000000000 ) ) ;
#4 = ORIENTED_EDGE ( 'NONE', *, *, #3411, .F. ) ;
#5 = AXIS2_PLACEMENT_3D ( 'NONE', #1386, #1938, #3700 ) ;
#6 = VECTOR ( 'NONE', #5306, 1000.000000000000000 ) ;
#7 = LINE ( 'NONE', #1803, #704 ) ;
#8 = CIRCLE ( 'NONE', #3238, 3.500000000000003109 ) ;
#9 = VERTEX_POINT ( 'NONE', #1449 ) ;
#10 = EDGE_CURVE ( 'NONE', #5673, #4504, #3146, .T. ) ;
#11 = ORIENTED_EDGE ( 'NONE', *, *, #4367, .F. ) ;
#12 = DIRECTION ( 'NONE',  ( -1.000000000000000000, 0.000000000000000000, 0.000000000000000000 ) ) ;
#13 = EDGE_CURVE ( 'NONE', #2757, #2581, #4500, .T. ) ;
#14 = ORIENTED_EDGE ( 'NONE', *, *, #1964, .F. ) ;
#15 = FACE_BOUND ( 'NONE', #4956, .T. ) ;
#16 = ADVANCED_FACE ( 'NONE', ( #4063 ), #2828, .F. ) ;
#17 = VERTEX_POINT ( 'NONE', #3637 ) ;
#18 = ORIENTED_EDGE ( 'NONE', *, *, #3083, .T. ) ;
#19 = LINE ( 'NONE', #5317, #2105 ) ;
#20 = CARTESIAN_POINT ( 'NONE',  ( -36.99999999999999289, 19.00000000000000355, -25.00000000000000000 ) ) ;
#21 = CARTESIAN_POINT ( 'NONE',  ( -34.99999999999999289, 8.500000000000000000, -22.00000000000000355 ) ) ;
#22 = ORIENTED_EDGE ( 'NONE', *, *, #4328, .T. ) ;
#23 = EDGE_CURVE ( 'NONE', #4572, #3010, #979, .T. ) ;
#24 = LINE ( 'NONE', #4461, #5539 ) ;
#25 = DIRECTION ( 'NONE',  ( -0.000000000000000000, -1.000000000000000000, -0.000000000000000000 ) ) ;
#26 = CARTESIAN_POINT ( 'NONE',  ( -16.49999999999999289, 8.500000000000168754, -24.50000000000000000 ) ) ;
#27 = CARTESIAN_POINT ( 'NONE',  ( -25.73161276499845584, 5.062556206516027224, 24.50000000000000000 ) ) ;
#28 = CIRCLE ( 'NONE', #4727, 0.5000000000000004441 ) ;
#29 = CARTESIAN_POINT ( 'NONE',  ( -44.00000000000000000, 21.00000000000000000, -20.50000000000000355 ) ) ;
#30 = CYLINDRICAL_SURFACE ( 'NONE', #3506, 4.000000000000000888 ) ;
#31 = FACE_OUTER_BOUND ( 'NONE', #2461, .T. ) ;
#32 = AXIS2_PLACEMENT_3D ( 'NONE', #4484, #1812, #5344 ) ;
#33 = ORIENTED_EDGE ( 'NONE', *, *, #1288, .F. ) ;
#34 = DIRECTION ( 'NONE',  ( -1.000000000000000000, 0.000000000000000000, -0.000000000000000000 ) ) ;
#35 = ORIENTED_EDGE ( 'NONE', *, *, #3471, .F. ) ;
#36 = VECTOR ( 'NONE', #2143, 1000.000000000000000 ) ;
#37 = ORIENTED_EDGE ( 'NONE', *, *, #887, .F. ) ;
#38 = AXIS2_PLACEMENT_3D ( 'NONE', #1872, #2648, #56 ) ;
#39 = DIRECTION ( 'NONE',  ( -0.000000000000000000, -0.000000000000000000, 1.000000000000000000 ) ) ;
#40 = EDGE_CURVE ( 'NONE', #677, #5463, #2601, .T. ) ;
#41 = AXIS2_PLACEMENT_3D ( 'NONE', #4329, #3897, #1708 ) ;
#42 = DIRECTION ( 'NONE',  ( 0.000000000000000000, 0.000000000000000000, 1.000000000000000000 ) ) ;
#43 = EDGE_CURVE ( 'NONE', #3614, #1522, #3784, .T. ) ;
#44 = AXIS2_PLACEMENT_3D ( 'NONE', #1300, #3843, #3409 ) ;
#45 = TOROIDAL_SURFACE ( 'NONE', #38, 4.500000000000000888, 0.5000000000000000000 ) ;
#46 = FACE_OUTER_BOUND ( 'NONE', #1263, .T. ) ;
#47 = CARTESIAN_POINT ( 'NONE',  ( 12.00000000000000000, 8.500000000000168754, -22.00000000000000355 ) ) ;
#48 = DIRECTION ( 'NONE',  ( 0.000000000000000000, 0.000000000000000000, 1.000000000000000000 ) ) ;
#49 = AXIS2_PLACEMENT_3D ( 'NONE', #5599, #2545, #3 ) ;
#50 = VERTEX_POINT ( 'NONE', #4732 ) ;
#51 = VERTEX_POINT ( 'NONE', #4273 ) ;
#52 = AXIS2_PLACEMENT_3D ( 'NONE', #426, #1259, #3881 ) ;
#53 = DIRECTION ( 'NONE',  ( 0.000000000000000000, -0.000000000000000000, -1.000000000000000000 ) ) ;
#54 = CARTESIAN_POINT ( 'NONE',  ( -49.99999999999999289, 5.500000000000000888, 14.50000000000000178 ) ) ;
#55 = CARTESIAN_POINT ( 'NONE',  ( 16.73161276499841676, 5.062556206516027224, 24.50000000000000000 ) ) ;
#56 = DIRECTION ( 'NONE',  ( 0.000000000000000000, 0.000000000000000000, -1.000000000000000000 ) ) ;
#57 = EDGE_CURVE ( 'NONE', #3534, #437, #5115, .T. ) ;
#58 = CIRCLE ( 'NONE', #3009, 4.000000000000000000 ) ;
#59 = DIRECTION ( 'NONE',  ( 1.000000000000000000, -0.000000000000000000, -0.000000000000000000 ) ) ;
#60 = CARTESIAN_POINT ( 'NONE',  ( 20.00000000000000000, 8.500000000000168754, -22.00000000000000355 ) ) ;
#61 = FACE_OUTER_BOUND ( 'NONE', #2326, .T. ) ;
#62 = ORIENTED_EDGE ( 'NONE', *, *, #3259, .F. ) ;
#63 = DIRECTION ( 'NONE',  ( -0.000000000000000000, 1.000000000000000000, -0.000000000000000000 ) ) ;
#64 = ORIENTED_EDGE ( 'NONE', *, *, #2799, .F. ) ;
#65 = ORIENTED_EDGE ( 'NONE', *, *, #2034, .T. ) ;
#66 = VECTOR ( 'NONE', #2821, 1000.000000000000000 ) ;
#67 = CARTESIAN_POINT ( 'NONE',  ( 39.00000000000000711, 5.500000000000000000, -4.000000000000000000 ) ) ;
#68 = ORIENTED_EDGE ( 'NONE', *, *, #5457, .F. ) ;
#69 = CARTESIAN_POINT ( 'NONE',  ( -38.99999999999999289, 2.291014067545305455, -11.87117219195301132 ) ) ;
#70 = CARTESIAN_POINT ( 'NONE',  ( -49.49999999999999289, 14.50000000000000000, 10.00000000000000178 ) ) ;
#71 = EDGE_CURVE ( 'NONE', #3653, #2820, #2879, .T. ) ;
#72 = CARTESIAN_POINT ( 'NONE',  ( -49.49999999999999289, 2.291014067545305455, -8.871172191953011321 ) ) ;
#73 = DIRECTION ( 'NONE',  ( 0.000000000000000000, 0.000000000000000000, 1.000000000000000000 ) ) ;
#74 = VERTEX_POINT ( 'NONE', #3390 ) ;
#75 = LINE ( 'NONE', #4916, #1770 ) ;
#76 = CARTESIAN_POINT ( 'NONE',  ( 3.469446951953614189E-15, 8.500000000000000000, -4.999999999999997335 ) ) ;
#77 = DIRECTION ( 'NONE',  ( 0.000000000000000000, 0.000000000000000000, 1.000000000000000000 ) ) ;
#78 = ORIENTED_EDGE ( 'NONE', *, *, #859, .T. ) ;
#79 = CARTESIAN_POINT ( 'NONE',  ( 49.50000000000000711, 17.70898593245469499, -11.87117219195301132 ) ) ;
#80 = EDGE_CURVE ( 'NONE', #3777, #2397, #1172, .T. ) ;
#81 = CARTESIAN_POINT ( 'NONE',  ( 25.23161276499842032, 5.062556206516027224, 15.00000000000000178 ) ) ;
#82 = ORIENTED_EDGE ( 'NONE', *, *, #4983, .T. ) ;
#83 = CARTESIAN_POINT ( 'NONE',  ( -4.499999999999997335, 8.500000000000000000, -24.50000000000000000 ) ) ;
#84 = CARTESIAN_POINT ( 'NONE',  ( 22.23161276499841676, 12.99999999999999822, 25.00000000000000000 ) ) ;
#85 = CARTESIAN_POINT ( 'NONE',  ( 44.00000000000000000, 19.00000000000000000, 23.24999999999999289 ) ) ;
#86 = EDGE_CURVE ( 'NONE', #217, #4099, #5460, .T. ) ;
#87 = EDGE_CURVE ( 'NONE', #3697, #1469, #2855, .T. ) ;
#88 = ORIENTED_EDGE ( 'NONE', *, *, #3574, .T. ) ;
#89 = AXIS2_PLACEMENT_3D ( 'NONE', #3530, #4878, #3115 ) ;
#90 = ORIENTED_EDGE ( 'NONE', *, *, #853, .T. ) ;
#91 = CARTESIAN_POINT ( 'NONE',  ( -25.73161276499844874, 12.99999999999999822, 24.50000000000000000 ) ) ;
#92 = EDGE_CURVE ( 'NONE', #3898, #1991, #5548, .T. ) ;
#93 = ORIENTED_EDGE ( 'NONE', *, *, #2106, .T. ) ;
#94 = ORIENTED_EDGE ( 'NONE', *, *, #57, .F. ) ;
#95 = CIRCLE ( 'NONE', #657, 4.000000000000000888 ) ;
#96 = CIRCLE ( 'NONE', #470, 4.000000000000007105 ) ;
#97 = ORIENTED_EDGE ( 'NONE', *, *, #3608, .F. ) ;
#98 = TOROIDAL_SURFACE ( 'NONE', #5175, 4.499999999999999112, 0.5000000000000000000 ) ;
#99 = CYLINDRICAL_SURFACE ( 'NONE', #3434, 0.5000000000000004441 ) ;
#100 = AXIS2_PLACEMENT_3D ( 'NONE', #4049, #107, #1868 ) ;
#101 = CARTESIAN_POINT ( 'NONE',  ( 31.23161276499841676, 9.031278103258014056, 21.99999999999999645 ) ) ;
#102 = DIRECTION ( 'NONE',  ( 0.000000000000000000, 0.000000000000000000, -1.000000000000000000 ) ) ;
#103 = AXIS2_PLACEMENT_3D ( 'NONE', #3455, #4722, #5184 ) ;
#104 = CARTESIAN_POINT ( 'NONE',  ( -49.49999999999999289, 14.70898593245469499, -11.87117219195301132 ) ) ;
#105 = DIRECTION ( 'NONE',  ( 0.000000000000000000, -0.000000000000000000, 1.000000000000000000 ) ) ;
#106 = ORIENTED_EDGE ( 'NONE', *, *, #2561, .T. ) ;
#107 = DIRECTION ( 'NONE',  ( -0.000000000000000000, 1.000000000000000000, -0.000000000000000000 ) ) ;
#108 = CARTESIAN_POINT ( 'NONE',  ( 39.00000000000000711, 19.00000000000000000, -22.00000000000000355 ) ) ;
#109 = DIRECTION ( 'NONE',  ( 0.000000000000000000, 1.000000000000000000, 0.000000000000000000 ) ) ;
#110 = AXIS2_PLACEMENT_3D ( 'NONE', #251, #5036, #2410 ) ;
#111 = ORIENTED_EDGE ( 'NONE', *, *, #3338, .F. ) ;
#112 = CARTESIAN_POINT ( 'NONE',  ( 39.00000000000000711, 5.500000000000000888, 14.00000000000000178 ) ) ;
#113 = FACE_OUTER_BOUND ( 'NONE', #4653, .T. ) ;
#114 = AXIS2_PLACEMENT_3D ( 'NONE', #5025, #5144, #1664 ) ;
#115 = ORIENTED_EDGE ( 'NONE', *, *, #2598, .T. ) ;
#116 = CARTESIAN_POINT ( 'NONE',  ( -45.00000000000000000, 0.000000000000000000, -25.00000000000000000 ) ) ;
#117 = CARTESIAN_POINT ( 'NONE',  ( 13.23161276499840966, 5.062556206516027224, 24.50000000000000000 ) ) ;
#118 = EDGE_CURVE ( 'NONE', #624, #3677, #3713, .T. ) ;
#119 = AXIS2_PLACEMENT_3D ( 'NONE', #2674, #5668, #5305 ) ;
#120 = ORIENTED_EDGE ( 'NONE', *, *, #1814, .F. ) ;
#121 = EDGE_CURVE ( 'NONE', #1292, #2436, #4633, .T. ) ;
#122 = EDGE_LOOP ( 'NONE', ( #5439, #5503, #120, #2080 ) ) ;
#123 = ORIENTED_EDGE ( 'NONE', *, *, #5231, .F. ) ;
#124 = CARTESIAN_POINT ( 'NONE',  ( 10.23161276499841144, 12.99999999999999822, 21.99999999999999645 ) ) ;
#125 = EDGE_LOOP ( 'NONE', ( #4014, #3144, #210, #2198, #5585, #937, #4993, #3673, #5332, #1112, #1774, #211, #4180, #1499, #4131, #222, #1377, #3342, #2888, #4616, #3114, #1940, #2102, #4729, #3245, #4905, #2524, #344, #4676, #3063, #4157, #4852, #4658, #1568 ) ) ;
#126 = ORIENTED_EDGE ( 'NONE', *, *, #4872, .T. ) ;
#127 = ADVANCED_FACE ( 'NONE', ( #1224 ), #1314, .T. ) ;
#128 = CIRCLE ( 'NONE', #3365, 4.000000000000000000 ) ;
#129 = DIRECTION ( 'NONE',  ( 0.000000000000000000, 0.000000000000000000, -1.000000000000000000 ) ) ;
#130 = DIRECTION ( 'NONE',  ( -0.000000000000000000, -0.000000000000000000, 1.000000000000000000 ) ) ;
#131 = ORIENTED_EDGE ( 'NONE', *, *, #5519, .T. ) ;
#132 = DIRECTION ( 'NONE',  ( 1.000000000000000000, -0.000000000000000000, 0.000000000000000000 ) ) ;
#133 = CIRCLE ( 'NONE', #3068, 4.000000000000000000 ) ;
#134 = CARTESIAN_POINT ( 'NONE',  ( 24.00000000000000000, 8.500000000000168754, -24.50000000000000000 ) ) ;
#135 = VERTEX_POINT ( 'NONE', #3761 ) ;
#136 = CARTESIAN_POINT ( 'NONE',  ( -49.49999999999999289, 5.500000000000000000, 10.00000000000000178 ) ) ;
#137 = CARTESIAN_POINT ( 'NONE',  ( -49.99999999999999289, 20.00000000000000000, -15.62882780804699578 ) ) ;
#138 = DIRECTION ( 'NONE',  ( 1.000000000000000000, 0.000000000000000000, 0.000000000000000000 ) ) ;
#139 = CIRCLE ( 'NONE', #425, 0.5000000000000004441 ) ;
#140 = CARTESIAN_POINT ( 'NONE',  ( 8.000000000000000000, 8.500000000000168754, -22.00000000000000355 ) ) ;
#141 = CARTESIAN_POINT ( 'NONE',  ( -19.23161276499844163, 12.99999999999999822, 15.00000000000000178 ) ) ;
#142 = AXIS2_PLACEMENT_3D ( 'NONE', #2978, #4765, #839 ) ;
#143 = CIRCLE ( 'NONE', #2449, 4.000000000000000000 ) ;
#144 = EDGE_LOOP ( 'NONE', ( #2209, #1934, #737, #5514, #88, #4798, #2130, #349 ) ) ;
#145 = DIRECTION ( 'NONE',  ( -0.000000000000000000, -1.000000000000000000, -0.000000000000000000 ) ) ;
#146 = LINE ( 'NONE', #5331, #5023 ) ;
#147 = LINE ( 'NONE', #85, #2582 ) ;
#148 = CIRCLE ( 'NONE', #877, 3.000000000000002665 ) ;
#149 = ORIENTED_EDGE ( 'NONE', *, *, #3752, .F. ) ;
#150 = EDGE_CURVE ( 'NONE', #51, #3142, #1034, .T. ) ;
#151 = EDGE_CURVE ( 'NONE', #50, #5141, #4170, .T. ) ;
#152 = ORIENTED_EDGE ( 'NONE', *, *, #4482, .T. ) ;
#153 = CARTESIAN_POINT ( 'NONE',  ( -44.00000000000000000, 20.00000000000000000, 18.25000000000000355 ) ) ;
#154 = DIRECTION ( 'NONE',  ( -0.000000000000000000, -0.000000000000000000, -1.000000000000000000 ) ) ;
#155 = ORIENTED_EDGE ( 'NONE', *, *, #1424, .F. ) ;
#156 = EDGE_LOOP ( 'NONE', ( #714, #3337, #5243, #3016, #5297 ) ) ;
#157 = DIRECTION ( 'NONE',  ( 1.000000000000000000, 0.000000000000000000, -0.000000000000000000 ) ) ;
#158 = EDGE_CURVE ( 'NONE', #1173, #1292, #4898, .T. ) ;
#159 = VECTOR ( 'NONE', #1159, 1000.000000000000000 ) ;
#160 = EDGE_CURVE ( 'NONE', #798, #1230, #3902, .T. ) ;
#161 = ORIENTED_EDGE ( 'NONE', *, *, #4103, .T. ) ;
#162 = EDGE_CURVE ( 'NONE', #2608, #1497, #401, .T. ) ;
#163 = APPROVAL_STATUS ( 'not_yet_approved' ) ;
#164 = ORIENTED_EDGE ( 'NONE', *, *, #925, .T. ) ;
#165 = CYLINDRICAL_SURFACE ( 'NONE', #3909, 2.250000000000001776 ) ;
#166 = CARTESIAN_POINT ( 'NONE',  ( 50.00000000000000711, 5.500000000000000000, 4.500000000000000888 ) ) ;
#167 = ORIENTED_EDGE ( 'NONE', *, *, #4833, .T. ) ;
#168 = CARTESIAN_POINT ( 'NONE',  ( 39.00000000000000711, 14.70898593245469499, -8.871172191953011321 ) ) ;
#169 = CARTESIAN_POINT ( 'NONE',  ( 50.00000000000000711, 14.70898593245469499, -15.62882780804699223 ) ) ;
#170 = DIRECTION ( 'NONE',  ( -0.000000000000000000, -1.000000000000000000, -0.000000000000000000 ) ) ;
#171 = EDGE_CURVE ( 'NONE', #5085, #3316, #705, .T. ) ;
#172 = CARTESIAN_POINT ( 'NONE',  ( -15.99999999999999645, 8.500000000000168754, -24.50000000000000000 ) ) ;
#173 = VERTEX_POINT ( 'NONE', #2027 ) ;
#174 = CARTESIAN_POINT ( 'NONE',  ( 44.00000000000000000, 20.00000000000000000, -20.50000000000000355 ) ) ;
#175 = DIRECTION ( 'NONE',  ( 0.000000000000000000, 0.000000000000000000, 1.000000000000000000 ) ) ;
#176 = DIRECTION ( 'NONE',  ( 1.000000000000000000, 0.000000000000000000, 0.000000000000000000 ) ) ;
#177 = EDGE_LOOP ( 'NONE', ( #1674, #3314, #2129, #3489, #2061 ) ) ;
#178 = ORIENTED_EDGE ( 'NONE', *, *, #1534, .T. ) ;
#179 = DIRECTION ( 'NONE',  ( 0.000000000000000000, 0.000000000000000000, 1.000000000000000000 ) ) ;
#180 = DIRECTION ( 'NONE',  ( 0.000000000000000000, 0.000000000000000000, 1.000000000000000000 ) ) ;
#181 = ORIENTED_EDGE ( 'NONE', *, *, #1001, .F. ) ;
#182 = AXIS2_PLACEMENT_3D ( 'NONE', #5198, #3030, #2196 ) ;
#183 = ORIENTED_EDGE ( 'NONE', *, *, #3650, .T. ) ;
#184 = ORIENTED_EDGE ( 'NONE', *, *, #4851, .T. ) ;
#185 = CIRCLE ( 'NONE', #1478, 4.000000000000000000 ) ;
#186 = AXIS2_PLACEMENT_3D ( 'NONE', #4574, #2384, #1925 ) ;
#187 = CARTESIAN_POINT ( 'NONE',  ( -8.673617379884035472E-16, 9.031278103258014056, 21.99999999999999645 ) ) ;
#188 = EDGE_CURVE ( 'NONE', #5309, #532, #3355, .T. ) ;
#189 = EDGE_LOOP ( 'NONE', ( #4909, #4396, #5377, #155 ) ) ;
#190 = CYLINDRICAL_SURFACE ( 'NONE', #2159, 0.5000000000000004441 ) ;
#191 = ADVANCED_FACE ( 'NONE', ( #3414 ), #1199, .F. ) ;
#192 = AXIS2_PLACEMENT_3D ( 'NONE', #2973, #4731, #2943 ) ;
#193 = AXIS2_PLACEMENT_3D ( 'NONE', #2735, #1038, #176 ) ;
#194 = VERTEX_POINT ( 'NONE', #2144 ) ;
#195 = FACE_OUTER_BOUND ( 'NONE', #4971, .T. ) ;
#196 = EDGE_LOOP ( 'NONE', ( #5348, #1642, #1116, #660 ) ) ;
#197 = DIRECTION ( 'NONE',  ( -1.000000000000000000, 0.000000000000000000, -0.000000000000000000 ) ) ;
#198 = FACE_OUTER_BOUND ( 'NONE', #1084, .T. ) ;
#199 = DIRECTION ( 'NONE',  ( 1.000000000000000000, 0.000000000000000000, 0.000000000000000000 ) ) ;
#200 = ORIENTED_EDGE ( 'NONE', *, *, #5167, .T. ) ;
#201 = CARTESIAN_POINT ( 'NONE',  ( 49.50000000000000711, 5.291014067545305011, -8.871172191953011321 ) ) ;
#202 = CIRCLE ( 'NONE', #2676, 5.000000000000000888 ) ;
#203 = CARTESIAN_POINT ( 'NONE',  ( -45.00000000000000000, 19.00000000000000000, -19.99999999999999645 ) ) ;
#204 = ADVANCED_FACE ( 'NONE', ( #4815 ), #2238, .T. ) ;
#205 = VERTEX_POINT ( 'NONE', #29 ) ;
#206 = FACE_OUTER_BOUND ( 'NONE', #4892, .T. ) ;
#207 = AXIS2_PLACEMENT_3D ( 'NONE', #3712, #3741, #3797 ) ;
#208 = DIRECTION ( 'NONE',  ( -0.000000000000000000, -0.000000000000000000, 1.000000000000000000 ) ) ;
#209 = FACE_OUTER_BOUND ( 'NONE', #4959, .T. ) ;
#210 = ORIENTED_EDGE ( 'NONE', *, *, #5139, .T. ) ;
#211 = ORIENTED_EDGE ( 'NONE', *, *, #1825, .F. ) ;
#212 = ORIENTED_EDGE ( 'NONE', *, *, #2203, .T. ) ;
#213 = CYLINDRICAL_SURFACE ( 'NONE', #2752, 3.000000000000004441 ) ;
#214 = CARTESIAN_POINT ( 'NONE',  ( -11.99999999999999645, 8.500000000000168754, -24.50000000000000000 ) ) ;
#215 = EDGE_CURVE ( 'NONE', #3320, #2830, #3526, .T. ) ;
#216 = ORIENTED_EDGE ( 'NONE', *, *, #4064, .F. ) ;
#217 = VERTEX_POINT ( 'NONE', #1279 ) ;
#218 = ORIENTED_EDGE ( 'NONE', *, *, #1633, .F. ) ;
#219 = DIRECTION ( 'NONE',  ( -1.000000000000000000, 0.000000000000000000, 0.000000000000000000 ) ) ;
#220 = ORIENTED_EDGE ( 'NONE', *, *, #1231, .T. ) ;
#221 = DIRECTION ( 'NONE',  ( 0.000000000000000000, 0.000000000000000000, 1.000000000000000000 ) ) ;
#222 = ORIENTED_EDGE ( 'NONE', *, *, #3937, .F. ) ;
#223 = AXIS2_PLACEMENT_3D ( 'NONE', #104, #4972, #2777 ) ;
#224 = EDGE_CURVE ( 'NONE', #205, #2385, #5274, .T. ) ;
#225 = ADVANCED_FACE ( 'NONE', ( #5645, #3903, #860, #3929 ), #2224, .F. ) ;
#226 = LINE ( 'NONE', #4204, #386 ) ;
#227 = VERTEX_POINT ( 'NONE', #3106 ) ;
#228 = LINE ( 'NONE', #601, #5082 ) ;
#229 = DIRECTION ( 'NONE',  ( 0.000000000000000000, 0.000000000000000000, 1.000000000000000000 ) ) ;
#230 = LINE ( 'NONE', #775, #787 ) ;
#231 = ORIENTED_EDGE ( 'NONE', *, *, #2552, .T. ) ;
#232 = DIRECTION ( 'NONE',  ( 0.000000000000000000, 1.000000000000000000, -0.000000000000000000 ) ) ;
#233 = AXIS2_PLACEMENT_3D ( 'NONE', #781, #353, #5639 ) ;
#234 = DIRECTION ( 'NONE',  ( 0.000000000000000000, 1.000000000000000000, -0.000000000000000000 ) ) ;
#235 = ADVANCED_BREP_SHAPE_REPRESENTATION ( 'caja brook cables v1.2', ( #5228, #4686 ), #730 ) ;
#236 = DIRECTION ( 'NONE',  ( 0.000000000000000000, -1.000000000000000000, 0.000000000000000000 ) ) ;
#237 = AXIS2_PLACEMENT_3D ( 'NONE', #803, #3888, #376 ) ;
#238 = DIRECTION ( 'NONE',  ( 0.000000000000000000, 0.000000000000000000, 1.000000000000000000 ) ) ;
#239 = DIRECTION ( 'NONE',  ( 0.000000000000000000, 0.000000000000000000, -1.000000000000000000 ) ) ;
#240 = EDGE_CURVE ( 'NONE', #708, #1667, #1866, .T. ) ;
#241 = CIRCLE ( 'NONE', #1531, 4.000000000000000000 ) ;
#242 = DIRECTION ( 'NONE',  ( 0.000000000000000000, 0.000000000000000000, -1.000000000000000000 ) ) ;
#243 = ORIENTED_EDGE ( 'NONE', *, *, #4851, .F. ) ;
#244 = FACE_OUTER_BOUND ( 'NONE', #5211, .T. ) ;
#245 = DIRECTION ( 'NONE',  ( 0.000000000000000000, 1.000000000000000000, -0.000000000000000000 ) ) ;
#246 = CIRCLE ( 'NONE', #2263, 4.500000000000000888 ) ;
#247 = ORIENTED_EDGE ( 'NONE', *, *, #3639, .F. ) ;
#248 = ORIENTED_EDGE ( 'NONE', *, *, #1548, .F. ) ;
#249 = VECTOR ( 'NONE', #5491, 1000.000000000000000 ) ;
#250 = EDGE_LOOP ( 'NONE', ( #5522, #3850, #3593, #2742 ) ) ;
#251 = CARTESIAN_POINT ( 'NONE',  ( 44.00000000000000000, 20.00000000000000000, -18.25000000000000355 ) ) ;
#252 = ORIENTED_EDGE ( 'NONE', *, *, #4714, .F. ) ;
#253 = CARTESIAN_POINT ( 'NONE',  ( -38.99999999999999289, 14.50000000000000000, 6.000000000000000888 ) ) ;
#254 = ORIENTED_EDGE ( 'NONE', *, *, #10, .T. ) ;
#255 = CARTESIAN_POINT ( 'NONE',  ( 39.00000000000000711, 19.00000000000000000, 21.99999999999999645 ) ) ;
#256 = ORIENTED_EDGE ( 'NONE', *, *, #4315, .T. ) ;
#257 = CARTESIAN_POINT ( 'NONE',  ( 17.00000000000000000, 14.70898593245469499, -8.871172191953011321 ) ) ;
#258 = DIRECTION ( 'NONE',  ( -1.000000000000000000, 0.000000000000000000, 0.000000000000000000 ) ) ;
#259 = DIRECTION ( 'NONE',  ( -1.000000000000000000, -0.000000000000000000, -0.000000000000000000 ) ) ;
#260 = VECTOR ( 'NONE', #4781, 1000.000000000000000 ) ;
#261 = EDGE_CURVE ( 'NONE', #1100, #1540, #4788, .T. ) ;
#262 = VERTEX_POINT ( 'NONE', #440 ) ;
#263 = CARTESIAN_POINT ( 'NONE',  ( 50.00000000000000711, 14.49999999999999822, 5.500000000000001776 ) ) ;
#264 = DIRECTION ( 'NONE',  ( 0.000000000000000000, 0.000000000000000000, -1.000000000000000000 ) ) ;
#265 = AXIS2_PLACEMENT_3D ( 'NONE', #2103, #5662, #1294 ) ;
#266 = DIRECTION ( 'NONE',  ( 0.000000000000000000, 1.000000000000000000, 0.000000000000000000 ) ) ;
#267 = CARTESIAN_POINT ( 'NONE',  ( -49.99999999999999289, 19.00000000000000000, -25.00000000000000000 ) ) ;
#268 = CARTESIAN_POINT ( 'NONE',  ( -31.50000000000000000, 5.500000000000000888, -4.000000000000000000 ) ) ;
#269 = AXIS2_PLACEMENT_3D ( 'NONE', #5433, #2381, #5098 ) ;
#270 = EDGE_CURVE ( 'NONE', #4415, #1528, #4389, .T. ) ;
#271 = DIRECTION ( 'NONE',  ( 1.000000000000000000, -0.000000000000000000, -0.000000000000000000 ) ) ;
#272 = ORIENTED_EDGE ( 'NONE', *, *, #5011, .T. ) ;
#273 = EDGE_CURVE ( 'NONE', #1258, #5393, #1822, .T. ) ;
#274 = CARTESIAN_POINT ( 'NONE',  ( 50.00000000000000711, 19.00000000000000000, 0.000000000000000000 ) ) ;
#275 = EDGE_CURVE ( 'NONE', #3862, #4415, #3951, .T. ) ;
#276 = CARTESIAN_POINT ( 'NONE',  ( -11.99999999999999645, 8.500000000000168754, -25.00000000000000000 ) ) ;
#277 = VERTEX_POINT ( 'NONE', #4363 ) ;
#278 = EDGE_CURVE ( 'NONE', #5055, #1351, #1509, .T. ) ;
#279 = EDGE_CURVE ( 'NONE', #3057, #3031, #1319, .T. ) ;
#280 = ORIENTED_EDGE ( 'NONE', *, *, #3178, .T. ) ;
#281 = DIRECTION ( 'NONE',  ( 0.000000000000000000, 0.000000000000000000, -1.000000000000000000 ) ) ;
#282 = APPROVAL_STATUS ( 'not_yet_approved' ) ;
#283 = EDGE_LOOP ( 'NONE', ( #1573, #220, #1545, #5257 ) ) ;
#284 = CIRCLE ( 'NONE', #4234, 4.000000000000000000 ) ;
#285 = DIRECTION ( 'NONE',  ( 0.000000000000000000, 0.000000000000000000, -1.000000000000000000 ) ) ;
#286 = EDGE_LOOP ( 'NONE', ( #2994, #4348, #3086, #4995 ) ) ;
#287 = CARTESIAN_POINT ( 'NONE',  ( 44.00000000000000000, 20.00000000000000000, 18.25000000000000355 ) ) ;
#288 = DIRECTION ( 'NONE',  ( 0.000000000000000000, 0.000000000000000000, 1.000000000000000000 ) ) ;
#289 = DIRECTION ( 'NONE',  ( 0.000000000000000000, 0.000000000000000000, 1.000000000000000000 ) ) ;
#290 = ORIENTED_EDGE ( 'NONE', *, *, #4955, .F. ) ;
#291 = EDGE_LOOP ( 'NONE', ( #5290, #587, #475, #3453 ) ) ;
#292 = CARTESIAN_POINT ( 'NONE',  ( 49.50000000000000711, 14.70898593245469499, -8.871172191953011321 ) ) ;
#293 = VECTOR ( 'NONE', #755, 1000.000000000000000 ) ;
#294 = DIRECTION ( 'NONE',  ( 0.000000000000000000, 0.000000000000000000, -1.000000000000000000 ) ) ;
#295 = VECTOR ( 'NONE', #3952, 1000.000000000000000 ) ;
#296 = CARTESIAN_POINT ( 'NONE',  ( 44.00000000000000000, 21.00000000000000000, 16.00000000000000000 ) ) ;
#297 = VERTEX_POINT ( 'NONE', #2571 ) ;
#298 = CARTESIAN_POINT ( 'NONE',  ( 39.00000000000000711, 14.50000000000000000, 10.00000000000000178 ) ) ;
#299 = CARTESIAN_POINT ( 'NONE',  ( 39.00000000000000711, 14.50000000000000000, 10.00000000000000178 ) ) ;
#300 = VECTOR ( 'NONE', #3721, 1000.000000000000000 ) ;
#301 = DIRECTION ( 'NONE',  ( 0.000000000000000000, -1.000000000000000000, 0.000000000000000000 ) ) ;
#302 = ORIENTED_EDGE ( 'NONE', *, *, #4705, .F. ) ;
#303 = CIRCLE ( 'NONE', #841, 4.000000000000000000 ) ;
#304 = EDGE_CURVE ( 'NONE', #1283, #951, #3078, .T. ) ;
#305 = CARTESIAN_POINT ( 'NONE',  ( -31.50000000000000000, 14.50000000000000000, 6.000000000000000888 ) ) ;
#306 = CARTESIAN_POINT ( 'NONE',  ( -49.99999999999999289, 9.999999999999998224, 0.000000000000000000 ) ) ;
#307 = EDGE_CURVE ( 'NONE', #926, #2567, #5000, .T. ) ;
#308 = ORIENTED_EDGE ( 'NONE', *, *, #3077, .T. ) ;
#309 = VECTOR ( 'NONE', #2513, 1000.000000000000000 ) ;
#310 = CARTESIAN_POINT ( 'NONE',  ( 39.00000000000000711, 5.291014067545305011, -15.12882780804699223 ) ) ;
#311 = VECTOR ( 'NONE', #271, 1000.000000000000000 ) ;
#312 = EDGE_CURVE ( 'NONE', #5339, #898, #1142, .T. ) ;
#313 = ORIENTED_EDGE ( 'NONE', *, *, #1430, .F. ) ;
#314 = CARTESIAN_POINT ( 'NONE',  ( -44.00000000000000000, 21.00000000000000000, -18.25000000000000355 ) ) ;
#315 = VERTEX_POINT ( 'NONE', #1360 ) ;
#316 = DIRECTION ( 'NONE',  ( 1.000000000000000000, 0.000000000000000000, 0.000000000000000000 ) ) ;
#317 = CARTESIAN_POINT ( 'NONE',  ( 24.00000000000000000, 8.500000000000168754, -22.00000000000000355 ) ) ;
#318 = LINE ( 'NONE', #4293, #1340 ) ;
#319 = VERTEX_POINT ( 'NONE', #4439 ) ;
#320 = FACE_OUTER_BOUND ( 'NONE', #3711, .T. ) ;
#321 = VECTOR ( 'NONE', #1461, 1000.000000000000000 ) ;
#322 = CARTESIAN_POINT ( 'NONE',  ( 50.00000000000000711, 10.00000000000000000, 10.00000000000000178 ) ) ;
#323 = DIRECTION ( 'NONE',  ( 0.000000000000000000, 0.000000000000000000, -1.000000000000000000 ) ) ;
#324 = VERTEX_POINT ( 'NONE', #489 ) ;
#325 = FACE_OUTER_BOUND ( 'NONE', #4720, .T. ) ;
#326 = CARTESIAN_POINT ( 'NONE',  ( 49.50000000000000711, 5.500000000000000000, 6.000000000000000888 ) ) ;
#327 = VERTEX_POINT ( 'NONE', #2250 ) ;
#328 = CIRCLE ( 'NONE', #2795, 4.500000000000000888 ) ;
#329 = DIRECTION ( 'NONE',  ( -0.000000000000000000, -0.000000000000000000, -1.000000000000000000 ) ) ;
#330 = CIRCLE ( 'NONE', #4002, 4.030830943431200630 ) ;
#331 = CARTESIAN_POINT ( 'NONE',  ( 50.00000000000000711, 19.00000000000000000, 25.00000000000000000 ) ) ;
#332 = CARTESIAN_POINT ( 'NONE',  ( -49.99999999999999289, 19.00000000000000000, 20.00000000000000000 ) ) ;
#333 = AXIS2_PLACEMENT_3D ( 'NONE', #2759, #4441, #576 ) ;
#334 = AXIS2_PLACEMENT_3D ( 'NONE', #4893, #2698, #4001 ) ;
#335 = EDGE_CURVE ( 'NONE', #2539, #2640, #28, .T. ) ;
#336 = ORIENTED_EDGE ( 'NONE', *, *, #688, .T. ) ;
#337 = AXIS2_PLACEMENT_3D ( 'NONE', #2734, #4869, #977 ) ;
#338 = TOROIDAL_SURFACE ( 'NONE', #2629, 3.500000000000000000, 0.5000000000000000000 ) ;
#339 = DIRECTION ( 'NONE',  ( -1.000000000000000000, -0.000000000000000000, -0.000000000000000000 ) ) ;
#340 = COORDINATED_UNIVERSAL_TIME_OFFSET ( 1, 0, .AHEAD. ) ;
#341 = CIRCLE ( 'NONE', #4011, 4.000000000000007105 ) ;
#342 = ORIENTED_EDGE ( 'NONE', *, *, #1472, .F. ) ;
#343 = LINE ( 'NONE', #4667, #3034 ) ;
#344 = ORIENTED_EDGE ( 'NONE', *, *, #1082, .F. ) ;
#345 = DIRECTION ( 'NONE',  ( -0.000000000000000000, -0.000000000000000000, -1.000000000000000000 ) ) ;
#346 = DIRECTION ( 'NONE',  ( 0.000000000000000000, 0.000000000000000000, 1.000000000000000000 ) ) ;
#347 = EDGE_CURVE ( 'NONE', #1667, #1337, #2059, .T. ) ;
#348 = CARTESIAN_POINT ( 'NONE',  ( 35.00000000000000000, 8.500000000000000000, -25.00000000000000000 ) ) ;
#349 = ORIENTED_EDGE ( 'NONE', *, *, #3343, .T. ) ;
#350 = ORIENTED_EDGE ( 'NONE', *, *, #1585, .T. ) ;
#351 = DIRECTION ( 'NONE',  ( 0.000000000000000000, 1.000000000000000000, -1.224646799147353207E-16 ) ) ;
#352 = FACE_BOUND ( 'NONE', #2738, .T. ) ;
#353 = DIRECTION ( 'NONE',  ( -0.000000000000000000, -0.000000000000000000, 1.000000000000000000 ) ) ;
#354 = ORIENTED_EDGE ( 'NONE', *, *, #2806, .F. ) ;
#355 = PLANE ( 'NONE',  #1627 ) ;
#356 = LINE ( 'NONE', #5596, #3880 ) ;
#357 = ADVANCED_FACE ( 'NONE', ( #1873, #543, #4149, #1906, #4056, #4120, #5415, #5385 ), #3601, .F. ) ;
#358 = ORIENTED_EDGE ( 'NONE', *, *, #2172, .F. ) ;
#359 = CIRCLE ( 'NONE', #4582, 4.500000000000000888 ) ;
#360 = DIRECTION ( 'NONE',  ( -0.000000000000000000, 1.000000000000000000, 0.000000000000000000 ) ) ;
#361 = CARTESIAN_POINT ( 'NONE',  ( 39.00000000000000711, 5.500000000000000000, 0.000000000000000000 ) ) ;
#362 = LINE ( 'NONE', #331, #427 ) ;
#363 = DIRECTION ( 'NONE',  ( 0.000000000000000000, 0.000000000000000000, -1.000000000000000000 ) ) ;
#364 = ORIENTED_EDGE ( 'NONE', *, *, #853, .F. ) ;
#365 = ORIENTED_EDGE ( 'NONE', *, *, #4054, .F. ) ;
#366 = FACE_OUTER_BOUND ( 'NONE', #1229, .T. ) ;
#367 = TOROIDAL_SURFACE ( 'NONE', #2737, 3.500000000000002665, 0.5000000000000000000 ) ;
#368 = CC_DESIGN_PERSON_AND_ORGANIZATION_ASSIGNMENT ( #5465, #4076, ( #2230 ) ) ;
#369 = PERSON_AND_ORGANIZATION_ROLE ( 'classification_officer' ) ;
#370 = ORIENTED_EDGE ( 'NONE', *, *, #1251, .F. ) ;
#371 = FACE_OUTER_BOUND ( 'NONE', #2548, .T. ) ;
#372 = ADVANCED_FACE ( 'NONE', ( #113 ), #1471, .T. ) ;
#373 = ORIENTED_EDGE ( 'NONE', *, *, #5449, .F. ) ;
#374 = CARTESIAN_POINT ( 'NONE',  ( -25.73161276499844874, 12.99999999999999822, 25.00000000000000000 ) ) ;
#375 = DIRECTION ( 'NONE',  ( 0.000000000000000000, 0.000000000000000000, -1.000000000000000000 ) ) ;
#376 = DIRECTION ( 'NONE',  ( -1.000000000000000000, 0.000000000000000000, 0.000000000000000000 ) ) ;
#377 = ORIENTED_EDGE ( 'NONE', *, *, #5550, .T. ) ;
#378 = DIRECTION ( 'NONE',  ( 0.000000000000000000, 0.000000000000000000, 1.000000000000000000 ) ) ;
#379 = CIRCLE ( 'NONE', #5247, 4.500000000000000888 ) ;
#380 = EDGE_CURVE ( 'NONE', #453, #3898, #3195, .T. ) ;
#381 = CYLINDRICAL_SURFACE ( 'NONE', #2256, 3.000000000000000888 ) ;
#382 = CARTESIAN_POINT ( 'NONE',  ( 28.49999999999999645, 8.500000000000168754, -25.00000000000000000 ) ) ;
#383 = ORIENTED_EDGE ( 'NONE', *, *, #3501, .T. ) ;
#384 = FACE_OUTER_BOUND ( 'NONE', #4310, .T. ) ;
#385 = FACE_OUTER_BOUND ( 'NONE', #4296, .T. ) ;
#386 = VECTOR ( 'NONE', #1464, 1000.000000000000000 ) ;
#387 = VECTOR ( 'NONE', #2670, 1000.000000000000000 ) ;
#388 = AXIS2_PLACEMENT_3D ( 'NONE', #3632, #1845, #4440 ) ;
#389 = CARTESIAN_POINT ( 'NONE',  ( -49.99999999999999289, 0.000000000000000000, -25.00000000000000000 ) ) ;
#390 = EDGE_CURVE ( 'NONE', #1981, #3061, #2301, .T. ) ;
#391 = DIRECTION ( 'NONE',  ( 0.000000000000000000, 1.000000000000000000, 0.000000000000000000 ) ) ;
#392 = AXIS2_PLACEMENT_3D ( 'NONE', #317, #4230, #1126 ) ;
#393 = DIRECTION ( 'NONE',  ( 0.000000000000000000, 0.000000000000000000, 1.000000000000000000 ) ) ;
#394 = AXIS2_PLACEMENT_3D ( 'NONE', #2245, #1440, #1378 ) ;
#395 = VERTEX_POINT ( 'NONE', #1415 ) ;
#396 = AXIS2_PLACEMENT_3D ( 'NONE', #187, #1147, #4135 ) ;
#397 = ORIENTED_EDGE ( 'NONE', *, *, #1288, .T. ) ;
#398 = TOROIDAL_SURFACE ( 'NONE', #2872, 4.500000000000000888, 0.5000000000000000000 ) ;
#399 = CARTESIAN_POINT ( 'NONE',  ( -19.23161276499844163, 12.99999999999999822, 15.00000000000000178 ) ) ;
#400 = ORIENTED_EDGE ( 'NONE', *, *, #3237, .T. ) ;
#401 = CIRCLE ( 'NONE', #114, 3.000000000000000888 ) ;
#402 = DIRECTION ( 'NONE',  ( -1.000000000000000000, 0.000000000000000000, 0.000000000000000000 ) ) ;
#403 = ORIENTED_EDGE ( 'NONE', *, *, #4064, .T. ) ;
#404 = FACE_OUTER_BOUND ( 'NONE', #3687, .T. ) ;
#405 = VERTEX_POINT ( 'NONE', #1383 ) ;
#406 = ORIENTED_EDGE ( 'NONE', *, *, #2204, .T. ) ;
#407 = CYLINDRICAL_SURFACE ( 'NONE', #2010, 2.250000000000001776 ) ;
#408 = ADVANCED_FACE ( 'NONE', ( #974 ), #1843, .T. ) ;
#409 = EDGE_CURVE ( 'NONE', #4659, #2640, #2214, .T. ) ;
#410 = DIRECTION ( 'NONE',  ( 1.000000000000000000, 0.000000000000000000, 0.000000000000000000 ) ) ;
#411 = CARTESIAN_POINT ( 'NONE',  ( -38.99999999999999289, 5.500000000000000000, 4.000000000000000000 ) ) ;
#412 = ORIENTED_EDGE ( 'NONE', *, *, #916, .F. ) ;
#413 = CARTESIAN_POINT ( 'NONE',  ( -31.50000000000000000, 5.291014067545305011, -12.12882780804699223 ) ) ;
#414 = CARTESIAN_POINT ( 'NONE',  ( -4.000000000000001776, 9.031278103258014056, 15.00000000000000178 ) ) ;
#415 = AXIS2_PLACEMENT_3D ( 'NONE', #1736, #4352, #1296 ) ;
#416 = CARTESIAN_POINT ( 'NONE',  ( -38.99999999999999289, 2.291014067545305455, -11.87117219195301132 ) ) ;
#417 = CARTESIAN_POINT ( 'NONE',  ( -23.99999999999999645, 8.500000000000335731, -22.00000000000000355 ) ) ;
#418 = VECTOR ( 'NONE', #1025, 1000.000000000000000 ) ;
#419 = CARTESIAN_POINT ( 'NONE',  ( 50.00000000000000711, 5.500000000000000000, 10.00000000000000178 ) ) ;
#420 = ADVANCED_FACE ( 'NONE', ( #4520 ), #4241, .T. ) ;
#421 = EDGE_CURVE ( 'NONE', #840, #2667, #3692, .T. ) ;
#422 = VERTEX_POINT ( 'NONE', #4985 ) ;
#423 = AXIS2_PLACEMENT_3D ( 'NONE', #3298, #5450, #5535 ) ;
#424 = AXIS2_PLACEMENT_3D ( 'NONE', #2395, #5052, #238 ) ;
#425 = AXIS2_PLACEMENT_3D ( 'NONE', #2935, #2530, #4608 ) ;
#426 = CARTESIAN_POINT ( 'NONE',  ( -8.673617379884035472E-16, 9.031278103258014056, 21.99999999999999645 ) ) ;
#427 = VECTOR ( 'NONE', #814, 1000.000000000000000 ) ;
#428 = ORIENTED_EDGE ( 'NONE', *, *, #3845, .T. ) ;
#429 = DIRECTION ( 'NONE',  ( 1.000000000000000000, 0.000000000000000000, 0.000000000000000000 ) ) ;
#430 = ORIENTED_EDGE ( 'NONE', *, *, #2035, .T. ) ;
#431 = DIRECTION ( 'NONE',  ( 0.000000000000000000, 1.000000000000000000, 0.000000000000000000 ) ) ;
#432 = VECTOR ( 'NONE', #1944, 1000.000000000000000 ) ;
#433 = ORIENTED_EDGE ( 'NONE', *, *, #5475, .T. ) ;
#434 = CYLINDRICAL_SURFACE ( 'NONE', #1914, 0.5000000000000004441 ) ;
#435 = DIRECTION ( 'NONE',  ( -1.000000000000000000, -0.000000000000000000, -0.000000000000000000 ) ) ;
#436 = DIRECTION ( 'NONE',  ( -0.000000000000000000, 0.000000000000000000, 1.000000000000000000 ) ) ;
#437 = VERTEX_POINT ( 'NONE', #572 ) ;
#438 = CYLINDRICAL_SURFACE ( 'NONE', #3462, 0.5000000000000004441 ) ;
#439 = CARTESIAN_POINT ( 'NONE',  ( -8.673617379884035472E-16, 9.031278103258014056, 24.50000000000000000 ) ) ;
#440 = CARTESIAN_POINT ( 'NONE',  ( -44.00000000000000000, 21.00000000000000000, -23.25000000000002132 ) ) ;
#441 = DIRECTION ( 'NONE',  ( -1.000000000000000000, -0.000000000000000000, -0.000000000000000000 ) ) ;
#442 = EDGE_CURVE ( 'NONE', #1931, #1283, #943, .T. ) ;
#443 = ORIENTED_EDGE ( 'NONE', *, *, #5551, .F. ) ;
#444 = EDGE_CURVE ( 'NONE', #2348, #2617, #4085, .T. ) ;
#445 = EDGE_CURVE ( 'NONE', #4682, #2635, #5447, .T. ) ;
#446 = DIRECTION ( 'NONE',  ( 1.224646799147353207E-16, 1.000000000000000000, -0.000000000000000000 ) ) ;
#447 = ORIENTED_EDGE ( 'NONE', *, *, #2233, .F. ) ;
#448 = EDGE_LOOP ( 'NONE', ( #4403, #529, #2413, #3200 ) ) ;
#449 = ADVANCED_FACE ( 'NONE', ( #1933 ), #2365, .F. ) ;
#450 = CARTESIAN_POINT ( 'NONE',  ( 50.00000000000000711, 14.50000000000000000, 10.00000000000000178 ) ) ;
#451 = ORIENTED_EDGE ( 'NONE', *, *, #5401, .F. ) ;
#452 = DIRECTION ( 'NONE',  ( 0.000000000000000000, 0.000000000000000000, 1.000000000000000000 ) ) ;
#453 = VERTEX_POINT ( 'NONE', #4031 ) ;
#454 = DIRECTION ( 'NONE',  ( 0.000000000000000000, 0.000000000000000000, 1.000000000000000000 ) ) ;
#455 = DIRECTION ( 'NONE',  ( 0.000000000000000000, 0.000000000000000000, 1.000000000000000000 ) ) ;
#456 = DIRECTION ( 'NONE',  ( 0.000000000000000000, 0.000000000000000000, 1.000000000000000000 ) ) ;
#457 = ORIENTED_EDGE ( 'NONE', *, *, #158, .T. ) ;
#458 = CARTESIAN_POINT ( 'NONE',  ( -19.23161276499844163, 12.99999999999999822, 24.50000000000000000 ) ) ;
#459 = CARTESIAN_POINT ( 'NONE',  ( -13.23161276499843808, 5.062556206516027224, 21.99999999999999645 ) ) ;
#460 = FACE_OUTER_BOUND ( 'NONE', #1900, .T. ) ;
#461 = AXIS2_PLACEMENT_3D ( 'NONE', #5515, #1141, #1973 ) ;
#462 = DIRECTION ( 'NONE',  ( 0.000000000000000000, 0.000000000000000000, -1.000000000000000000 ) ) ;
#463 = DIRECTION ( 'NONE',  ( 0.000000000000000000, 0.000000000000000000, -1.000000000000000000 ) ) ;
#464 = FACE_OUTER_BOUND ( 'NONE', #5176, .T. ) ;
#465 = AXIS2_PLACEMENT_3D ( 'NONE', #134, #5068, #4114 ) ;
#466 = DIRECTION ( 'NONE',  ( -1.000000000000000000, 0.000000000000000000, 0.000000000000000000 ) ) ;
#467 = ORIENTED_EDGE ( 'NONE', *, *, #3398, .T. ) ;
#468 = EDGE_CURVE ( 'NONE', #2002, #4115, #4467, .T. ) ;
#469 = TOROIDAL_SURFACE ( 'NONE', #4974, 3.500000000000003553, 0.5000000000000000000 ) ;
#470 = AXIS2_PLACEMENT_3D ( 'NONE', #1446, #1361, #3081 ) ;
#471 = ORIENTED_EDGE ( 'NONE', *, *, #3189, .T. ) ;
#472 = CARTESIAN_POINT ( 'NONE',  ( 17.00000000000000000, 14.70898593245469499, -11.87117219195301132 ) ) ;
#473 = CIRCLE ( 'NONE', #1222, 3.499999999999999556 ) ;
#474 = EDGE_CURVE ( 'NONE', #2385, #205, #3945, .T. ) ;
#475 = ORIENTED_EDGE ( 'NONE', *, *, #151, .F. ) ;
#476 = AXIS2_PLACEMENT_3D ( 'NONE', #5341, #478, #3181 ) ;
#477 = DIRECTION ( 'NONE',  ( 1.000000000000000000, -0.000000000000000000, -0.000000000000000000 ) ) ;
#478 = DIRECTION ( 'NONE',  ( 1.000000000000000000, -0.000000000000000000, -0.000000000000000000 ) ) ;
#479 = ADVANCED_FACE ( 'NONE', ( #5477, #352, #2535, #2021, #4646 ), #2508, .T. ) ;
#480 = EDGE_LOOP ( 'NONE', ( #178, #1356, #1120, #1081 ) ) ;
#481 = CARTESIAN_POINT ( 'NONE',  ( -49.49999999999999289, 17.70898593245469499, -12.12882780804699223 ) ) ;
#482 = CARTESIAN_POINT ( 'NONE',  ( 34.56915117799298542, 9.031278103258014056, 21.99999999999999645 ) ) ;
#483 = DIRECTION ( 'NONE',  ( 0.000000000000000000, 1.000000000000000000, 0.000000000000000000 ) ) ;
#484 = ORIENTED_EDGE ( 'NONE', *, *, #697, .F. ) ;
#485 = DIRECTION ( 'NONE',  ( 0.000000000000000000, 0.000000000000000000, -1.000000000000000000 ) ) ;
#486 = CARTESIAN_POINT ( 'NONE',  ( -44.00000000000000000, 0.000000000000000000, 16.00000000000000000 ) ) ;
#487 = CARTESIAN_POINT ( 'NONE',  ( 12.00000000000000000, 8.500000000000168754, -25.00000000000000000 ) ) ;
#488 = DIRECTION ( 'NONE',  ( 0.000000000000000000, 0.000000000000000000, 1.000000000000000000 ) ) ;
#489 = CARTESIAN_POINT ( 'NONE',  ( 39.00000000000000711, 14.50000000000000000, 6.000000000000000888 ) ) ;
#490 = DIRECTION ( 'NONE',  ( -1.000000000000000000, 0.000000000000000000, 0.000000000000000000 ) ) ;
#491 = DIRECTION ( 'NONE',  ( 1.000000000000000000, -0.000000000000000000, -0.000000000000000000 ) ) ;
#492 = ORIENTED_EDGE ( 'NONE', *, *, #40, .T. ) ;
#493 = ORIENTED_EDGE ( 'NONE', *, *, #3547, .T. ) ;
#494 = CARTESIAN_POINT ( 'NONE',  ( -25.23161276499844874, 1.500000000000001332, 21.99999999999999645 ) ) ;
#495 = ADVANCED_FACE ( 'NONE', ( #3296, #724 ), #4697, .T. ) ;
#496 = ORIENTED_EDGE ( 'NONE', *, *, #3013, .T. ) ;
#497 = VECTOR ( 'NONE', #1567, 1000.000000000000000 ) ;
#498 = ORIENTED_EDGE ( 'NONE', *, *, #307, .F. ) ;
#499 = CIRCLE ( 'NONE', #3736, 0.5000000000000004441 ) ;
#500 = AXIS2_PLACEMENT_3D ( 'NONE', #5266, #2692, #456 ) ;
#501 = CYLINDRICAL_SURFACE ( 'NONE', #2967, 4.000000000000000000 ) ;
#502 = CIRCLE ( 'NONE', #415, 4.500000000000000888 ) ;
#503 = EDGE_CURVE ( 'NONE', #2610, #2841, #740, .T. ) ;
#504 = CIRCLE ( 'NONE', #1163, 4.500000000000000888 ) ;
#505 = AXIS2_PLACEMENT_3D ( 'NONE', #2451, #1130, #4612 ) ;
#506 = DIRECTION ( 'NONE',  ( 0.000000000000000000, 1.000000000000000000, 0.000000000000000000 ) ) ;
#507 = LINE ( 'NONE', #4911, #2789 ) ;
#508 = CARTESIAN_POINT ( 'NONE',  ( 8.000000000000000000, 8.500000000000168754, -4.999999999999997335 ) ) ;
#509 = EDGE_CURVE ( 'NONE', #5085, #217, #185, .T. ) ;
#510 = DIRECTION ( 'NONE',  ( -1.000000000000000000, 0.000000000000000000, 0.000000000000000000 ) ) ;
#511 = ADVANCED_FACE ( 'NONE', ( #4614 ), #5562, .F. ) ;
#512 = ORIENTED_EDGE ( 'NONE', *, *, #3531, .F. ) ;
#513 = VECTOR ( 'NONE', #1883, 1000.000000000000000 ) ;
#514 = DIRECTION ( 'NONE',  ( -0.000000000000000000, 0.000000000000000000, 1.000000000000000000 ) ) ;
#515 = CARTESIAN_POINT ( 'NONE',  ( -44.00000000000000000, 19.00000000000000000, -18.25000000000000355 ) ) ;
#516 = DIRECTION ( 'NONE',  ( 0.000000000000000000, 0.000000000000000000, 1.000000000000000000 ) ) ;
#517 = EDGE_LOOP ( 'NONE', ( #1861, #400 ) ) ;
#518 = DIRECTION ( 'NONE',  ( -1.000000000000000000, 0.000000000000000000, 0.000000000000000000 ) ) ;
#519 = AXIS2_PLACEMENT_3D ( 'NONE', #2375, #245, #4130 ) ;
#520 = CARTESIAN_POINT ( 'NONE',  ( 50.00000000000000711, 19.00000000000000000, 25.00000000000000000 ) ) ;
#521 = EDGE_CURVE ( 'NONE', #4631, #1561, #3354, .T. ) ;
#522 = DIRECTION ( 'NONE',  ( 0.000000000000000000, 0.000000000000000000, 1.000000000000000000 ) ) ;
#523 = FACE_OUTER_BOUND ( 'NONE', #1203, .T. ) ;
#524 = CARTESIAN_POINT ( 'NONE',  ( -16.23161276499844519, 12.99999999999999822, 15.00000000000000178 ) ) ;
#525 = ORIENTED_EDGE ( 'NONE', *, *, #1152, .F. ) ;
#526 = CARTESIAN_POINT ( 'NONE',  ( 44.00000000000000000, 19.00000000000000000, 18.25000000000000355 ) ) ;
#527 = AXIS2_PLACEMENT_3D ( 'NONE', #1783, #1707, #881 ) ;
#528 = EDGE_LOOP ( 'NONE', ( #3404, #1106, #1244, #1396, #3645, #3772, #2526, #5500 ) ) ;
#529 = ORIENTED_EDGE ( 'NONE', *, *, #121, .F. ) ;
#530 = CYLINDRICAL_SURFACE ( 'NONE', #476, 4.000000000000000888 ) ;
#531 = APPROVAL ( #4201, 'UNSPECIFIED' ) ;
#532 = VERTEX_POINT ( 'NONE', #322 ) ;
#533 = DIRECTION ( 'NONE',  ( 0.000000000000000000, 1.000000000000000000, -0.000000000000000000 ) ) ;
#534 = CARTESIAN_POINT ( 'NONE',  ( -38.99999999999999289, 5.500000000000000000, 10.00000000000000178 ) ) ;
#535 = DIRECTION ( 'NONE',  ( 0.000000000000000000, 0.000000000000000000, -1.000000000000000000 ) ) ;
#536 = EDGE_CURVE ( 'NONE', #1700, #4952, #3893, .T. ) ;
#537 = DIRECTION ( 'NONE',  ( 0.000000000000000000, 0.000000000000000000, 1.000000000000000000 ) ) ;
#538 = ORIENTED_EDGE ( 'NONE', *, *, #5679, .F. ) ;
#539 = DIRECTION ( 'NONE',  ( 0.000000000000000000, 0.000000000000000000, 1.000000000000000000 ) ) ;
#540 = CARTESIAN_POINT ( 'NONE',  ( -39.50000000000000000, 8.500000000000000000, -25.00000000000000000 ) ) ;
#541 = CARTESIAN_POINT ( 'NONE',  ( -3.999999999999996447, 8.500000000000000000, -24.50000000000000000 ) ) ;
#542 = EDGE_CURVE ( 'NONE', #846, #3753, #4717, .T. ) ;
#543 = FACE_BOUND ( 'NONE', #250, .T. ) ;
#544 = EDGE_LOOP ( 'NONE', ( #5462, #3171, #1961, #4746 ) ) ;
#545 = DIRECTION ( 'NONE',  ( -1.000000000000000000, -0.000000000000000000, -0.000000000000000000 ) ) ;
#546 = DIRECTION ( 'NONE',  ( -1.000000000000000000, 0.000000000000000000, 0.000000000000000000 ) ) ;
#547 = ORIENTED_EDGE ( 'NONE', *, *, #215, .F. ) ;
#548 = EDGE_CURVE ( 'NONE', #3352, #3753, #672, .T. ) ;
#549 = ORIENTED_EDGE ( 'NONE', *, *, #4801, .T. ) ;
#550 = TOROIDAL_SURFACE ( 'NONE', #3955, 3.500000000000003553, 0.5000000000000000000 ) ;
#551 = EDGE_LOOP ( 'NONE', ( #1213, #1177, #2445, #2202 ) ) ;
#552 = DIRECTION ( 'NONE',  ( -0.000000000000000000, -1.000000000000000000, -0.000000000000000000 ) ) ;
#553 = ORIENTED_EDGE ( 'NONE', *, *, #3237, .F. ) ;
#554 = VERTEX_POINT ( 'NONE', #5076 ) ;
#555 = AXIS2_PLACEMENT_3D ( 'NONE', #5419, #3136, #5360 ) ;
#556 = AXIS2_PLACEMENT_3D ( 'NONE', #2733, #945, #522 ) ;
#557 = ORIENTED_EDGE ( 'NONE', *, *, #1261, .T. ) ;
#558 = AXIS2_PLACEMENT_3D ( 'NONE', #810, #3871, #4840 ) ;
#559 = CARTESIAN_POINT ( 'NONE',  ( -49.99999999999999289, 5.500000000000000000, 5.500000000000001776 ) ) ;
#560 = AXIS2_PLACEMENT_3D ( 'NONE', #3749, #3317, #3255 ) ;
#561 = APPROVAL_ROLE ( '' ) ;
#562 = ORIENTED_EDGE ( 'NONE', *, *, #1712, .F. ) ;
#563 = DIRECTION ( 'NONE',  ( -1.000000000000000000, -0.000000000000000000, -0.000000000000000000 ) ) ;
#564 = LINE ( 'NONE', #3655, #1338 ) ;
#565 = ORIENTED_EDGE ( 'NONE', *, *, #4900, .T. ) ;
#566 = CARTESIAN_POINT ( 'NONE',  ( -49.99999999999999289, 19.00000000000000000, -19.99999999999999645 ) ) ;
#567 = DIRECTION ( 'NONE',  ( -1.000000000000000000, 0.000000000000000000, 0.000000000000000000 ) ) ;
#568 = CARTESIAN_POINT ( 'NONE',  ( 35.00000000000000000, 8.500000000000000000, -24.50000000000000000 ) ) ;
#569 = EDGE_CURVE ( 'NONE', #1351, #5055, #3360, .T. ) ;
#570 = CARTESIAN_POINT ( 'NONE',  ( -49.49999999999999289, 14.50000000000000000, 5.500000000000001776 ) ) ;
#571 = EDGE_CURVE ( 'NONE', #941, #5107, #1323, .T. ) ;
#572 = CARTESIAN_POINT ( 'NONE',  ( -49.99999999999999289, 1.791014067545305455, -12.12882780804699223 ) ) ;
#573 = ORIENTED_EDGE ( 'NONE', *, *, #1299, .T. ) ;
#574 = DIRECTION ( 'NONE',  ( 0.000000000000000000, 1.000000000000000000, -0.000000000000000000 ) ) ;
#575 = ORIENTED_EDGE ( 'NONE', *, *, #3537, .T. ) ;
#576 = DIRECTION ( 'NONE',  ( 0.000000000000000000, 0.000000000000000000, 1.000000000000000000 ) ) ;
#577 = CARTESIAN_POINT ( 'NONE',  ( 39.00000000000000711, 14.50000000000000000, 14.00000000000000178 ) ) ;
#578 = VECTOR ( 'NONE', #3572, 1000.000000000000000 ) ;
#579 = ORIENTED_EDGE ( 'NONE', *, *, #2142, .T. ) ;
#580 = EDGE_CURVE ( 'NONE', #5665, #4682, #1190, .T. ) ;
#581 = ORIENTED_EDGE ( 'NONE', *, *, #1264, .F. ) ;
#582 = FACE_OUTER_BOUND ( 'NONE', #2925, .T. ) ;
#583 = EDGE_CURVE ( 'NONE', #2272, #3534, #4364, .T. ) ;
#584 = ORIENTED_EDGE ( 'NONE', *, *, #2266, .F. ) ;
#585 = ADVANCED_FACE ( 'NONE', ( #2939 ), #3839, .F. ) ;
#586 = CYLINDRICAL_SURFACE ( 'NONE', #4384, 2.999999999999999112 ) ;
#587 = ORIENTED_EDGE ( 'NONE', *, *, #723, .T. ) ;
#588 = EDGE_LOOP ( 'NONE', ( #115, #3731, #980, #2319 ) ) ;
#589 = ORIENTED_EDGE ( 'NONE', *, *, #4848, .F. ) ;
#590 = EDGE_CURVE ( 'NONE', #5393, #5423, #2969, .T. ) ;
#591 = ORIENTED_EDGE ( 'NONE', *, *, #2264, .F. ) ;
#592 = DIRECTION ( 'NONE',  ( 1.000000000000000000, 0.000000000000000000, 0.000000000000000000 ) ) ;
#593 = AXIS2_PLACEMENT_3D ( 'NONE', #4759, #5190, #2161 ) ;
#594 = ORIENTED_EDGE ( 'NONE', *, *, #580, .T. ) ;
#595 = CARTESIAN_POINT ( 'NONE',  ( -13.23161276499843808, 5.062556206516027224, 24.50000000000000000 ) ) ;
#596 = VERTEX_POINT ( 'NONE', #3921 ) ;
#597 = CYLINDRICAL_SURFACE ( 'NONE', #4649, 2.250000000000001776 ) ;
#598 = CIRCLE ( 'NONE', #3824, 2.999999999999999112 ) ;
#599 = DIRECTION ( 'NONE',  ( -0.000000000000000000, -0.000000000000000000, 1.000000000000000000 ) ) ;
#600 = ORIENTED_EDGE ( 'NONE', *, *, #896, .T. ) ;
#601 = CARTESIAN_POINT ( 'NONE',  ( -49.99999999999999289, 0.000000000000000000, 25.00000000000000000 ) ) ;
#602 = DIRECTION ( 'NONE',  ( 0.000000000000000000, 0.000000000000000000, 1.000000000000000000 ) ) ;
#603 = AXIS2_PLACEMENT_3D ( 'NONE', #4618, #1037, #3324 ) ;
#604 = LINE ( 'NONE', #2388, #3840 ) ;
#605 = CIRCLE ( 'NONE', #2079, 0.5000000000000004441 ) ;
#606 = ORIENTED_EDGE ( 'NONE', *, *, #1367, .T. ) ;
#607 = CARTESIAN_POINT ( 'NONE',  ( -23.99999999999999645, 8.500000000000335731, -25.00000000000000000 ) ) ;
#608 = CARTESIAN_POINT ( 'NONE',  ( 22.23161276499841676, 12.99999999999999822, 24.50000000000000000 ) ) ;
#609 = CIRCLE ( 'NONE', #4835, 3.000000000000002665 ) ;
#610 = AXIS2_PLACEMENT_3D ( 'NONE', #2682, #34, #4933 ) ;
#611 = ORIENTED_EDGE ( 'NONE', *, *, #2981, .T. ) ;
#612 = CARTESIAN_POINT ( 'NONE',  ( 20.00000000000000000, 8.500000000000168754, -4.999999999999997335 ) ) ;
#613 = CARTESIAN_POINT ( 'NONE',  ( -49.49999999999999289, 14.70898593245469499, -8.371172191953011321 ) ) ;
#614 = DIRECTION ( 'NONE',  ( -0.000000000000000000, -0.000000000000000000, 1.000000000000000000 ) ) ;
#615 = AXIS2_PLACEMENT_3D ( 'NONE', #3877, #2979, #5627 ) ;
#616 = ORIENTED_EDGE ( 'NONE', *, *, #1894, .F. ) ;
#617 = EDGE_CURVE ( 'NONE', #993, #5526, #2257, .T. ) ;
#618 = ORIENTED_EDGE ( 'NONE', *, *, #2026, .T. ) ;
#619 = DIRECTION ( 'NONE',  ( 1.000000000000000000, -0.000000000000000000, 0.000000000000000000 ) ) ;
#620 = ORIENTED_EDGE ( 'NONE', *, *, #4217, .F. ) ;
#621 = CARTESIAN_POINT ( 'NONE',  ( -31.50000000000000000, 14.70898593245469499, -11.87117219195301132 ) ) ;
#622 = EDGE_CURVE ( 'NONE', #532, #2483, #502, .T. ) ;
#623 = ORIENTED_EDGE ( 'NONE', *, *, #5622, .T. ) ;
#624 = VERTEX_POINT ( 'NONE', #3461 ) ;
#625 = ORIENTED_EDGE ( 'NONE', *, *, #445, .T. ) ;
#626 = CYLINDRICAL_SURFACE ( 'NONE', #110, 2.250000000000001776 ) ;
#627 = AXIS2_PLACEMENT_3D ( 'NONE', #1322, #3065, #2689 ) ;
#628 = CARTESIAN_POINT ( 'NONE',  ( 0.000000000000000000, 0.000000000000000000, 0.000000000000000000 ) ) ;
#629 = EDGE_CURVE ( 'NONE', #1753, #1551, #2887, .T. ) ;
#630 = ORIENTED_EDGE ( 'NONE', *, *, #548, .T. ) ;
#631 = DIRECTION ( 'NONE',  ( 1.000000000000000000, 0.000000000000000000, 0.000000000000000000 ) ) ;
#632 = DIRECTION ( 'NONE',  ( -1.000000000000000000, 0.000000000000000000, -0.000000000000000000 ) ) ;
#633 = APPROVAL_PERSON_ORGANIZATION ( #4634, #531, #561 ) ;
#634 = ORIENTED_EDGE ( 'NONE', *, *, #2411, .F. ) ;
#635 = DIRECTION ( 'NONE',  ( 1.000000000000000000, -0.000000000000000000, 0.000000000000000000 ) ) ;
#636 = CARTESIAN_POINT ( 'NONE',  ( 39.00000000000000711, 14.50000000000000000, 0.000000000000000000 ) ) ;
#637 = CARTESIAN_POINT ( 'NONE',  ( 49.50000000000000711, 14.70898593245469499, -15.62882780804699223 ) ) ;
#638 = VERTEX_POINT ( 'NONE', #3045 ) ;
#639 = DIRECTION ( 'NONE',  ( 0.000000000000000000, 0.000000000000000000, 1.000000000000000000 ) ) ;
#640 = DIRECTION ( 'NONE',  ( -0.000000000000000000, 1.000000000000000000, -0.000000000000000000 ) ) ;
#641 = ORIENTED_EDGE ( 'NONE', *, *, #3443, .T. ) ;
#642 = DIRECTION ( 'NONE',  ( 0.000000000000000000, 0.000000000000000000, 1.000000000000000000 ) ) ;
#643 = FACE_OUTER_BOUND ( 'NONE', #842, .T. ) ;
#644 = LINE ( 'NONE', #4034, #4879 ) ;
#645 = ORIENTED_EDGE ( 'NONE', *, *, #4052, .F. ) ;
#646 = DIRECTION ( 'NONE',  ( -0.000000000000000000, -0.000000000000000000, -1.000000000000000000 ) ) ;
#647 = ORIENTED_EDGE ( 'NONE', *, *, #1251, .T. ) ;
#648 = FACE_OUTER_BOUND ( 'NONE', #2229, .T. ) ;
#649 = DIRECTION ( 'NONE',  ( -0.000000000000000000, -0.000000000000000000, 1.000000000000000000 ) ) ;
#650 = ORIENTED_EDGE ( 'NONE', *, *, #536, .F. ) ;
#651 = CIRCLE ( 'NONE', #4505, 0.5000000000000004441 ) ;
#652 = ORIENTED_EDGE ( 'NONE', *, *, #3617, .F. ) ;
#653 = EDGE_CURVE ( 'NONE', #5393, #4495, #4179, .T. ) ;
#654 = EDGE_CURVE ( 'NONE', #3862, #4631, #4766, .T. ) ;
#655 = ORIENTED_EDGE ( 'NONE', *, *, #2654, .F. ) ;
#656 = DIRECTION ( 'NONE',  ( 0.000000000000000000, -1.000000000000000000, 0.000000000000000000 ) ) ;
#657 = AXIS2_PLACEMENT_3D ( 'NONE', #4061, #4555, #2368 ) ;
#658 = ORIENTED_EDGE ( 'NONE', *, *, #766, .T. ) ;
#659 = PERSON_AND_ORGANIZATION ( #2918, #3487 ) ;
#660 = ORIENTED_EDGE ( 'NONE', *, *, #5308, .F. ) ;
#661 = AXIS2_PLACEMENT_3D ( 'NONE', #1592, #1211, #667 ) ;
#662 = VECTOR ( 'NONE', #1902, 1000.000000000000000 ) ;
#663 = FACE_BOUND ( 'NONE', #4530, .T. ) ;
#664 = ORIENTED_EDGE ( 'NONE', *, *, #1302, .F. ) ;
#665 = EDGE_CURVE ( 'NONE', #5007, #3747, #5217, .T. ) ;
#666 = DIRECTION ( 'NONE',  ( -1.000000000000000000, -0.000000000000000000, -0.000000000000000000 ) ) ;
#667 = DIRECTION ( 'NONE',  ( 0.000000000000000000, 0.000000000000000000, -1.000000000000000000 ) ) ;
#668 = CARTESIAN_POINT ( 'NONE',  ( -38.99999999999999289, 8.500000000000000000, -22.00000000000000355 ) ) ;
#669 = ORIENTED_EDGE ( 'NONE', *, *, #5203, .F. ) ;
#670 = CARTESIAN_POINT ( 'NONE',  ( 25.73161276499842742, 5.062556206516027224, 24.50000000000000000 ) ) ;
#671 = CIRCLE ( 'NONE', #2864, 3.000000000000002665 ) ;
#672 = LINE ( 'NONE', #2077, #2968 ) ;
#673 = DIRECTION ( 'NONE',  ( 0.000000000000000000, -0.000000000000000000, 1.000000000000000000 ) ) ;
#674 = CARTESIAN_POINT ( 'NONE',  ( 18.73161276499841321, 20.00000000000000000, 25.00000000000000000 ) ) ;
#675 = CARTESIAN_POINT ( 'NONE',  ( 49.50000000000000711, 5.500000000000000888, 4.000000000000000000 ) ) ;
#676 = CARTESIAN_POINT ( 'NONE',  ( 3.469446951953614189E-15, 8.500000000000000000, -22.00000000000000355 ) ) ;
#677 = VERTEX_POINT ( 'NONE', #4432 ) ;
#678 = DIRECTION ( 'NONE',  ( 0.000000000000000000, 0.000000000000000000, -1.000000000000000000 ) ) ;
#679 = ORIENTED_EDGE ( 'NONE', *, *, #1773, .T. ) ;
#680 = ORIENTED_EDGE ( 'NONE', *, *, #1773, .F. ) ;
#681 = ADVANCED_FACE ( 'NONE', ( #2160 ), #2379, .T. ) ;
#682 = DIRECTION ( 'NONE',  ( 0.000000000000000000, 0.000000000000000000, 1.000000000000000000 ) ) ;
#683 = VERTEX_POINT ( 'NONE', #4860 ) ;
#684 = CC_DESIGN_PERSON_AND_ORGANIZATION_ASSIGNMENT ( #659, #2011, ( #1730 ) ) ;
#685 = EDGE_LOOP ( 'NONE', ( #1219, #2369, #5432, #3582 ) ) ;
#686 = AXIS2_PLACEMENT_3D ( 'NONE', #1834, #132, #535 ) ;
#687 = CARTESIAN_POINT ( 'NONE',  ( 3.469446951953614189E-15, 8.500000000000000000, -24.50000000000000000 ) ) ;
#688 = EDGE_CURVE ( 'NONE', #1709, #906, #2111, .T. ) ;
#689 = FACE_OUTER_BOUND ( 'NONE', #2156, .T. ) ;
#690 = CARTESIAN_POINT ( 'NONE',  ( -49.99999999999999289, 19.00000000000000000, -25.00000000000000000 ) ) ;
#691 = DIRECTION ( 'NONE',  ( 0.000000000000000000, -1.000000000000000000, 0.000000000000000000 ) ) ;
#692 = ORIENTED_EDGE ( 'NONE', *, *, #3413, .T. ) ;
#693 = DIRECTION ( 'NONE',  ( 1.000000000000000000, 0.000000000000000000, 0.000000000000000000 ) ) ;
#694 = ADVANCED_FACE ( 'NONE', ( #2132 ), #381, .F. ) ;
#695 = CIRCLE ( 'NONE', #5567, 4.500000000000000888 ) ;
#696 = DIRECTION ( 'NONE',  ( 0.000000000000000000, -0.000000000000000000, 1.000000000000000000 ) ) ;
#697 = EDGE_CURVE ( 'NONE', #3236, #4903, #790, .T. ) ;
#698 = DIRECTION ( 'NONE',  ( -1.000000000000000000, 0.000000000000000000, 0.000000000000000000 ) ) ;
#699 = AXIS2_PLACEMENT_3D ( 'NONE', #5351, #109, #1930 ) ;
#700 = DIRECTION ( 'NONE',  ( -0.000000000000000000, 1.000000000000000000, -0.000000000000000000 ) ) ;
#701 = DIRECTION ( 'NONE',  ( 0.000000000000000000, 0.000000000000000000, 1.000000000000000000 ) ) ;
#702 = VECTOR ( 'NONE', #4730, 1000.000000000000000 ) ;
#703 = EDGE_CURVE ( 'NONE', #2285, #5033, #2615, .T. ) ;
#704 = VECTOR ( 'NONE', #2708, 1000.000000000000000 ) ;
#705 = LINE ( 'NONE', #4218, #311 ) ;
#706 = ADVANCED_FACE ( 'NONE', ( #904 ), #1515, .T. ) ;
#707 = ORIENTED_EDGE ( 'NONE', *, *, #1001, .T. ) ;
#708 = VERTEX_POINT ( 'NONE', #2564 ) ;
#709 = DIRECTION ( 'NONE',  ( 0.000000000000000000, -1.000000000000000000, 0.000000000000000000 ) ) ;
#710 = EDGE_CURVE ( 'NONE', #638, #5007, #3449, .T. ) ;
#711 = FACE_OUTER_BOUND ( 'NONE', #3800, .T. ) ;
#712 = CIRCLE ( 'NONE', #5581, 4.500000000000000888 ) ;
#713 = ORIENTED_EDGE ( 'NONE', *, *, #2919, .T. ) ;
#714 = ORIENTED_EDGE ( 'NONE', *, *, #240, .F. ) ;
#715 = DIRECTION ( 'NONE',  ( 0.000000000000000000, 1.000000000000000000, 0.000000000000000000 ) ) ;
#716 = EDGE_LOOP ( 'NONE', ( #4830, #2371, #1558, #4277 ) ) ;
#717 = VERTEX_POINT ( 'NONE', #2104 ) ;
#718 = CARTESIAN_POINT ( 'NONE',  ( -38.99999999999999289, 1.500000000000001332, -22.00000000000000355 ) ) ;
#719 = DIRECTION ( 'NONE',  ( -0.000000000000000000, -1.000000000000000000, -0.000000000000000000 ) ) ;
#720 = LINE ( 'NONE', #3293, #3372 ) ;
#721 = ORIENTED_EDGE ( 'NONE', *, *, #4533, .F. ) ;
#722 = CARTESIAN_POINT ( 'NONE',  ( -45.00000000000000000, 20.00000000000000000, -19.99999999999999645 ) ) ;
#723 = EDGE_CURVE ( 'NONE', #1848, #5141, #2215, .T. ) ;
#724 = FACE_BOUND ( 'NONE', #2827, .T. ) ;
#725 = AXIS2_PLACEMENT_3D ( 'NONE', #4017, #506, #4042 ) ;
#726 = VERTEX_POINT ( 'NONE', #3435 ) ;
#727 = DIRECTION ( 'NONE',  ( 1.000000000000000000, -0.000000000000000000, 0.000000000000000000 ) ) ;
#728 = CARTESIAN_POINT ( 'NONE',  ( -38.99999999999999289, 14.50000000000000000, 0.000000000000000000 ) ) ;
#729 = EDGE_CURVE ( 'NONE', #3677, #3557, #5197, .T. ) ;
#730 =( GEOMETRIC_REPRESENTATION_CONTEXT ( 3 ) GLOBAL_UNCERTAINTY_ASSIGNED_CONTEXT ( ( #1133 ) ) GLOBAL_UNIT_ASSIGNED_CONTEXT ( ( #3771, #2810, #5002 ) ) REPRESENTATION_CONTEXT ( 'NONE', 'WORKASPACE' ) );
#731 = CARTESIAN_POINT ( 'NONE',  ( -7.999999999999996447, 8.500000000000168754, -4.999999999999997335 ) ) ;
#732 = EDGE_LOOP ( 'NONE', ( #123, #65, #1270, #2748 ) ) ;
#733 = CARTESIAN_POINT ( 'NONE',  ( -31.23161276499841676, 9.031278103258014056, 25.00000000000000000 ) ) ;
#734 = DIRECTION ( 'NONE',  ( -0.000000000000000000, 1.000000000000000000, -0.000000000000000000 ) ) ;
#735 = EDGE_CURVE ( 'NONE', #4297, #405, #5004, .T. ) ;
#736 = ORIENTED_EDGE ( 'NONE', *, *, #468, .F. ) ;
#737 = ORIENTED_EDGE ( 'NONE', *, *, #57, .T. ) ;
#738 = DIRECTION ( 'NONE',  ( 0.000000000000000000, 0.000000000000000000, 1.000000000000000000 ) ) ;
#739 = AXIS2_PLACEMENT_3D ( 'NONE', #733, #5058, #3816 ) ;
#740 = CIRCLE ( 'NONE', #3957, 3.500000000000004885 ) ;
#741 = ORIENTED_EDGE ( 'NONE', *, *, #2443, .T. ) ;
#742 = TOROIDAL_SURFACE ( 'NONE', #4874, 4.500000000000000888, 0.5000000000000000000 ) ;
#743 = DIRECTION ( 'NONE',  ( 0.000000000000000000, 0.000000000000000000, -1.000000000000000000 ) ) ;
#744 = ORIENTED_EDGE ( 'NONE', *, *, #819, .T. ) ;
#745 = PLANE ( 'NONE',  #4621 ) ;
#746 = LINE ( 'NONE', #2072, #2898 ) ;
#747 = ORIENTED_EDGE ( 'NONE', *, *, #5276, .T. ) ;
#748 = CARTESIAN_POINT ( 'NONE',  ( -49.49999999999999289, 14.50000000000000000, 4.500000000000002665 ) ) ;
#749 = TOROIDAL_SURFACE ( 'NONE', #3040, 4.500000000000000888, 0.5000000000000000000 ) ;
#750 = DIRECTION ( 'NONE',  ( 1.000000000000000000, 0.000000000000000000, 0.000000000000000000 ) ) ;
#751 = AXIS2_PLACEMENT_3D ( 'NONE', #5608, #5183, #2962 ) ;
#752 = CARTESIAN_POINT ( 'NONE',  ( -18.73161276499844874, 5.062556206516027224, 25.00000000000000000 ) ) ;
#753 = ORIENTED_EDGE ( 'NONE', *, *, #335, .T. ) ;
#754 = CARTESIAN_POINT ( 'NONE',  ( 49.50000000000000711, 18.20898593245469499, -11.87117219195301132 ) ) ;
#755 = DIRECTION ( 'NONE',  ( -0.000000000000000000, -0.000000000000000000, 1.000000000000000000 ) ) ;
#756 = ADVANCED_FACE ( 'NONE', ( #5638 ), #3158, .T. ) ;
#757 = AXIS2_PLACEMENT_3D ( 'NONE', #5193, #5618, #3543 ) ;
#758 = AXIS2_PLACEMENT_3D ( 'NONE', #3515, #2218, #2273 ) ;
#759 = DIRECTION ( 'NONE',  ( -0.000000000000000000, 1.000000000000000000, 0.000000000000000000 ) ) ;
#760 = AXIS2_PLACEMENT_3D ( 'NONE', #1236, #4751, #2557 ) ;
#761 = DIRECTION ( 'NONE',  ( -1.000000000000000000, 0.000000000000000000, 0.000000000000000000 ) ) ;
#762 = DIRECTION ( 'NONE',  ( 1.000000000000000000, 0.000000000000000000, 0.000000000000000000 ) ) ;
#763 = ORIENTED_EDGE ( 'NONE', *, *, #3210, .T. ) ;
#764 = EDGE_LOOP ( 'NONE', ( #1460, #64, #4172, #2771 ) ) ;
#765 = EDGE_CURVE ( 'NONE', #422, #2157, #4044, .T. ) ;
#766 = EDGE_CURVE ( 'NONE', #5226, #1169, #2892, .T. ) ;
#767 = VECTOR ( 'NONE', #4681, 1000.000000000000000 ) ;
#768 = DIRECTION ( 'NONE',  ( 0.000000000000000000, -1.000000000000000000, 0.000000000000000000 ) ) ;
#769 = VECTOR ( 'NONE', #889, 1000.000000000000000 ) ;
#770 = ORIENTED_EDGE ( 'NONE', *, *, #2680, .F. ) ;
#771 = EDGE_CURVE ( 'NONE', #1337, #708, #2248, .T. ) ;
#772 = CARTESIAN_POINT ( 'NONE',  ( -49.99999999999999289, 14.50000000000000000, 0.000000000000000000 ) ) ;
#773 = CARTESIAN_POINT ( 'NONE',  ( -39.00000000000000000, 8.500000000000000000, -4.999999999999997335 ) ) ;
#774 = CARTESIAN_POINT ( 'NONE',  ( 19.23161276499841321, 5.062556206516027224, 21.99999999999999645 ) ) ;
#775 = CARTESIAN_POINT ( 'NONE',  ( -16.23161276499844519, 1.500000000000001332, 21.99999999999999645 ) ) ;
#776 = ORIENTED_EDGE ( 'NONE', *, *, #3074, .F. ) ;
#777 = VERTEX_POINT ( 'NONE', #1405 ) ;
#778 = FACE_OUTER_BOUND ( 'NONE', #2344, .T. ) ;
#779 = AXIS2_PLACEMENT_3D ( 'NONE', #4327, #1325, #5614 ) ;
#780 = DIRECTION ( 'NONE',  ( 1.000000000000000000, -0.000000000000000000, 0.000000000000000000 ) ) ;
#781 = CARTESIAN_POINT ( 'NONE',  ( 22.23161276499842387, 5.062556206516027224, 15.00000000000000178 ) ) ;
#782 = VERTEX_POINT ( 'NONE', #3120 ) ;
#783 = FACE_OUTER_BOUND ( 'NONE', #4508, .T. ) ;
#784 = CARTESIAN_POINT ( 'NONE',  ( -8.673617379884035472E-16, 9.031278103258014056, 24.50000000000000000 ) ) ;
#785 = VECTOR ( 'NONE', #3024, 1000.000000000000000 ) ;
#786 = CARTESIAN_POINT ( 'NONE',  ( -49.49999999999999289, 18.20898593245469499, -11.87117219195301132 ) ) ;
#787 = VECTOR ( 'NONE', #691, 1000.000000000000000 ) ;
#788 = AXIS2_PLACEMENT_3D ( 'NONE', #3622, #1326, #4486 ) ;
#789 = CARTESIAN_POINT ( 'NONE',  ( -16.23161276499844519, 12.99999999999999822, 15.00000000000000178 ) ) ;
#790 = CIRCLE ( 'NONE', #3560, 0.5000000000000004441 ) ;
#791 = DIRECTION ( 'NONE',  ( -1.000000000000000000, 0.000000000000000000, 0.000000000000000000 ) ) ;
#792 = VECTOR ( 'NONE', #3108, 1000.000000000000000 ) ;
#793 = VECTOR ( 'NONE', #3754, 1000.000000000000000 ) ;
#794 = ORIENTED_EDGE ( 'NONE', *, *, #1430, .T. ) ;
#795 = EDGE_CURVE ( 'NONE', #3557, #3653, #3563, .T. ) ;
#796 = CARTESIAN_POINT ( 'NONE',  ( 35.00000000000000000, 8.500000000000000000, -25.00000000000000000 ) ) ;
#797 = EDGE_CURVE ( 'NONE', #5107, #941, #2697, .T. ) ;
#798 = VERTEX_POINT ( 'NONE', #4456 ) ;
#799 = DIRECTION ( 'NONE',  ( -1.000000000000000000, 0.000000000000000000, 0.000000000000000000 ) ) ;
#800 = VERTEX_POINT ( 'NONE', #5319 ) ;
#801 = DIRECTION ( 'NONE',  ( 1.000000000000000000, -0.000000000000000000, 0.000000000000000000 ) ) ;
#802 = CARTESIAN_POINT ( 'NONE',  ( -49.49999999999999289, 2.291014067545305455, -15.12882780804699223 ) ) ;
#803 = CARTESIAN_POINT ( 'NONE',  ( 35.06915117799298542, 9.031278103258014056, 24.50000000000000000 ) ) ;
#804 = ADVANCED_FACE ( 'NONE', ( #4912 ), #165, .F. ) ;
#805 = ORIENTED_EDGE ( 'NONE', *, *, #4534, .F. ) ;
#806 = DIRECTION ( 'NONE',  ( 0.000000000000000000, 0.000000000000000000, 1.000000000000000000 ) ) ;
#807 = DIRECTION ( 'NONE',  ( 0.000000000000000000, 0.000000000000000000, 1.000000000000000000 ) ) ;
#808 = ORIENTED_EDGE ( 'NONE', *, *, #5143, .T. ) ;
#809 = CARTESIAN_POINT ( 'NONE',  ( 19.23161276499841321, 1.500000000000001332, 21.99999999999999645 ) ) ;
#810 = CARTESIAN_POINT ( 'NONE',  ( -49.49999999999999289, 5.291014067545305011, -11.87117219195301132 ) ) ;
#811 = TOROIDAL_SURFACE ( 'NONE', #2832, 3.500000000000000444, 0.5000000000000000000 ) ;
#812 = DIRECTION ( 'NONE',  ( -1.000000000000000000, -0.000000000000000000, -0.000000000000000000 ) ) ;
#813 = DIRECTION ( 'NONE',  ( -1.000000000000000000, 0.000000000000000000, 0.000000000000000000 ) ) ;
#814 = DIRECTION ( 'NONE',  ( 0.000000000000000000, 0.000000000000000000, 1.000000000000000000 ) ) ;
#815 = AXIS2_PLACEMENT_3D ( 'NONE', #4910, #960, #2717 ) ;
#816 = EDGE_LOOP ( 'NONE', ( #3285, #3607, #3467, #1565, #231, #5261, #5123, #713 ) ) ;
#817 = ORIENTED_EDGE ( 'NONE', *, *, #23, .F. ) ;
#818 = CARTESIAN_POINT ( 'NONE',  ( -28.49999999999999645, 8.500000000000335731, -24.50000000000000000 ) ) ;
#819 = EDGE_CURVE ( 'NONE', #2157, #2820, #1792, .T. ) ;
#820 = EDGE_CURVE ( 'NONE', #2440, #2848, #1495, .T. ) ;
#821 = ORIENTED_EDGE ( 'NONE', *, *, #3895, .T. ) ;
#822 = DIRECTION ( 'NONE',  ( 1.000000000000000000, 0.000000000000000000, 0.000000000000000000 ) ) ;
#823 = VERTEX_POINT ( 'NONE', #2719 ) ;
#824 = FACE_OUTER_BOUND ( 'NONE', #2961, .T. ) ;
#825 = VERTEX_POINT ( 'NONE', #963 ) ;
#826 = CARTESIAN_POINT ( 'NONE',  ( 49.50000000000000711, 18.20898593245469499, -11.87117219195301132 ) ) ;
#827 = AXIS2_PLACEMENT_3D ( 'NONE', #1547, #3788, #2432 ) ;
#828 = CARTESIAN_POINT ( 'NONE',  ( 49.50000000000000711, 14.50000000000000000, 0.000000000000000000 ) ) ;
#829 = ADVANCED_FACE ( 'NONE', ( #3152 ), #934, .F. ) ;
#830 = CARTESIAN_POINT ( 'NONE',  ( -9.731612764998434528, 5.062556206516027224, 25.00000000000000000 ) ) ;
#831 = ORIENTED_EDGE ( 'NONE', *, *, #2627, .F. ) ;
#832 = DIRECTION ( 'NONE',  ( 1.000000000000000000, 0.000000000000000000, 0.000000000000000000 ) ) ;
#833 = PLANE ( 'NONE',  #2311 ) ;
#834 = AXIS2_PLACEMENT_3D ( 'NONE', #1168, #2024, #2854 ) ;
#835 = CIRCLE ( 'NONE', #751, 2.999999999999999112 ) ;
#836 = DIRECTION ( 'NONE',  ( -0.000000000000000000, -0.000000000000000000, 1.000000000000000000 ) ) ;
#837 = DIRECTION ( 'NONE',  ( 1.000000000000000000, 0.000000000000000000, 0.000000000000000000 ) ) ;
#838 = CIRCLE ( 'NONE', #3044, 4.000000000000000888 ) ;
#839 = DIRECTION ( 'NONE',  ( 0.000000000000000000, 0.000000000000000000, -1.000000000000000000 ) ) ;
#840 = VERTEX_POINT ( 'NONE', #2324 ) ;
#841 = AXIS2_PLACEMENT_3D ( 'NONE', #2529, #5609, #1676 ) ;
#842 = EDGE_LOOP ( 'NONE', ( #2658, #5262, #2200, #4383 ) ) ;
#843 = DIRECTION ( 'NONE',  ( 1.000000000000000000, -0.000000000000000000, 0.000000000000000000 ) ) ;
#844 = VERTEX_POINT ( 'NONE', #3589 ) ;
#845 = DIRECTION ( 'NONE',  ( 0.000000000000000000, 0.000000000000000000, -1.000000000000000000 ) ) ;
#846 = VERTEX_POINT ( 'NONE', #2813 ) ;
#847 = CARTESIAN_POINT ( 'NONE',  ( -38.99999999999999289, 19.00000000000000000, 18.25000000000000355 ) ) ;
#848 = ORIENTED_EDGE ( 'NONE', *, *, #1681, .F. ) ;
#849 = ORIENTED_EDGE ( 'NONE', *, *, #3574, .F. ) ;
#850 = CARTESIAN_POINT ( 'NONE',  ( -4.000000000000001776, 9.031278103258014056, 21.99999999999999645 ) ) ;
#851 = AXIS2_PLACEMENT_3D ( 'NONE', #3808, #1626, #5138 ) ;
#852 = CARTESIAN_POINT ( 'NONE',  ( -39.50000000000000000, 8.500000000000000000, -24.50000000000000000 ) ) ;
#853 = EDGE_CURVE ( 'NONE', #5149, #3889, #1864, .T. ) ;
#854 = CARTESIAN_POINT ( 'NONE',  ( 0.000000000000000000, 17.00000000000000000, 0.000000000000000000 ) ) ;
#855 = ORIENTED_EDGE ( 'NONE', *, *, #1198, .F. ) ;
#856 = FACE_OUTER_BOUND ( 'NONE', #122, .T. ) ;
#857 = DIRECTION ( 'NONE',  ( 0.000000000000000000, 0.000000000000000000, -1.000000000000000000 ) ) ;
#858 = ADVANCED_FACE ( 'NONE', ( #2293 ), #4542, .F. ) ;
#859 = EDGE_CURVE ( 'NONE', #4421, #2006, #4906, .T. ) ;
#860 = FACE_BOUND ( 'NONE', #2867, .T. ) ;
#861 = TOROIDAL_SURFACE ( 'NONE', #32, 3.500000000000003553, 0.5000000000000000000 ) ;
#862 = CARTESIAN_POINT ( 'NONE',  ( -11.99999999999999645, 8.500000000000168754, -24.50000000000000000 ) ) ;
#863 = CIRCLE ( 'NONE', #593, 0.5000000000000004441 ) ;
#864 = ADVANCED_FACE ( 'NONE', ( #3186 ), #597, .F. ) ;
#865 = ORIENTED_EDGE ( 'NONE', *, *, #797, .F. ) ;
#866 = ADVANCED_FACE ( 'NONE', ( #4509 ), #4449, .T. ) ;
#867 = VERTEX_POINT ( 'NONE', #482 ) ;
#868 = VECTOR ( 'NONE', #2078, 1000.000000000000000 ) ;
#869 = AXIS2_PLACEMENT_3D ( 'NONE', #2618, #4385, #3388 ) ;
#870 = CIRCLE ( 'NONE', #1982, 4.000000000000000000 ) ;
#871 = DIRECTION ( 'NONE',  ( -0.000000000000000000, -1.000000000000000000, -0.000000000000000000 ) ) ;
#872 = ORIENTED_EDGE ( 'NONE', *, *, #5510, .T. ) ;
#873 = AXIS2_PLACEMENT_3D ( 'NONE', #4502, #2656, #2314 ) ;
#874 = CARTESIAN_POINT ( 'NONE',  ( 17.00000000000000000, 5.500000000000000000, 6.000000000000000888 ) ) ;
#875 = ORIENTED_EDGE ( 'NONE', *, *, #1814, .T. ) ;
#876 = DIRECTION ( 'NONE',  ( 1.000000000000000000, -0.000000000000000000, 0.000000000000000000 ) ) ;
#877 = AXIS2_PLACEMENT_3D ( 'NONE', #4145, #1839, #199 ) ;
#878 = ORIENTED_EDGE ( 'NONE', *, *, #4568, .T. ) ;
#879 = ORIENTED_EDGE ( 'NONE', *, *, #5106, .F. ) ;
#880 = DIRECTION ( 'NONE',  ( 1.000000000000000000, 0.000000000000000000, 0.000000000000000000 ) ) ;
#881 = DIRECTION ( 'NONE',  ( 0.000000000000000000, 0.000000000000000000, 1.000000000000000000 ) ) ;
#882 = CARTESIAN_POINT ( 'NONE',  ( -44.00000000000000000, 19.00000000000000000, -23.25000000000002132 ) ) ;
#883 = VERTEX_POINT ( 'NONE', #3286 ) ;
#884 = CYLINDRICAL_SURFACE ( 'NONE', #2766, 4.999999999999990230 ) ;
#885 = FACE_BOUND ( 'NONE', #144, .T. ) ;
#886 = DIRECTION ( 'NONE',  ( -0.000000000000000000, -0.000000000000000000, 1.000000000000000000 ) ) ;
#887 = EDGE_CURVE ( 'NONE', #5094, #4264, #1975, .T. ) ;
#888 = CARTESIAN_POINT ( 'NONE',  ( -19.23161276499844163, 1.500000000000001332, 21.99999999999999645 ) ) ;
#889 = DIRECTION ( 'NONE',  ( -0.000000000000000000, -0.000000000000000000, -1.000000000000000000 ) ) ;
#890 = CARTESIAN_POINT ( 'NONE',  ( -25.23161276499844874, 12.99999999999999822, 24.50000000000000000 ) ) ;
#891 = DIRECTION ( 'NONE',  ( -0.000000000000000000, -0.000000000000000000, 1.000000000000000000 ) ) ;
#892 = ADVANCED_FACE ( 'NONE', ( #2383 ), #190, .T. ) ;
#893 = VECTOR ( 'NONE', #5370, 1000.000000000000000 ) ;
#894 = EDGE_LOOP ( 'NONE', ( #4605, #3745, #3475, #2728 ) ) ;
#895 = CC_DESIGN_APPROVAL ( #531, ( #2230 ) ) ;
#896 = EDGE_CURVE ( 'NONE', #1427, #1140, #5039, .T. ) ;
#897 = CARTESIAN_POINT ( 'NONE',  ( -30.99999999999998934, 8.500000000000000000, -24.50000000000000000 ) ) ;
#898 = VERTEX_POINT ( 'NONE', #962 ) ;
#899 = ORIENTED_EDGE ( 'NONE', *, *, #80, .T. ) ;
#900 = DIRECTION ( 'NONE',  ( 0.000000000000000000, 0.000000000000000000, -1.000000000000000000 ) ) ;
#901 = FACE_BOUND ( 'NONE', #1986, .T. ) ;
#902 = ORIENTED_EDGE ( 'NONE', *, *, #5199, .T. ) ;
#903 = CYLINDRICAL_SURFACE ( 'NONE', #627, 4.999999999999990230 ) ;
#904 = FACE_OUTER_BOUND ( 'NONE', #3275, .T. ) ;
#905 = DIRECTION ( 'NONE',  ( 0.000000000000000000, -1.000000000000000000, 0.000000000000000000 ) ) ;
#906 = VERTEX_POINT ( 'NONE', #3561 ) ;
#907 = DIRECTION ( 'NONE',  ( 1.000000000000000000, 0.000000000000000000, 0.000000000000000000 ) ) ;
#908 = CARTESIAN_POINT ( 'NONE',  ( -44.00000000000000000, 21.00000000000000000, 18.25000000000000355 ) ) ;
#909 = DIRECTION ( 'NONE',  ( 0.000000000000000000, 1.000000000000000000, -0.000000000000000000 ) ) ;
#910 = CIRCLE ( 'NONE', #3584, 4.030830943431200630 ) ;
#911 = CARTESIAN_POINT ( 'NONE',  ( 44.00000000000000000, 0.000000000000000000, -16.00000000000000000 ) ) ;
#912 = VECTOR ( 'NONE', #435, 1000.000000000000000 ) ;
#913 = CARTESIAN_POINT ( 'NONE',  ( -49.99999999999999289, 5.500000000000000000, 0.000000000000000000 ) ) ;
#914 = DIRECTION ( 'NONE',  ( -1.000000000000000000, 0.000000000000000000, 0.000000000000000000 ) ) ;
#915 = AXIS2_PLACEMENT_3D ( 'NONE', #5006, #1058, #3187 ) ;
#916 = EDGE_CURVE ( 'NONE', #683, #4421, #1878, .T. ) ;
#917 = CARTESIAN_POINT ( 'NONE',  ( 49.50000000000000711, 14.50000000000000000, 10.00000000000000178 ) ) ;
#918 = ORIENTED_EDGE ( 'NONE', *, *, #3351, .T. ) ;
#919 = CIRCLE ( 'NONE', #4155, 0.5000000000000004441 ) ;
#920 = AXIS2_PLACEMENT_3D ( 'NONE', #2386, #197, #1958 ) ;
#921 = ORIENTED_EDGE ( 'NONE', *, *, #2426, .T. ) ;
#922 = DIRECTION ( 'NONE',  ( 0.000000000000000000, -1.000000000000000000, 0.000000000000000000 ) ) ;
#923 = AXIS2_PLACEMENT_3D ( 'NONE', #3221, #2695, #4978 ) ;
#924 = EDGE_LOOP ( 'NONE', ( #1606, #902, #1124, #4570 ) ) ;
#925 = EDGE_CURVE ( 'NONE', #4817, #5564, #4455, .T. ) ;
#926 = VERTEX_POINT ( 'NONE', #4883 ) ;
#927 = EDGE_CURVE ( 'NONE', #17, #3179, #4018, .T. ) ;
#928 = AXIS2_PLACEMENT_3D ( 'NONE', #5495, #5521, #682 ) ;
#929 = DIRECTION ( 'NONE',  ( 0.000000000000000000, 0.000000000000000000, -1.000000000000000000 ) ) ;
#930 = CARTESIAN_POINT ( 'NONE',  ( -44.00000000000000000, 20.00000000000000000, 18.25000000000000355 ) ) ;
#931 = FACE_OUTER_BOUND ( 'NONE', #2803, .T. ) ;
#932 = LINE ( 'NONE', #4043, #36 ) ;
#933 = EDGE_CURVE ( 'NONE', #3753, #4531, #5111, .T. ) ;
#934 = PLANE ( 'NONE',  #1241 ) ;
#935 = CARTESIAN_POINT ( 'NONE',  ( 39.00000000000000711, 1.500000000000001332, 21.99999999999999645 ) ) ;
#936 = AXIS2_PLACEMENT_3D ( 'NONE', #2113, #301, #2001 ) ;
#937 = ORIENTED_EDGE ( 'NONE', *, *, #2073, .F. ) ;
#938 = DIRECTION ( 'NONE',  ( 0.000000000000000000, 0.000000000000000000, 1.000000000000000000 ) ) ;
#939 = DIRECTION ( 'NONE',  ( -0.000000000000000000, 1.000000000000000000, -0.000000000000000000 ) ) ;
#940 = CARTESIAN_POINT ( 'NONE',  ( 24.00000000000000000, 8.500000000000168754, -25.00000000000000000 ) ) ;
#941 = VERTEX_POINT ( 'NONE', #2718 ) ;
#942 = CARTESIAN_POINT ( 'NONE',  ( 44.00000000000000000, 21.00000000000000000, -16.00000000000000000 ) ) ;
#943 = LINE ( 'NONE', #520, #4418 ) ;
#944 = AXIS2_PLACEMENT_3D ( 'NONE', #20, #3023, #410 ) ;
#945 = DIRECTION ( 'NONE',  ( 0.000000000000000000, 1.000000000000000000, 0.000000000000000000 ) ) ;
#946 = DIRECTION ( 'NONE',  ( -1.000000000000000000, 0.000000000000000000, 0.000000000000000000 ) ) ;
#947 = CARTESIAN_POINT ( 'NONE',  ( -49.49999999999999289, 14.50000000000000000, 4.000000000000001776 ) ) ;
#948 = AXIS2_PLACEMENT_3D ( 'NONE', #1898, #563, #3216 ) ;
#949 = ORIENTED_EDGE ( 'NONE', *, *, #2338, .F. ) ;
#950 = DIRECTION ( 'NONE',  ( -0.000000000000000000, -0.000000000000000000, 1.000000000000000000 ) ) ;
#951 = VERTEX_POINT ( 'NONE', #5223 ) ;
#952 = EDGE_LOOP ( 'NONE', ( #707, #1267, #4962, #2469 ) ) ;
#953 = EDGE_CURVE ( 'NONE', #1100, #5149, #128, .T. ) ;
#954 = VECTOR ( 'NONE', #4552, 1000.000000000000000 ) ;
#955 = EDGE_LOOP ( 'NONE', ( #1035, #1881, #3890, #358 ) ) ;
#956 = TOROIDAL_SURFACE ( 'NONE', #4194, 3.837538412994571768, 0.5000000000000000000 ) ;
#957 = CARTESIAN_POINT ( 'NONE',  ( -38.99999999999999289, 17.00000000000000000, -22.00000000000000355 ) ) ;
#958 = ADVANCED_FACE ( 'NONE', ( #1278 ), #861, .T. ) ;
#959 = AXIS2_PLACEMENT_3D ( 'NONE', #613, #2455, #4989 ) ;
#960 = DIRECTION ( 'NONE',  ( -0.000000000000000000, 1.000000000000000000, 0.000000000000000000 ) ) ;
#961 = VECTOR ( 'NONE', #871, 1000.000000000000000 ) ;
#962 = CARTESIAN_POINT ( 'NONE',  ( 4.500000000000003553, 8.500000000000000000, -25.00000000000000000 ) ) ;
#963 = CARTESIAN_POINT ( 'NONE',  ( 10.23161276499841321, 5.062556206516027224, 21.99999999999999645 ) ) ;
#964 = CARTESIAN_POINT ( 'NONE',  ( 39.00000000000000711, 5.291014067545305011, -12.12882780804699223 ) ) ;
#965 = ORIENTED_EDGE ( 'NONE', *, *, #933, .T. ) ;
#966 = EDGE_CURVE ( 'NONE', #3371, #5423, #507, .T. ) ;
#967 = CIRCLE ( 'NONE', #4838, 4.500000000000000888 ) ;
#968 = DIRECTION ( 'NONE',  ( 0.000000000000000000, 0.000000000000000000, 1.000000000000000000 ) ) ;
#969 = DIRECTION ( 'NONE',  ( -1.000000000000000000, 0.000000000000000000, 0.000000000000000000 ) ) ;
#970 = CARTESIAN_POINT ( 'NONE',  ( -4.500000000000001776, 9.031278103258014056, 24.50000000000000000 ) ) ;
#971 = ORIENTED_EDGE ( 'NONE', *, *, #4908, .T. ) ;
#972 = DIRECTION ( 'NONE',  ( 0.000000000000000000, 0.000000000000000000, -1.000000000000000000 ) ) ;
#973 = AXIS2_PLACEMENT_3D ( 'NONE', #5059, #2891, #1143 ) ;
#974 = FACE_OUTER_BOUND ( 'NONE', #1206, .T. ) ;
#975 = VERTEX_POINT ( 'NONE', #1374 ) ;
#976 = FACE_OUTER_BOUND ( 'NONE', #4072, .T. ) ;
#977 = DIRECTION ( 'NONE',  ( 0.000000000000000000, -0.000000000000000000, 1.000000000000000000 ) ) ;
#978 = DIRECTION ( 'NONE',  ( -1.000000000000000000, 0.000000000000000000, 0.000000000000000000 ) ) ;
#979 = LINE ( 'NONE', #2310, #2774 ) ;
#980 = ORIENTED_EDGE ( 'NONE', *, *, #5551, .T. ) ;
#981 = CARTESIAN_POINT ( 'NONE',  ( -49.49999999999999289, 5.500000000000000888, -4.000000000000000000 ) ) ;
#982 = ORIENTED_EDGE ( 'NONE', *, *, #4714, .T. ) ;
#983 = ORIENTED_EDGE ( 'NONE', *, *, #820, .F. ) ;
#984 = AXIS2_PLACEMENT_3D ( 'NONE', #2158, #2049, #3864 ) ;
#985 = EDGE_CURVE ( 'NONE', #4166, #4678, #4374, .T. ) ;
#986 = CARTESIAN_POINT ( 'NONE',  ( 49.50000000000000711, 5.291014067545305011, -15.62882780804699223 ) ) ;
#987 = EDGE_CURVE ( 'NONE', #3173, #2190, #2167, .T. ) ;
#988 = AXIS2_PLACEMENT_3D ( 'NONE', #1557, #3652, #1088 ) ;
#989 = DIRECTION ( 'NONE',  ( 1.000000000000000000, 0.000000000000000000, 0.000000000000000000 ) ) ;
#990 = CARTESIAN_POINT ( 'NONE',  ( 39.00000000000000711, 14.50000000000000000, 4.000000000000000888 ) ) ;
#991 = CARTESIAN_POINT ( 'NONE',  ( 44.00000000000000000, 0.000000000000000000, -18.25000000000000355 ) ) ;
#992 = CARTESIAN_POINT ( 'NONE',  ( 10.23161276499840611, 5.062556206516027224, 24.50000000000000000 ) ) ;
#993 = VERTEX_POINT ( 'NONE', #1404 ) ;
#994 = DIRECTION ( 'NONE',  ( -0.000000000000000000, 1.000000000000000000, -0.000000000000000000 ) ) ;
#995 = FACE_OUTER_BOUND ( 'NONE', #5278, .T. ) ;
#996 = LINE ( 'NONE', #2751, #2170 ) ;
#997 = EDGE_LOOP ( 'NONE', ( #1089, #2657 ) ) ;
#998 = CARTESIAN_POINT ( 'NONE',  ( 44.00000000000000000, 20.00000000000000000, -16.00000000000000000 ) ) ;
#999 = EDGE_CURVE ( 'NONE', #1756, #4925, #4280, .T. ) ;
#1000 = DIRECTION ( 'NONE',  ( -1.000000000000000000, 0.000000000000000000, 0.000000000000000000 ) ) ;
#1001 = EDGE_CURVE ( 'NONE', #5498, #5200, #932, .T. ) ;
#1002 = ORIENTED_EDGE ( 'NONE', *, *, #5143, .F. ) ;
#1003 = LINE ( 'NONE', #1334, #295 ) ;
#1004 = DIRECTION ( 'NONE',  ( 1.000000000000000000, -0.000000000000000000, -0.000000000000000000 ) ) ;
#1005 = CARTESIAN_POINT ( 'NONE',  ( -44.00000000000000000, 21.00000000000000000, 18.25000000000000355 ) ) ;
#1006 = CIRCLE ( 'NONE', #3495, 3.500000000000003109 ) ;
#1007 = ORIENTED_EDGE ( 'NONE', *, *, #1367, .F. ) ;
#1008 = AXIS2_PLACEMENT_3D ( 'NONE', #5210, #4450, #929 ) ;
#1009 = ORIENTED_EDGE ( 'NONE', *, *, #5622, .F. ) ;
#1010 = ORIENTED_EDGE ( 'NONE', *, *, #1897, .F. ) ;
#1011 = DIRECTION ( 'NONE',  ( 0.000000000000000000, 0.000000000000000000, 1.000000000000000000 ) ) ;
#1012 = ORIENTED_EDGE ( 'NONE', *, *, #4353, .T. ) ;
#1013 = EDGE_LOOP ( 'NONE', ( #184, #3914, #1409, #3166 ) ) ;
#1014 = ORIENTED_EDGE ( 'NONE', *, *, #121, .T. ) ;
#1015 = CIRCLE ( 'NONE', #5, 0.5000000000000004441 ) ;
#1016 = AXIS2_PLACEMENT_3D ( 'NONE', #3291, #5043, #2845 ) ;
#1017 = ORIENTED_EDGE ( 'NONE', *, *, #2492, .T. ) ;
#1018 = CIRCLE ( 'NONE', #3335, 4.500000000000002665 ) ;
#1019 = FACE_BOUND ( 'NONE', #1080, .T. ) ;
#1020 = CIRCLE ( 'NONE', #560, 4.500000000000003553 ) ;
#1021 = EDGE_LOOP ( 'NONE', ( #3826, #493, #4739, #1184 ) ) ;
#1022 = CALENDAR_DATE ( 2026, 20, 3 ) ;
#1023 = VERTEX_POINT ( 'NONE', #2690 ) ;
#1024 = CIRCLE ( 'NONE', #2868, 4.500000000000000888 ) ;
#1025 = DIRECTION ( 'NONE',  ( -0.000000000000000000, -0.000000000000000000, -1.000000000000000000 ) ) ;
#1026 = DIRECTION ( 'NONE',  ( 0.000000000000000000, 0.000000000000000000, -1.000000000000000000 ) ) ;
#1027 = ORIENTED_EDGE ( 'NONE', *, *, #3571, .F. ) ;
#1028 = CARTESIAN_POINT ( 'NONE',  ( 13.23161276499840966, 5.062556206516027224, 24.50000000000000000 ) ) ;
#1029 = LINE ( 'NONE', #5411, #4796 ) ;
#1030 = CARTESIAN_POINT ( 'NONE',  ( -49.49999999999999289, 2.291014067545305455, -11.87117219195301132 ) ) ;
#1031 = CARTESIAN_POINT ( 'NONE',  ( -44.00000000000000000, 19.00000000000000000, 18.25000000000000355 ) ) ;
#1032 = EDGE_CURVE ( 'NONE', #4937, #3233, #1053, .T. ) ;
#1033 = DIRECTION ( 'NONE',  ( 0.000000000000000000, 0.000000000000000000, 1.000000000000000000 ) ) ;
#1034 = CIRCLE ( 'NONE', #4442, 4.000000000000000000 ) ;
#1035 = ORIENTED_EDGE ( 'NONE', *, *, #3210, .F. ) ;
#1036 = DIRECTION ( 'NONE',  ( -1.000000000000000000, -0.000000000000000000, -0.000000000000000000 ) ) ;
#1037 = DIRECTION ( 'NONE',  ( -0.000000000000000000, -0.000000000000000000, 1.000000000000000000 ) ) ;
#1038 = DIRECTION ( 'NONE',  ( 0.000000000000000000, 0.000000000000000000, 1.000000000000000000 ) ) ;
#1039 = EDGE_CURVE ( 'NONE', #4529, #3138, #5014, .T. ) ;
#1040 = EDGE_CURVE ( 'NONE', #4560, #3366, #5201, .T. ) ;
#1041 = AXIS2_PLACEMENT_3D ( 'NONE', #5168, #5224, #3053 ) ;
#1042 = ORIENTED_EDGE ( 'NONE', *, *, #150, .T. ) ;
#1043 = ORIENTED_EDGE ( 'NONE', *, *, #261, .F. ) ;
#1044 = CARTESIAN_POINT ( 'NONE',  ( -4.000000000000001776, 9.031278103258014056, 24.50000000000000000 ) ) ;
#1045 = ORIENTED_EDGE ( 'NONE', *, *, #927, .T. ) ;
#1046 = DIRECTION ( 'NONE',  ( 1.000000000000000000, 0.000000000000000000, 0.000000000000000000 ) ) ;
#1047 = EDGE_CURVE ( 'NONE', #1422, #2190, #4191, .T. ) ;
#1048 = VECTOR ( 'NONE', #3251, 1000.000000000000000 ) ;
#1049 = ORIENTED_EDGE ( 'NONE', *, *, #1223, .F. ) ;
#1050 = ORIENTED_EDGE ( 'NONE', *, *, #279, .T. ) ;
#1051 = EDGE_LOOP ( 'NONE', ( #4079, #1438, #2637, #652 ) ) ;
#1052 = CARTESIAN_POINT ( 'NONE',  ( 13.23161276499841321, 12.99999999999999822, 25.00000000000000000 ) ) ;
#1053 = CIRCLE ( 'NONE', #4550, 4.000000000000000888 ) ;
#1054 = COORDINATED_UNIVERSAL_TIME_OFFSET ( 1, 0, .AHEAD. ) ;
#1055 = VERTEX_POINT ( 'NONE', #4942 ) ;
#1056 = CARTESIAN_POINT ( 'NONE',  ( -31.50000000000000000, 5.500000000000000000, 10.00000000000000178 ) ) ;
#1057 = AXIS2_PLACEMENT_3D ( 'NONE', #3564, #537, #2616 ) ;
#1058 = DIRECTION ( 'NONE',  ( 0.000000000000000000, 1.000000000000000000, -0.000000000000000000 ) ) ;
#1059 = VERTEX_POINT ( 'NONE', #990 ) ;
#1060 = DIRECTION ( 'NONE',  ( 0.000000000000000000, 0.000000000000000000, 1.000000000000000000 ) ) ;
#1061 = DIRECTION ( 'NONE',  ( 1.000000000000000000, 0.000000000000000000, 0.000000000000000000 ) ) ;
#1062 = CIRCLE ( 'NONE', #1801, 0.5000000000000004441 ) ;
#1063 = CARTESIAN_POINT ( 'NONE',  ( -49.99999999999999289, 20.00000000000000000, -19.99999999999999645 ) ) ;
#1064 = AXIS2_PLACEMENT_3D ( 'NONE', #2422, #4263, #2504 ) ;
#1065 = CARTESIAN_POINT ( 'NONE',  ( -38.99999999999999289, 1.500000000000001332, 21.99999999999999645 ) ) ;
#1066 = DIRECTION ( 'NONE',  ( -0.000000000000000000, 0.000000000000000000, 1.000000000000000000 ) ) ;
#1067 = VECTOR ( 'NONE', #441, 1000.000000000000000 ) ;
#1068 = ORIENTED_EDGE ( 'NONE', *, *, #536, .T. ) ;
#1069 = DIRECTION ( 'NONE',  ( 1.000000000000000000, -0.000000000000000000, 0.000000000000000000 ) ) ;
#1070 = DIRECTION ( 'NONE',  ( 0.000000000000000000, 0.000000000000000000, -1.000000000000000000 ) ) ;
#1071 = DIRECTION ( 'NONE',  ( 1.000000000000000000, -0.000000000000000000, -0.000000000000000000 ) ) ;
#1072 = EDGE_CURVE ( 'NONE', #4305, #3264, #5281, .T. ) ;
#1073 = ADVANCED_FACE ( 'NONE', ( #5195 ), #1248, .F. ) ;
#1074 = CIRCLE ( 'NONE', #2267, 0.5000000000000004441 ) ;
#1075 = CARTESIAN_POINT ( 'NONE',  ( 39.00000000000000711, 1.500000000000001332, -8.871172191953009545 ) ) ;
#1076 = ORIENTED_EDGE ( 'NONE', *, *, #5255, .F. ) ;
#1077 = DIRECTION ( 'NONE',  ( 1.000000000000000000, 0.000000000000000000, 0.000000000000000000 ) ) ;
#1078 = FACE_OUTER_BOUND ( 'NONE', #2330, .T. ) ;
#1079 = ORIENTED_EDGE ( 'NONE', *, *, #5255, .T. ) ;
#1080 = EDGE_LOOP ( 'NONE', ( #5616, #1582 ) ) ;
#1081 = ORIENTED_EDGE ( 'NONE', *, *, #2514, .F. ) ;
#1082 = EDGE_CURVE ( 'NONE', #4446, #3089, #5078, .T. ) ;
#1083 = EDGE_CURVE ( 'NONE', #4659, #2653, #4913, .T. ) ;
#1084 = EDGE_LOOP ( 'NONE', ( #3623, #3961, #3936, #645 ) ) ;
#1085 = FACE_OUTER_BOUND ( 'NONE', #2630, .T. ) ;
#1086 = ORIENTED_EDGE ( 'NONE', *, *, #2389, .T. ) ;
#1087 = AXIS2_PLACEMENT_3D ( 'NONE', #1905, #2881, #5108 ) ;
#1088 = DIRECTION ( 'NONE',  ( 1.000000000000000000, 0.000000000000000000, 0.000000000000000000 ) ) ;
#1089 = ORIENTED_EDGE ( 'NONE', *, *, #3341, .F. ) ;
#1090 = CARTESIAN_POINT ( 'NONE',  ( -49.99999999999999289, 19.00000000000000000, 25.00000000000000000 ) ) ;
#1091 = FACE_BOUND ( 'NONE', #4718, .T. ) ;
#1092 = APPROVAL_PERSON_ORGANIZATION ( #4109, #3676, #1922 ) ;
#1093 = ORIENTED_EDGE ( 'NONE', *, *, #3617, .T. ) ;
#1094 = DIRECTION ( 'NONE',  ( -0.000000000000000000, -0.000000000000000000, 1.000000000000000000 ) ) ;
#1095 = FACE_OUTER_BOUND ( 'NONE', #4724, .T. ) ;
#1096 = CYLINDRICAL_SURFACE ( 'NONE', #4377, 4.000000000000000000 ) ;
#1097 = EDGE_LOOP ( 'NONE', ( #161, #4278, #1976, #2862, #2501, #5038, #3090, #3837, #1738, #3213, #4774, #5560, #2532, #5425, #5116, #2015, #4169, #1884, #3177, #794 ) ) ;
#1098 = DIRECTION ( 'NONE',  ( -0.000000000000000000, 1.000000000000000000, -0.000000000000000000 ) ) ;
#1099 = DIRECTION ( 'NONE',  ( 0.000000000000000000, 1.000000000000000000, 0.000000000000000000 ) ) ;
#1100 = VERTEX_POINT ( 'NONE', #1935 ) ;
#1101 = DIRECTION ( 'NONE',  ( -1.000000000000000000, 0.000000000000000000, 0.000000000000000000 ) ) ;
#1102 = ORIENTED_EDGE ( 'NONE', *, *, #4597, .F. ) ;
#1103 = CARTESIAN_POINT ( 'NONE',  ( -49.99999999999999289, 14.50000000000000000, 10.00000000000000178 ) ) ;
#1104 = CARTESIAN_POINT ( 'NONE',  ( -25.23161276499845229, 5.062556206516027224, 15.00000000000000178 ) ) ;
#1105 = CIRCLE ( 'NONE', #1741, 2.250000000000001776 ) ;
#1106 = ORIENTED_EDGE ( 'NONE', *, *, #3531, .T. ) ;
#1107 = EDGE_CURVE ( 'NONE', #4631, #3391, #2703, .T. ) ;
#1108 = ORIENTED_EDGE ( 'NONE', *, *, #3517, .F. ) ;
#1109 = FACE_OUTER_BOUND ( 'NONE', #4122, .T. ) ;
#1110 = CARTESIAN_POINT ( 'NONE',  ( 3.469446951953614189E-15, 8.500000000000000000, -25.00000000000000000 ) ) ;
#1111 = VECTOR ( 'NONE', #5314, 1000.000000000000000 ) ;
#1112 = ORIENTED_EDGE ( 'NONE', *, *, #5550, .F. ) ;
#1113 = EDGE_CURVE ( 'NONE', #2768, #1169, #3780, .T. ) ;
#1114 = CARTESIAN_POINT ( 'NONE',  ( -16.73161276499844519, 12.99999999999999822, 24.50000000000000000 ) ) ;
#1115 = AXIS2_PLACEMENT_3D ( 'NONE', #3027, #1329, #2219 ) ;
#1116 = ORIENTED_EDGE ( 'NONE', *, *, #5276, .F. ) ;
#1117 = EDGE_CURVE ( 'NONE', #3057, #4166, #5016, .T. ) ;
#1118 = AXIS2_PLACEMENT_3D ( 'NONE', #1875, #3603, #490 ) ;
#1119 = EDGE_CURVE ( 'NONE', #4529, #3037, #2394, .T. ) ;
#1120 = ORIENTED_EDGE ( 'NONE', *, *, #4991, .F. ) ;
#1121 = AXIS2_PLACEMENT_3D ( 'NONE', #3689, #3568, #4917 ) ;
#1122 = TOROIDAL_SURFACE ( 'NONE', #3046, 3.500000000000000000, 0.5000000000000000000 ) ;
#1123 = CARTESIAN_POINT ( 'NONE',  ( 45.00000000000000711, 19.00000000000000000, -20.00000000000000000 ) ) ;
#1124 = ORIENTED_EDGE ( 'NONE', *, *, #5326, .F. ) ;
#1125 = DIRECTION ( 'NONE',  ( -1.000000000000000000, 0.000000000000000000, -0.000000000000000000 ) ) ;
#1126 = DIRECTION ( 'NONE',  ( -1.000000000000000000, 0.000000000000000000, 0.000000000000000000 ) ) ;
#1127 = CARTESIAN_POINT ( 'NONE',  ( -31.50000000000000000, 14.50000000000000000, 10.00000000000000178 ) ) ;
#1128 = EDGE_CURVE ( 'NONE', #4392, #532, #328, .T. ) ;
#1129 = ORIENTED_EDGE ( 'NONE', *, *, #4935, .T. ) ;
#1130 = DIRECTION ( 'NONE',  ( 1.000000000000000000, -0.000000000000000000, 0.000000000000000000 ) ) ;
#1131 = VECTOR ( 'NONE', #2991, 1000.000000000000000 ) ;
#1132 = DIRECTION ( 'NONE',  ( 0.000000000000000000, 1.000000000000000000, 0.000000000000000000 ) ) ;
#1133 = UNCERTAINTY_MEASURE_WITH_UNIT (LENGTH_MEASURE( 1.000000000000000082E-05 ), #3771, 'distance_accuracy_value', 'NONE');
#1134 = LINE ( 'NONE', #2884, #1797 ) ;
#1135 = VECTOR ( 'NONE', #656, 1000.000000000000000 ) ;
#1136 = DIRECTION ( 'NONE',  ( 1.000000000000000000, -0.000000000000000000, -0.000000000000000000 ) ) ;
#1137 = CARTESIAN_POINT ( 'NONE',  ( 49.50000000000000711, 17.70898593245469499, -12.12882780804699223 ) ) ;
#1138 = ORIENTED_EDGE ( 'NONE', *, *, #1197, .F. ) ;
#1139 = CARTESIAN_POINT ( 'NONE',  ( -9.731612764998432752, 5.062556206516027224, 24.50000000000000000 ) ) ;
#1140 = VERTEX_POINT ( 'NONE', #1996 ) ;
#1141 = DIRECTION ( 'NONE',  ( -0.000000000000000000, 1.000000000000000000, -0.000000000000000000 ) ) ;
#1142 = CIRCLE ( 'NONE', #119, 0.5000000000000004441 ) ;
#1143 = DIRECTION ( 'NONE',  ( -1.000000000000000000, 0.000000000000000000, 0.000000000000000000 ) ) ;
#1144 = EDGE_LOOP ( 'NONE', ( #2836, #2333, #3183, #2510 ) ) ;
#1145 = VECTOR ( 'NONE', #234, 1000.000000000000000 ) ;
#1146 = ORIENTED_EDGE ( 'NONE', *, *, #4142, .F. ) ;
#1147 = DIRECTION ( 'NONE',  ( -0.000000000000000000, 0.000000000000000000, 1.000000000000000000 ) ) ;
#1148 = EDGE_CURVE ( 'NONE', #906, #1059, #4151, .T. ) ;
#1149 = ORIENTED_EDGE ( 'NONE', *, *, #1620, .T. ) ;
#1150 = ORIENTED_EDGE ( 'NONE', *, *, #1364, .F. ) ;
#1151 = AXIS2_PLACEMENT_3D ( 'NONE', #4401, #1684, #455 ) ;
#1152 = EDGE_CURVE ( 'NONE', #437, #4772, #2528, .T. ) ;
#1153 = DIRECTION ( 'NONE',  ( -0.000000000000000000, -0.000000000000000000, 1.000000000000000000 ) ) ;
#1154 = ORIENTED_EDGE ( 'NONE', *, *, #4480, .T. ) ;
#1155 = LINE ( 'NONE', #718, #662 ) ;
#1156 = CARTESIAN_POINT ( 'NONE',  ( 49.50000000000000711, 5.291014067545305011, -8.371172191953009545 ) ) ;
#1157 = CARTESIAN_POINT ( 'NONE',  ( 57.50000000000000711, 14.50000000000000000, 10.00000000000000178 ) ) ;
#1158 = VERTEX_POINT ( 'NONE', #4987 ) ;
#1159 = DIRECTION ( 'NONE',  ( -0.000000000000000000, -0.000000000000000000, 1.000000000000000000 ) ) ;
#1160 = AXIS2_PLACEMENT_3D ( 'NONE', #3810, #2566, #323 ) ;
#1161 = CARTESIAN_POINT ( 'NONE',  ( 44.00000000000000000, 21.00000000000000000, -18.25000000000000355 ) ) ;
#1162 = EDGE_CURVE ( 'NONE', #5151, #5040, #5651, .T. ) ;
#1163 = AXIS2_PLACEMENT_3D ( 'NONE', #1103, #5565, #1070 ) ;
#1164 = PLANE ( 'NONE',  #1426 ) ;
#1165 = AXIS2_PLACEMENT_3D ( 'NONE', #2101, #3861, #3805 ) ;
#1166 = ORIENTED_EDGE ( 'NONE', *, *, #3608, .T. ) ;
#1167 = LINE ( 'NONE', #267, #4660 ) ;
#1168 = CARTESIAN_POINT ( 'NONE',  ( -31.23161276499841676, 9.031278103258014056, 21.99999999999999645 ) ) ;
#1169 = VERTEX_POINT ( 'NONE', #3698 ) ;
#1170 = AXIS2_PLACEMENT_3D ( 'NONE', #3416, #1254, #4390 ) ;
#1171 = AXIS2_PLACEMENT_3D ( 'NONE', #91, #3113, #2286 ) ;
#1172 = LINE ( 'NONE', #4307, #767 ) ;
#1173 = VERTEX_POINT ( 'NONE', #1475 ) ;
#1174 = LINE ( 'NONE', #305, #3217 ) ;
#1175 = DIRECTION ( 'NONE',  ( 0.000000000000000000, -1.000000000000000000, 0.000000000000000000 ) ) ;
#1176 = CIRCLE ( 'NONE', #3385, 2.999999999999999112 ) ;
#1177 = ORIENTED_EDGE ( 'NONE', *, *, #5621, .F. ) ;
#1178 = EDGE_LOOP ( 'NONE', ( #4175, #2261 ) ) ;
#1179 = DIRECTION ( 'NONE',  ( 0.000000000000000000, 0.000000000000000000, -1.000000000000000000 ) ) ;
#1180 = ORIENTED_EDGE ( 'NONE', *, *, #735, .T. ) ;
#1181 = EDGE_CURVE ( 'NONE', #1518, #5689, #1713, .T. ) ;
#1182 = ADVANCED_FACE ( 'NONE', ( #206 ), #1541, .F. ) ;
#1183 = DIRECTION ( 'NONE',  ( 0.000000000000000000, 0.000000000000000000, 1.000000000000000000 ) ) ;
#1184 = ORIENTED_EDGE ( 'NONE', *, *, #4801, .F. ) ;
#1185 = CARTESIAN_POINT ( 'NONE',  ( -49.49999999999999289, 1.791014067545305455, -15.12882780804699223 ) ) ;
#1186 = FACE_BOUND ( 'NONE', #816, .T. ) ;
#1187 = CARTESIAN_POINT ( 'NONE',  ( 49.50000000000000711, 14.70898593245469499, -15.12882780804699223 ) ) ;
#1188 = ORIENTED_EDGE ( 'NONE', *, *, #1885, .F. ) ;
#1189 = CARTESIAN_POINT ( 'NONE',  ( -38.99999999999999289, 1.500000000000001332, -22.00000000000000355 ) ) ;
#1190 = LINE ( 'NONE', #4182, #1145 ) ;
#1191 = CARTESIAN_POINT ( 'NONE',  ( 22.23161276499842387, 5.062556206516027224, 21.99999999999999645 ) ) ;
#1192 = EDGE_LOOP ( 'NONE', ( #350, #1455 ) ) ;
#1193 = FACE_OUTER_BOUND ( 'NONE', #5208, .T. ) ;
#1194 = CARTESIAN_POINT ( 'NONE',  ( -44.00000000000000000, 21.00000000000000000, 20.50000000000000355 ) ) ;
#1195 = ORIENTED_EDGE ( 'NONE', *, *, #1302, .T. ) ;
#1196 = EDGE_CURVE ( 'NONE', #1313, #4057, #2438, .T. ) ;
#1197 = EDGE_CURVE ( 'NONE', #2830, #4392, #3167, .T. ) ;
#1198 = EDGE_CURVE ( 'NONE', #2190, #840, #1134, .T. ) ;
#1199 = CYLINDRICAL_SURFACE ( 'NONE', #1041, 4.000000000000001776 ) ;
#1200 = CARTESIAN_POINT ( 'NONE',  ( -16.23161276499844519, 12.99999999999999822, 24.50000000000000000 ) ) ;
#1201 = DIRECTION ( 'NONE',  ( 0.000000000000000000, 0.000000000000000000, 1.000000000000000000 ) ) ;
#1202 = EDGE_CURVE ( 'NONE', #1158, #5575, #695, .T. ) ;
#1203 = EDGE_LOOP ( 'NONE', ( #1274, #3742, #2435, #1320, #35 ) ) ;
#1204 = CYLINDRICAL_SURFACE ( 'NONE', #1720, 4.000000000000000000 ) ;
#1205 = AXIS2_PLACEMENT_3D ( 'NONE', #5118, #4160, #2831 ) ;
#1206 = EDGE_LOOP ( 'NONE', ( #2894, #308, #3785, #5163 ) ) ;
#1207 = AXIS2_PLACEMENT_3D ( 'NONE', #4946, #5469, #4078 ) ;
#1208 = DIRECTION ( 'NONE',  ( -0.000000000000000000, -0.000000000000000000, 1.000000000000000000 ) ) ;
#1209 = ORIENTED_EDGE ( 'NONE', *, *, #987, .T. ) ;
#1210 = DIRECTION ( 'NONE',  ( 1.000000000000000000, -0.000000000000000000, 0.000000000000000000 ) ) ;
#1211 = DIRECTION ( 'NONE',  ( 1.000000000000000000, 0.000000000000000000, 0.000000000000000000 ) ) ;
#1212 = DIRECTION ( 'NONE',  ( -0.000000000000000000, -1.000000000000000000, -0.000000000000000000 ) ) ;
#1213 = ORIENTED_EDGE ( 'NONE', *, *, #4734, .F. ) ;
#1214 = CARTESIAN_POINT ( 'NONE',  ( -22.23161276499844519, 12.99999999999999822, 24.50000000000000000 ) ) ;
#1215 = AXIS2_PLACEMENT_3D ( 'NONE', #2082, #5142, #2541 ) ;
#1216 = DIRECTION ( 'NONE',  ( -0.000000000000000000, 0.000000000000000000, 1.000000000000000000 ) ) ;
#1217 = AXIS2_PLACEMENT_3D ( 'NONE', #287, #2069, #2045 ) ;
#1218 = LINE ( 'NONE', #4269, #3993 ) ;
#1219 = ORIENTED_EDGE ( 'NONE', *, *, #1607, .F. ) ;
#1220 = CARTESIAN_POINT ( 'NONE',  ( 49.50000000000000711, 14.50000000000000000, 5.500000000000001776 ) ) ;
#1221 = DIRECTION ( 'NONE',  ( 0.000000000000000000, 0.000000000000000000, -1.000000000000000000 ) ) ;
#1222 = AXIS2_PLACEMENT_3D ( 'NONE', #1650, #5044, #288 ) ;
#1223 = EDGE_CURVE ( 'NONE', #4057, #1313, #3733, .T. ) ;
#1224 = FACE_OUTER_BOUND ( 'NONE', #2346, .T. ) ;
#1225 = CIRCLE ( 'NONE', #2770, 0.5000000000000004441 ) ;
#1226 = ADVANCED_FACE ( 'NONE', ( #5110 ), #1164, .F. ) ;
#1227 = LINE ( 'NONE', #4790, #2083 ) ;
#1228 = CARTESIAN_POINT ( 'NONE',  ( -11.99999999999999645, 8.500000000000168754, -22.00000000000000355 ) ) ;
#1229 = EDGE_LOOP ( 'NONE', ( #3039, #1485, #4501, #3215 ) ) ;
#1230 = VERTEX_POINT ( 'NONE', #382 ) ;
#1231 = EDGE_CURVE ( 'NONE', #3869, #2002, #1520, .T. ) ;
#1232 = CYLINDRICAL_SURFACE ( 'NONE', #5125, 5.000000000000000888 ) ;
#1233 = EDGE_LOOP ( 'NONE', ( #1576, #3303, #5634, #3541 ) ) ;
#1234 = CARTESIAN_POINT ( 'NONE',  ( -49.49999999999999289, 5.500000000000000000, 4.000000000000000000 ) ) ;
#1235 = DIRECTION ( 'NONE',  ( 0.000000000000000000, 0.000000000000000000, -1.000000000000000000 ) ) ;
#1236 = CARTESIAN_POINT ( 'NONE',  ( -49.99999999999999289, 5.500000000000000000, 0.000000000000000000 ) ) ;
#1237 = DIRECTION ( 'NONE',  ( 0.000000000000000000, 1.000000000000000000, -1.224646799147353207E-16 ) ) ;
#1238 = ORIENTED_EDGE ( 'NONE', *, *, #5328, .T. ) ;
#1239 = ORIENTED_EDGE ( 'NONE', *, *, #2944, .F. ) ;
#1240 = CYLINDRICAL_SURFACE ( 'NONE', #1456, 3.000000000000002665 ) ;
#1241 = AXIS2_PLACEMENT_3D ( 'NONE', #4485, #5374, #2691 ) ;
#1242 = DIRECTION ( 'NONE',  ( -1.000000000000000000, 0.000000000000000000, 0.000000000000000000 ) ) ;
#1243 = CARTESIAN_POINT ( 'NONE',  ( -49.99999999999999289, 14.50000000000000000, 4.500000000000002665 ) ) ;
#1244 = ORIENTED_EDGE ( 'NONE', *, *, #820, .T. ) ;
#1245 = DIRECTION ( 'NONE',  ( 1.000000000000000000, 0.000000000000000000, 0.000000000000000000 ) ) ;
#1246 = DIRECTION ( 'NONE',  ( 0.000000000000000000, -1.000000000000000000, -0.000000000000000000 ) ) ;
#1247 = VECTOR ( 'NONE', #3922, 1000.000000000000000 ) ;
#1248 = PLANE ( 'NONE',  #2990 ) ;
#1249 = DIRECTION ( 'NONE',  ( 0.000000000000000000, 1.000000000000000000, 0.000000000000000000 ) ) ;
#1250 = VECTOR ( 'NONE', #4028, 1000.000000000000000 ) ;
#1251 = EDGE_CURVE ( 'NONE', #3706, #3110, #2107, .T. ) ;
#1252 = CIRCLE ( 'NONE', #5022, 4.000000000000003553 ) ;
#1253 = EDGE_CURVE ( 'NONE', #5033, #3110, #5375, .T. ) ;
#1254 = DIRECTION ( 'NONE',  ( -0.000000000000000000, 1.000000000000000000, 0.000000000000000000 ) ) ;
#1255 = AXIS2_PLACEMENT_3D ( 'NONE', #3406, #5161, #1216 ) ;
#1256 = VECTOR ( 'NONE', #4677, 1000.000000000000000 ) ;
#1257 = CIRCLE ( 'NONE', #5487, 5.000000000000004441 ) ;
#1258 = VERTEX_POINT ( 'NONE', #4698 ) ;
#1259 = DIRECTION ( 'NONE',  ( -0.000000000000000000, 0.000000000000000000, 1.000000000000000000 ) ) ;
#1260 = DATE_AND_TIME ( #1644, #2565 ) ;
#1261 = EDGE_CURVE ( 'NONE', #1469, #5336, #133, .T. ) ;
#1262 = CIRCLE ( 'NONE', #4206, 0.5000000000000004441 ) ;
#1263 = EDGE_LOOP ( 'NONE', ( #1775, #4623, #3240, #1745 ) ) ;
#1264 = EDGE_CURVE ( 'NONE', #4066, #4371, #3369, .T. ) ;
#1265 = VERTEX_POINT ( 'NONE', #752 ) ;
#1266 = DIRECTION ( 'NONE',  ( 0.000000000000000000, 0.000000000000000000, -1.000000000000000000 ) ) ;
#1267 = ORIENTED_EDGE ( 'NONE', *, *, #4806, .T. ) ;
#1268 = CYLINDRICAL_SURFACE ( 'NONE', #3244, 4.000000000000000000 ) ;
#1269 = ORIENTED_EDGE ( 'NONE', *, *, #1316, .T. ) ;
#1270 = ORIENTED_EDGE ( 'NONE', *, *, #1032, .T. ) ;
#1271 = PLANE ( 'NONE',  #3482 ) ;
#1272 = CARTESIAN_POINT ( 'NONE',  ( 31.23161276499841676, 9.031278103258014056, 24.50000000000000000 ) ) ;
#1273 = LINE ( 'NONE', #2477, #868 ) ;
#1274 = ORIENTED_EDGE ( 'NONE', *, *, #3398, .F. ) ;
#1275 = FACE_OUTER_BOUND ( 'NONE', #3202, .T. ) ;
#1276 = CARTESIAN_POINT ( 'NONE',  ( -49.99999999999999289, 1.791014067545305455, -11.87117219195301132 ) ) ;
#1277 = TOROIDAL_SURFACE ( 'NONE', #1363, 3.500000000000000444, 0.5000000000000000000 ) ;
#1278 = FACE_OUTER_BOUND ( 'NONE', #448, .T. ) ;
#1279 = CARTESIAN_POINT ( 'NONE',  ( 39.00000000000000711, 1.500000000000001332, 0.000000000000000000 ) ) ;
#1280 = FACE_OUTER_BOUND ( 'NONE', #4603, .T. ) ;
#1281 = EDGE_LOOP ( 'NONE', ( #1149, #2478, #1511, #5404 ) ) ;
#1282 = ADVANCED_FACE ( 'NONE', ( #1685 ), #5563, .F. ) ;
#1283 = VERTEX_POINT ( 'NONE', #5162 ) ;
#1284 = DIRECTION ( 'NONE',  ( 0.000000000000000000, 1.000000000000000000, 0.000000000000000000 ) ) ;
#1285 = ADVANCED_FACE ( 'NONE', ( #2509 ), #3488, .F. ) ;
#1286 = ORIENTED_EDGE ( 'NONE', *, *, #3085, .T. ) ;
#1287 = DIRECTION ( 'NONE',  ( -0.000000000000000000, 1.000000000000000000, -0.000000000000000000 ) ) ;
#1288 = EDGE_CURVE ( 'NONE', #3138, #1427, #1273, .T. ) ;
#1289 = ORIENTED_EDGE ( 'NONE', *, *, #3035, .T. ) ;
#1290 = CARTESIAN_POINT ( 'NONE',  ( -49.49999999999999289, 2.291014067545305455, -15.12882780804699223 ) ) ;
#1291 = EDGE_CURVE ( 'NONE', #5235, #2608, #863, .T. ) ;
#1292 = VERTEX_POINT ( 'NONE', #830 ) ;
#1293 = EDGE_LOOP ( 'NONE', ( #3759, #4147, #2378, #1734 ) ) ;
#1294 = DIRECTION ( 'NONE',  ( 0.000000000000000000, 0.000000000000000000, -1.000000000000000000 ) ) ;
#1295 = TOROIDAL_SURFACE ( 'NONE', #2484, 3.500000000000002665, 0.5000000000000000000 ) ;
#1296 = DIRECTION ( 'NONE',  ( 0.000000000000000000, 0.000000000000000000, 1.000000000000000000 ) ) ;
#1297 = DIRECTION ( 'NONE',  ( -1.000000000000000000, -0.000000000000000000, -0.000000000000000000 ) ) ;
#1298 = ORIENTED_EDGE ( 'NONE', *, *, #4705, .T. ) ;
#1299 = EDGE_CURVE ( 'NONE', #4099, #4297, #2537, .T. ) ;
#1300 = CARTESIAN_POINT ( 'NONE',  ( -49.49999999999999289, 5.291014067545305011, -11.87117219195301132 ) ) ;
#1301 = DIRECTION ( 'NONE',  ( 0.000000000000000000, 0.000000000000000000, -1.000000000000000000 ) ) ;
#1302 = EDGE_CURVE ( 'NONE', #825, #1641, #2052, .T. ) ;
#1303 = AXIS2_PLACEMENT_3D ( 'NONE', #2512, #4187, #239 ) ;
#1304 = CIRCLE ( 'NONE', #2496, 2.999999999999999112 ) ;
#1305 = CARTESIAN_POINT ( 'NONE',  ( 16.23161276499841676, 1.500000000000001332, 21.99999999999999645 ) ) ;
#1306 = TOROIDAL_SURFACE ( 'NONE', #3427, 3.500000000000000000, 0.5000000000000000000 ) ;
#1307 = FACE_OUTER_BOUND ( 'NONE', #4783, .T. ) ;
#1308 = CIRCLE ( 'NONE', #2591, 0.5000000000000004441 ) ;
#1309 = ORIENTED_EDGE ( 'NONE', *, *, #1663, .F. ) ;
#1310 = AXIS2_PLACEMENT_3D ( 'NONE', #4826, #4322, #3860 ) ;
#1311 = VERTEX_POINT ( 'NONE', #1243 ) ;
#1312 = PLANE ( 'NONE',  #2906 ) ;
#1313 = VERTEX_POINT ( 'NONE', #296 ) ;
#1314 = TOROIDAL_SURFACE ( 'NONE', #4996, 4.500000000000005329, 0.5000000000000000000 ) ;
#1315 = CYLINDRICAL_SURFACE ( 'NONE', #3116, 4.000000000000000888 ) ;
#1316 = EDGE_CURVE ( 'NONE', #1551, #777, #1218, .T. ) ;
#1317 = ORIENTED_EDGE ( 'NONE', *, *, #3047, .T. ) ;
#1318 = DIRECTION ( 'NONE',  ( 0.000000000000000000, 0.000000000000000000, 1.000000000000000000 ) ) ;
#1319 = CIRCLE ( 'NONE', #1779, 4.000000000000000000 ) ;
#1320 = ORIENTED_EDGE ( 'NONE', *, *, #4222, .F. ) ;
#1321 = ORIENTED_EDGE ( 'NONE', *, *, #2266, .T. ) ;
#1322 = CARTESIAN_POINT ( 'NONE',  ( 44.00000000000000000, 19.00000000000000000, -18.25000000000000355 ) ) ;
#1323 = CIRCLE ( 'NONE', #851, 4.000000000000000000 ) ;
#1324 = ADVANCED_FACE ( 'NONE', ( #3463 ), #5242, .F. ) ;
#1325 = DIRECTION ( 'NONE',  ( 1.000000000000000000, -0.000000000000000000, 0.000000000000000000 ) ) ;
#1326 = DIRECTION ( 'NONE',  ( 0.000000000000000000, 1.000000000000000000, 0.000000000000000000 ) ) ;
#1327 = EDGE_LOOP ( 'NONE', ( #484, #2323, #4664, #5383 ) ) ;
#1328 = PLANE ( 'NONE',  #4558 ) ;
#1329 = DIRECTION ( 'NONE',  ( 1.000000000000000000, -0.000000000000000000, 0.000000000000000000 ) ) ;
#1330 = DIRECTION ( 'NONE',  ( -1.000000000000000000, 0.000000000000000000, 0.000000000000000000 ) ) ;
#1331 = DIRECTION ( 'NONE',  ( 0.000000000000000000, -1.000000000000000000, -0.000000000000000000 ) ) ;
#1332 = EDGE_CURVE ( 'NONE', #5564, #2152, #2534, .T. ) ;
#1333 = CARTESIAN_POINT ( 'NONE',  ( 49.50000000000000711, 5.500000000000000000, 10.00000000000000178 ) ) ;
#1334 = CARTESIAN_POINT ( 'NONE',  ( 17.00000000000000000, 5.291014067545305011, -8.871172191953011321 ) ) ;
#1335 = FACE_OUTER_BOUND ( 'NONE', #4226, .T. ) ;
#1336 = VECTOR ( 'NONE', #3119, 1000.000000000000000 ) ;
#1337 = VERTEX_POINT ( 'NONE', #411 ) ;
#1338 = VECTOR ( 'NONE', #4543, 1000.000000000000000 ) ;
#1339 = VECTOR ( 'NONE', #4761, 1000.000000000000000 ) ;
#1340 = VECTOR ( 'NONE', #1990, 1000.000000000000000 ) ;
#1341 = CARTESIAN_POINT ( 'NONE',  ( -38.99999999999999289, 19.00000000000000000, -22.00000000000000355 ) ) ;
#1342 = ORIENTED_EDGE ( 'NONE', *, *, #1458, .T. ) ;
#1343 = AXIS2_PLACEMENT_3D ( 'NONE', #1717, #4365, #3473 ) ;
#1344 = ORIENTED_EDGE ( 'NONE', *, *, #4901, .F. ) ;
#1345 = CIRCLE ( 'NONE', #610, 4.000000000000000000 ) ;
#1346 = FACE_OUTER_BOUND ( 'NONE', #1021, .T. ) ;
#1347 = ORIENTED_EDGE ( 'NONE', *, *, #1291, .T. ) ;
#1348 = CARTESIAN_POINT ( 'NONE',  ( -23.99999999999999645, 8.500000000000335731, -4.999999999999997335 ) ) ;
#1349 = VECTOR ( 'NONE', #4161, 1000.000000000000000 ) ;
#1350 = ORIENTED_EDGE ( 'NONE', *, *, #2370, .F. ) ;
#1351 = VERTEX_POINT ( 'NONE', #3048 ) ;
#1352 = DIRECTION ( 'NONE',  ( -0.000000000000000000, -0.000000000000000000, 1.000000000000000000 ) ) ;
#1353 = ADVANCED_FACE ( 'NONE', ( #5664 ), #3460, .T. ) ;
#1354 = CARTESIAN_POINT ( 'NONE',  ( 50.00000000000000711, 1.791014067545306565, 25.00000000000000000 ) ) ;
#1355 = DIRECTION ( 'NONE',  ( 0.000000000000000000, 0.000000000000000000, 1.000000000000000000 ) ) ;
#1356 = ORIENTED_EDGE ( 'NONE', *, *, #1616, .T. ) ;
#1357 = DIRECTION ( 'NONE',  ( -1.000000000000000000, 0.000000000000000000, 0.000000000000000000 ) ) ;
#1358 = CYLINDRICAL_SURFACE ( 'NONE', #757, 0.5000000000000004441 ) ;
#1359 = CARTESIAN_POINT ( 'NONE',  ( 4.500000000000000000, 9.031278103258014056, 24.50000000000000000 ) ) ;
#1360 = CARTESIAN_POINT ( 'NONE',  ( -18.73161276499844163, 12.99999999999999822, 25.00000000000000000 ) ) ;
#1361 = DIRECTION ( 'NONE',  ( -0.000000000000000000, -0.000000000000000000, -1.000000000000000000 ) ) ;
#1362 = LINE ( 'NONE', #4927, #792 ) ;
#1363 = AXIS2_PLACEMENT_3D ( 'NONE', #1654, #2966, #806 ) ;
#1364 = EDGE_CURVE ( 'NONE', #3777, #327, #330, .T. ) ;
#1365 = ORIENTED_EDGE ( 'NONE', *, *, #3329, .F. ) ;
#1366 = DIRECTION ( 'NONE',  ( -1.000000000000000000, 0.000000000000000000, 0.000000000000000000 ) ) ;
#1367 = EDGE_CURVE ( 'NONE', #4952, #1700, #1252, .T. ) ;
#1368 = AXIS2_PLACEMENT_3D ( 'NONE', #828, #3896, #3066 ) ;
#1369 = ORIENTED_EDGE ( 'NONE', *, *, #3228, .T. ) ;
#1370 = LINE ( 'NONE', #4994, #2206 ) ;
#1371 = VECTOR ( 'NONE', #4379, 1000.000000000000000 ) ;
#1372 = CYLINDRICAL_SURFACE ( 'NONE', #5542, 3.000000000000002665 ) ;
#1373 = DIRECTION ( 'NONE',  ( -1.000000000000000000, 0.000000000000000000, 0.000000000000000000 ) ) ;
#1374 = CARTESIAN_POINT ( 'NONE',  ( 49.50000000000000711, 5.291014067545305011, -15.12882780804699223 ) ) ;
#1375 = CARTESIAN_POINT ( 'NONE',  ( 50.00000000000000711, 18.20898593245469499, 25.00000000000000000 ) ) ;
#1376 = DIRECTION ( 'NONE',  ( 1.000000000000000000, -0.000000000000000000, -0.000000000000000000 ) ) ;
#1377 = ORIENTED_EDGE ( 'NONE', *, *, #4482, .F. ) ;
#1378 = DIRECTION ( 'NONE',  ( 1.000000000000000000, 0.000000000000000000, 0.000000000000000000 ) ) ;
#1379 = LINE ( 'NONE', #3191, #3705 ) ;
#1380 = DIRECTION ( 'NONE',  ( 1.224646799147353207E-16, 1.000000000000000000, -0.000000000000000000 ) ) ;
#1381 = CIRCLE ( 'NONE', #827, 4.000000000000000888 ) ;
#1382 = CARTESIAN_POINT ( 'NONE',  ( 45.00000000000001421, 19.00000000000000000, 20.00000000000000000 ) ) ;
#1383 = CARTESIAN_POINT ( 'NONE',  ( 50.00000000000000711, 5.500000000000000888, -4.500000000000000888 ) ) ;
#1384 = DIRECTION ( 'NONE',  ( 0.000000000000000000, 0.000000000000000000, 1.000000000000000000 ) ) ;
#1385 = CYLINDRICAL_SURFACE ( 'NONE', #2353, 4.000000000000000888 ) ;
#1386 = CARTESIAN_POINT ( 'NONE',  ( 49.50000000000000711, 14.50000000000000000, 4.500000000000000888 ) ) ;
#1387 = ADVANCED_FACE ( 'NONE', ( #2189, #4886 ), #4914, .T. ) ;
#1388 = CIRCLE ( 'NONE', #5337, 4.000000000000000888 ) ;
#1389 = AXIS2_PLACEMENT_3D ( 'NONE', #4229, #1210, #4926 ) ;
#1390 = EDGE_LOOP ( 'NONE', ( #547, #763, #4368, #4601, #1138 ) ) ;
#1391 = CIRCLE ( 'NONE', #3885, 5.000000000000018652 ) ;
#1392 = EDGE_CURVE ( 'NONE', #5040, #5151, #2076, .T. ) ;
#1393 = AXIS2_PLACEMENT_3D ( 'NONE', #2758, #914, #4471 ) ;
#1394 = DIRECTION ( 'NONE',  ( -0.000000000000000000, -0.000000000000000000, 1.000000000000000000 ) ) ;
#1395 = AXIS2_PLACEMENT_3D ( 'NONE', #5369, #4970, #3989 ) ;
#1396 = ORIENTED_EDGE ( 'NONE', *, *, #4242, .T. ) ;
#1397 = ORIENTED_EDGE ( 'NONE', *, *, #1544, .F. ) ;
#1398 = EDGE_LOOP ( 'NONE', ( #589, #1298, #5594, #5239 ) ) ;
#1399 = EDGE_CURVE ( 'NONE', #4488, #4448, #4433, .T. ) ;
#1400 = CIRCLE ( 'NONE', #4891, 4.999999999999990230 ) ;
#1401 = FACE_OUTER_BOUND ( 'NONE', #1586, .T. ) ;
#1402 = ORIENTED_EDGE ( 'NONE', *, *, #1504, .T. ) ;
#1403 = LINE ( 'NONE', #2290, #1371 ) ;
#1404 = CARTESIAN_POINT ( 'NONE',  ( 44.00000000000000000, 0.000000000000000000, 16.00000000000000000 ) ) ;
#1405 = CARTESIAN_POINT ( 'NONE',  ( -36.99999999999999289, 17.00000000000000000, -22.00000000000000355 ) ) ;
#1406 = EDGE_LOOP ( 'NONE', ( #3208, #1180, #5420, #5468, #3297 ) ) ;
#1407 = CARTESIAN_POINT ( 'NONE',  ( -38.99999999999999289, 14.70898593245469499, -8.871172191953011321 ) ) ;
#1408 = AXIS2_PLACEMENT_3D ( 'NONE', #5513, #4652, #3846 ) ;
#1409 = ORIENTED_EDGE ( 'NONE', *, *, #2655, .F. ) ;
#1410 = CARTESIAN_POINT ( 'NONE',  ( -49.49999999999999289, 18.20898593245469499, -12.12882780804699223 ) ) ;
#1411 = CARTESIAN_POINT ( 'NONE',  ( -49.99999999999999289, 18.20898593245469499, -12.12882780804699223 ) ) ;
#1412 = DIRECTION ( 'NONE',  ( -0.000000000000000000, -1.000000000000000000, 0.000000000000000000 ) ) ;
#1413 = ORIENTED_EDGE ( 'NONE', *, *, #4212, .F. ) ;
#1414 = DIRECTION ( 'NONE',  ( 1.000000000000000000, -0.000000000000000000, 0.000000000000000000 ) ) ;
#1415 = CARTESIAN_POINT ( 'NONE',  ( -44.00000000000000000, 0.000000000000000000, 20.50000000000000355 ) ) ;
#1416 = ORIENTED_EDGE ( 'NONE', *, *, #5065, .F. ) ;
#1417 = DIRECTION ( 'NONE',  ( -0.000000000000000000, -0.000000000000000000, 1.000000000000000000 ) ) ;
#1418 = FACE_OUTER_BOUND ( 'NONE', #1406, .T. ) ;
#1419 = CARTESIAN_POINT ( 'NONE',  ( -34.99999999999999289, 8.500000000000000000, -4.999999999999997335 ) ) ;
#1420 = ORIENTED_EDGE ( 'NONE', *, *, #2681, .T. ) ;
#1421 = AXIS2_PLACEMENT_3D ( 'NONE', #1272, #2188, #3538 ) ;
#1422 = VERTEX_POINT ( 'NONE', #4021 ) ;
#1423 = ADVANCED_FACE ( 'NONE', ( #3592 ), #1525, .T. ) ;
#1424 = EDGE_CURVE ( 'NONE', #4678, #1230, #3277, .T. ) ;
#1425 = CARTESIAN_POINT ( 'NONE',  ( 50.00000000000000711, 5.500000000000000000, 14.50000000000000178 ) ) ;
#1426 = AXIS2_PLACEMENT_3D ( 'NONE', #4675, #2334, #2592 ) ;
#1427 = VERTEX_POINT ( 'NONE', #4402 ) ;
#1428 = AXIS2_PLACEMENT_3D ( 'NONE', #940, #4918, #2696 ) ;
#1429 = CARTESIAN_POINT ( 'NONE',  ( -26.70078182156721525, 9.031278103258014056, 25.00000000000000000 ) ) ;
#1430 = EDGE_CURVE ( 'NONE', #4932, #1882, #2706, .T. ) ;
#1431 = AXIS2_PLACEMENT_3D ( 'NONE', #413, #832, #4271 ) ;
#1432 = EDGE_CURVE ( 'NONE', #1522, #4245, #1625, .T. ) ;
#1433 = CARTESIAN_POINT ( 'NONE',  ( 50.00000000000000711, 14.50000000000000000, 10.00000000000000178 ) ) ;
#1434 = AXIS2_PLACEMENT_3D ( 'NONE', #2090, #5252, #2984 ) ;
#1435 = DIRECTION ( 'NONE',  ( 0.000000000000000000, -1.000000000000000000, 0.000000000000000000 ) ) ;
#1436 = DIRECTION ( 'NONE',  ( -1.000000000000000000, -0.000000000000000000, -0.000000000000000000 ) ) ;
#1437 = DIRECTION ( 'NONE',  ( -0.000000000000000000, 1.000000000000000000, -0.000000000000000000 ) ) ;
#1438 = ORIENTED_EDGE ( 'NONE', *, *, #3011, .T. ) ;
#1439 = AXIS2_PLACEMENT_3D ( 'NONE', #1110, #5544, #2861 ) ;
#1440 = DIRECTION ( 'NONE',  ( 0.000000000000000000, 0.000000000000000000, 1.000000000000000000 ) ) ;
#1441 = CYLINDRICAL_SURFACE ( 'NONE', #4053, 3.000000000000004441 ) ;
#1442 = DIRECTION ( 'NONE',  ( -1.000000000000000000, 0.000000000000000000, 0.000000000000000000 ) ) ;
#1443 = CARTESIAN_POINT ( 'NONE',  ( -31.50000000000000000, 2.291014067545305455, -15.12882780804699223 ) ) ;
#1444 = DIRECTION ( 'NONE',  ( 1.000000000000000000, 0.000000000000000000, 0.000000000000000000 ) ) ;
#1445 = VERTEX_POINT ( 'NONE', #3512 ) ;
#1446 = CARTESIAN_POINT ( 'NONE',  ( -34.99999999999999289, 8.500000000000000000, -24.50000000000000000 ) ) ;
#1447 = CARTESIAN_POINT ( 'NONE',  ( 57.50000000000000711, 14.50000000000000000, 0.000000000000000000 ) ) ;
#1448 = CARTESIAN_POINT ( 'NONE',  ( 4.000000000000003553, 8.500000000000000000, -22.00000000000000355 ) ) ;
#1449 = CARTESIAN_POINT ( 'NONE',  ( -49.99999999999999289, 14.70898593245469499, -8.371172191953009545 ) ) ;
#1450 = EDGE_LOOP ( 'NONE', ( #2932, #575, #272, #4936 ) ) ;
#1451 = ORIENTED_EDGE ( 'NONE', *, *, #474, .F. ) ;
#1452 = CARTESIAN_POINT ( 'NONE',  ( 25.73161276499842742, 5.062556206516027224, 25.00000000000000000 ) ) ;
#1453 = EDGE_LOOP ( 'NONE', ( #5249, #4862, #1093, #2341 ) ) ;
#1454 = ORIENTED_EDGE ( 'NONE', *, *, #307, .T. ) ;
#1455 = ORIENTED_EDGE ( 'NONE', *, *, #4680, .T. ) ;
#1456 = AXIS2_PLACEMENT_3D ( 'NONE', #3043, #4326, #3920 ) ;
#1457 = DIRECTION ( 'NONE',  ( -0.000000000000000000, -0.000000000000000000, -1.000000000000000000 ) ) ;
#1458 = EDGE_CURVE ( 'NONE', #2893, #5096, #4825, .T. ) ;
#1459 = APPROVAL_DATE_TIME ( #3344, #531 ) ;
#1460 = ORIENTED_EDGE ( 'NONE', *, *, #735, .F. ) ;
#1461 = DIRECTION ( 'NONE',  ( -0.000000000000000000, -0.000000000000000000, 1.000000000000000000 ) ) ;
#1462 = EDGE_CURVE ( 'NONE', #1709, #3154, #2216, .T. ) ;
#1463 = EDGE_CURVE ( 'NONE', #453, #844, #4466, .T. ) ;
#1464 = DIRECTION ( 'NONE',  ( 0.000000000000000000, -1.000000000000000000, 0.000000000000000000 ) ) ;
#1465 = ORIENTED_EDGE ( 'NONE', *, *, #3684, .F. ) ;
#1466 = FACE_OUTER_BOUND ( 'NONE', #1493, .T. ) ;
#1467 = CARTESIAN_POINT ( 'NONE',  ( 50.00000000000000711, 5.500000000000000000, 0.000000000000000000 ) ) ;
#1468 = DIRECTION ( 'NONE',  ( 0.000000000000000000, -1.000000000000000000, 0.000000000000000000 ) ) ;
#1469 = VERTEX_POINT ( 'NONE', #4047 ) ;
#1470 = DIRECTION ( 'NONE',  ( -0.000000000000000000, -0.000000000000000000, 1.000000000000000000 ) ) ;
#1471 = CYLINDRICAL_SURFACE ( 'NONE', #3982, 5.000000000000000888 ) ;
#1472 = EDGE_CURVE ( 'NONE', #2157, #5187, #5347, .T. ) ;
#1473 = ORIENTED_EDGE ( 'NONE', *, *, #723, .F. ) ;
#1474 = ADVANCED_FACE ( 'NONE', ( #3122 ), #4382, .T. ) ;
#1475 = CARTESIAN_POINT ( 'NONE',  ( -10.23161276499843808, 5.062556206516027224, 24.50000000000000000 ) ) ;
#1476 = DIRECTION ( 'NONE',  ( -1.000000000000000000, 0.000000000000000000, 0.000000000000000000 ) ) ;
#1477 = DIRECTION ( 'NONE',  ( 0.000000000000000000, 0.000000000000000000, -1.000000000000000000 ) ) ;
#1478 = AXIS2_PLACEMENT_3D ( 'NONE', #5505, #750, #264 ) ;
#1479 = ORIENTED_EDGE ( 'NONE', *, *, #2680, .T. ) ;
#1480 = CIRCLE ( 'NONE', #4702, 4.500000000000002665 ) ;
#1481 = ORIENTED_EDGE ( 'NONE', *, *, #347, .T. ) ;
#1482 = CARTESIAN_POINT ( 'NONE',  ( 12.00000000000000000, 8.500000000000168754, -24.50000000000000000 ) ) ;
#1483 = ORIENTED_EDGE ( 'NONE', *, *, #2277, .F. ) ;
#1484 = ORIENTED_EDGE ( 'NONE', *, *, #5056, .T. ) ;
#1485 = ORIENTED_EDGE ( 'NONE', *, *, #771, .F. ) ;
#1486 = TOROIDAL_SURFACE ( 'NONE', #2495, 3.500000000000003553, 0.5000000000000000000 ) ;
#1487 = AXIS2_PLACEMENT_3D ( 'NONE', #3401, #5154, #4321 ) ;
#1488 = ORIENTED_EDGE ( 'NONE', *, *, #87, .T. ) ;
#1489 = ORIENTED_EDGE ( 'NONE', *, *, #583, .F. ) ;
#1490 = CIRCLE ( 'NONE', #4517, 0.5000000000000004441 ) ;
#1491 = DIRECTION ( 'NONE',  ( 0.000000000000000000, 0.000000000000000000, -1.000000000000000000 ) ) ;
#1492 = DIRECTION ( 'NONE',  ( -0.000000000000000000, 1.000000000000000000, -0.000000000000000000 ) ) ;
#1493 = EDGE_LOOP ( 'NONE', ( #1552, #525, #3642, #949 ) ) ;
#1494 = AXIS2_PLACEMENT_3D ( 'NONE', #3431, #431, #1703 ) ;
#1495 = LINE ( 'NONE', #1375, #418 ) ;
#1496 = ADVANCED_FACE ( 'NONE', ( #3069 ), #3540, .F. ) ;
#1497 = VERTEX_POINT ( 'NONE', #2271 ) ;
#1498 = DIRECTION ( 'NONE',  ( 1.000000000000000000, -0.000000000000000000, -0.000000000000000000 ) ) ;
#1499 = ORIENTED_EDGE ( 'NONE', *, *, #548, .F. ) ;
#1500 = CARTESIAN_POINT ( 'NONE',  ( 19.23161276499841321, 5.062556206516027224, 24.50000000000000000 ) ) ;
#1501 = CARTESIAN_POINT ( 'NONE',  ( 39.50000000000000711, 8.500000000000000000, -24.50000000000000000 ) ) ;
#1502 = DIRECTION ( 'NONE',  ( 0.000000000000000000, -1.000000000000000000, 0.000000000000000000 ) ) ;
#1503 = DIRECTION ( 'NONE',  ( -0.000000000000000000, -0.000000000000000000, 1.000000000000000000 ) ) ;
#1504 = EDGE_CURVE ( 'NONE', #3879, #262, #4861, .T. ) ;
#1505 = DIRECTION ( 'NONE',  ( -0.000000000000000000, -0.000000000000000000, -1.000000000000000000 ) ) ;
#1506 = CARTESIAN_POINT ( 'NONE',  ( 49.50000000000000711, 5.500000000000000000, 14.50000000000000178 ) ) ;
#1507 = DIRECTION ( 'NONE',  ( 0.000000000000000000, 0.000000000000000000, 1.000000000000000000 ) ) ;
#1508 = FACE_OUTER_BOUND ( 'NONE', #4224, .T. ) ;
#1509 = CIRCLE ( 'NONE', #5097, 4.000000000000000000 ) ;
#1510 = EDGE_CURVE ( 'NONE', #227, #3173, #3973, .T. ) ;
#1511 = ORIENTED_EDGE ( 'NONE', *, *, #3477, .F. ) ;
#1512 = ORIENTED_EDGE ( 'NONE', *, *, #2095, .F. ) ;
#1513 = CARTESIAN_POINT ( 'NONE',  ( -25.23161276499844874, 12.99999999999999822, 21.99999999999999645 ) ) ;
#1514 = DIRECTION ( 'NONE',  ( 1.000000000000000000, 0.000000000000000000, 0.000000000000000000 ) ) ;
#1515 = TOROIDAL_SURFACE ( 'NONE', #1421, 3.837538412994571768, 0.5000000000000000000 ) ;
#1516 = ORIENTED_EDGE ( 'NONE', *, *, #4939, .T. ) ;
#1517 = ORIENTED_EDGE ( 'NONE', *, *, #4666, .T. ) ;
#1518 = VERTEX_POINT ( 'NONE', #3746 ) ;
#1519 = CARTESIAN_POINT ( 'NONE',  ( 20.00000000000000000, 8.500000000000168754, -24.50000000000000000 ) ) ;
#1520 = CIRCLE ( 'NONE', #4740, 3.000000000000002665 ) ;
#1521 = DIRECTION ( 'NONE',  ( 0.000000000000000000, 0.000000000000000000, 1.000000000000000000 ) ) ;
#1522 = VERTEX_POINT ( 'NONE', #3315 ) ;
#1523 = AXIS2_PLACEMENT_3D ( 'NONE', #27, #3629, #3194 ) ;
#1524 = DIRECTION ( 'NONE',  ( 0.000000000000000000, 0.000000000000000000, -1.000000000000000000 ) ) ;
#1525 = TOROIDAL_SURFACE ( 'NONE', #1057, 4.500000000000005329, 0.5000000000000000000 ) ;
#1526 = ORIENTED_EDGE ( 'NONE', *, *, #1927, .F. ) ;
#1527 = DIRECTION ( 'NONE',  ( 0.000000000000000000, -0.000000000000000000, 1.000000000000000000 ) ) ;
#1528 = VERTEX_POINT ( 'NONE', #255 ) ;
#1529 = FACE_OUTER_BOUND ( 'NONE', #2839, .T. ) ;
#1530 = LINE ( 'NONE', #5528, #3518 ) ;
#1531 = AXIS2_PLACEMENT_3D ( 'NONE', #3265, #1136, #175 ) ;
#1532 = CARTESIAN_POINT ( 'NONE',  ( 49.50000000000000711, 17.70898593245469499, -11.87117219195301132 ) ) ;
#1533 = AXIS2_PLACEMENT_3D ( 'NONE', #5327, #4921, #4438 ) ;
#1534 = EDGE_CURVE ( 'NONE', #4925, #2640, #4511, .T. ) ;
#1535 = ORIENTED_EDGE ( 'NONE', *, *, #4345, .T. ) ;
#1536 = DIRECTION ( 'NONE',  ( 0.000000000000000000, 0.000000000000000000, 1.000000000000000000 ) ) ;
#1537 = DIRECTION ( 'NONE',  ( 0.000000000000000000, 0.000000000000000000, -1.000000000000000000 ) ) ;
#1538 = AXIS2_PLACEMENT_3D ( 'NONE', #419, #3930, #1744 ) ;
#1539 = CIRCLE ( 'NONE', #52, 4.000000000000000888 ) ;
#1540 = VERTEX_POINT ( 'NONE', #3288 ) ;
#1541 = PLANE ( 'NONE',  #3270 ) ;
#1542 = DIRECTION ( 'NONE',  ( -1.000000000000000000, 0.000000000000000000, 0.000000000000000000 ) ) ;
#1543 = DIRECTION ( 'NONE',  ( 1.000000000000000000, 0.000000000000000000, 0.000000000000000000 ) ) ;
#1544 = EDGE_CURVE ( 'NONE', #5640, #624, #598, .T. ) ;
#1545 = ORIENTED_EDGE ( 'NONE', *, *, #2944, .T. ) ;
#1546 = ORIENTED_EDGE ( 'NONE', *, *, #1607, .T. ) ;
#1547 = CARTESIAN_POINT ( 'NONE',  ( 39.00000000000000711, 14.50000000000000000, 0.000000000000000000 ) ) ;
#1548 = EDGE_CURVE ( 'NONE', #5180, #2830, #564, .T. ) ;
#1549 = ADVANCED_FACE ( 'NONE', ( #663, #4140, #3719, #2358, #2778, #2325, #1091, #5438 ), #2418, .F. ) ;
#1550 = DIRECTION ( 'NONE',  ( 1.000000000000000000, 0.000000000000000000, 0.000000000000000000 ) ) ;
#1551 = VERTEX_POINT ( 'NONE', #2843 ) ;
#1552 = ORIENTED_EDGE ( 'NONE', *, *, #4110, .T. ) ;
#1553 = EDGE_CURVE ( 'NONE', #4817, #3534, #1672, .T. ) ;
#1554 = LINE ( 'NONE', #1951, #4988 ) ;
#1555 = ORIENTED_EDGE ( 'NONE', *, *, #4637, .T. ) ;
#1556 = CIRCLE ( 'NONE', #5597, 3.000000000000002665 ) ;
#1557 = CARTESIAN_POINT ( 'NONE',  ( -23.99999999999999645, 8.500000000000335731, -25.00000000000000000 ) ) ;
#1558 = ORIENTED_EDGE ( 'NONE', *, *, #4597, .T. ) ;
#1559 = CARTESIAN_POINT ( 'NONE',  ( -49.49999999999999289, 1.791014067545305455, -11.87117219195301132 ) ) ;
#1560 = PRODUCT_DEFINITION_FORMATION_WITH_SPECIFIED_SOURCE ( 'ANY', '', #1730, .NOT_KNOWN. ) ;
#1561 = VERTEX_POINT ( 'NONE', #2013 ) ;
#1562 = CYLINDRICAL_SURFACE ( 'NONE', #5256, 4.000000000000000000 ) ;
#1563 = CARTESIAN_POINT ( 'NONE',  ( -11.99999999999999645, 8.500000000000168754, -4.999999999999997335 ) ) ;
#1564 = CARTESIAN_POINT ( 'NONE',  ( -44.00000000000000000, 19.00000000000000000, 23.25000000000000711 ) ) ;
#1565 = ORIENTED_EDGE ( 'NONE', *, *, #1432, .T. ) ;
#1566 = DIRECTION ( 'NONE',  ( -0.000000000000000000, 1.000000000000000000, -0.000000000000000000 ) ) ;
#1567 = DIRECTION ( 'NONE',  ( -1.000000000000000000, -0.000000000000000000, -0.000000000000000000 ) ) ;
#1568 = ORIENTED_EDGE ( 'NONE', *, *, #445, .F. ) ;
#1569 = CYLINDRICAL_SURFACE ( 'NONE', #603, 3.000000000000002665 ) ;
#1570 = DIRECTION ( 'NONE',  ( -1.000000000000000000, -0.000000000000000000, -0.000000000000000000 ) ) ;
#1571 = DIRECTION ( 'NONE',  ( -1.000000000000000000, 0.000000000000000000, 0.000000000000000000 ) ) ;
#1572 = EDGE_CURVE ( 'NONE', #4166, #798, #2400, .T. ) ;
#1573 = ORIENTED_EDGE ( 'NONE', *, *, #2514, .T. ) ;
#1574 = CYLINDRICAL_SURFACE ( 'NONE', #3683, 5.000000000000000888 ) ;
#1575 = CARTESIAN_POINT ( 'NONE',  ( 17.00000000000000000, 17.70898593245469499, -12.12882780804699223 ) ) ;
#1576 = ORIENTED_EDGE ( 'NONE', *, *, #2481, .T. ) ;
#1577 = CIRCLE ( 'NONE', #2575, 4.999999999999990230 ) ;
#1578 = EDGE_CURVE ( 'NONE', #2149, #227, #4240, .T. ) ;
#1579 = ORIENTED_EDGE ( 'NONE', *, *, #2025, .F. ) ;
#1580 = CARTESIAN_POINT ( 'NONE',  ( 49.50000000000000711, 14.50000000000000000, 0.000000000000000000 ) ) ;
#1581 = CIRCLE ( 'NONE', #555, 0.5000000000000004441 ) ;
#1582 = ORIENTED_EDGE ( 'NONE', *, *, #4944, .T. ) ;
#1583 = CIRCLE ( 'NONE', #5338, 2.250000000000001776 ) ;
#1584 = CALENDAR_DATE ( 2026, 20, 3 ) ;
#1585 = EDGE_CURVE ( 'NONE', #1055, #3697, #2, .T. ) ;
#1586 = EDGE_LOOP ( 'NONE', ( #2217, #2988, #3020, #655 ) ) ;
#1587 = VECTOR ( 'NONE', #25, 1000.000000000000000 ) ;
#1588 = CIRCLE ( 'NONE', #3600, 0.5000000000000004441 ) ;
#1589 = DIRECTION ( 'NONE',  ( -0.000000000000000000, 1.000000000000000000, -0.000000000000000000 ) ) ;
#1590 = VERTEX_POINT ( 'NONE', #166 ) ;
#1591 = CARTESIAN_POINT ( 'NONE',  ( 49.50000000000000711, 5.500000000000000000, 0.000000000000000000 ) ) ;
#1592 = CARTESIAN_POINT ( 'NONE',  ( 39.00000000000000711, 1.500000000000001332, 21.99999999999999645 ) ) ;
#1593 = LINE ( 'NONE', #1564, #4828 ) ;
#1594 = ORIENTED_EDGE ( 'NONE', *, *, #444, .T. ) ;
#1595 = CARTESIAN_POINT ( 'NONE',  ( -35.26244370842961473, 9.031278103258014056, 15.00000000000000178 ) ) ;
#1596 = CARTESIAN_POINT ( 'NONE',  ( -13.23161276499844163, 12.99999999999999822, 25.00000000000000000 ) ) ;
#1597 = DIRECTION ( 'NONE',  ( 0.000000000000000000, 0.000000000000000000, 1.000000000000000000 ) ) ;
#1598 = ORIENTED_EDGE ( 'NONE', *, *, #2863, .F. ) ;
#1599 = DIRECTION ( 'NONE',  ( 0.000000000000000000, -1.000000000000000000, 0.000000000000000000 ) ) ;
#1600 = FACE_OUTER_BOUND ( 'NONE', #2118, .T. ) ;
#1601 = DIRECTION ( 'NONE',  ( 0.000000000000000000, 1.000000000000000000, 0.000000000000000000 ) ) ;
#1602 = ORIENTED_EDGE ( 'NONE', *, *, #2625, .F. ) ;
#1603 = FACE_BOUND ( 'NONE', #5688, .T. ) ;
#1604 = VECTOR ( 'NONE', #2787, 1000.000000000000000 ) ;
#1605 = CARTESIAN_POINT ( 'NONE',  ( -49.99999999999999289, 19.00000000000000000, 25.00000000000000000 ) ) ;
#1606 = ORIENTED_EDGE ( 'NONE', *, *, #4314, .T. ) ;
#1607 = EDGE_CURVE ( 'NONE', #3031, #798, #4604, .T. ) ;
#1608 = EDGE_CURVE ( 'NONE', #5339, #5112, #4146, .T. ) ;
#1609 = ORIENTED_EDGE ( 'NONE', *, *, #2721, .F. ) ;
#1610 = ORIENTED_EDGE ( 'NONE', *, *, #71, .T. ) ;
#1611 = LINE ( 'NONE', #2037, #1135 ) ;
#1612 = SHAPE_DEFINITION_REPRESENTATION ( #2182, #235 ) ;
#1613 = ORIENTED_EDGE ( 'NONE', *, *, #1198, .T. ) ;
#1614 = CARTESIAN_POINT ( 'NONE',  ( -30.99999999999998934, 8.500000000000000000, -22.00000000000000355 ) ) ;
#1615 = ORIENTED_EDGE ( 'NONE', *, *, #4387, .T. ) ;
#1616 = EDGE_CURVE ( 'NONE', #2640, #2753, #226, .T. ) ;
#1617 = CARTESIAN_POINT ( 'NONE',  ( -44.00000000000000000, 20.00000000000000000, -16.00000000000000000 ) ) ;
#1618 = AXIS2_PLACEMENT_3D ( 'NONE', #4361, #4763, #3468 ) ;
#1619 = LINE ( 'NONE', #802, #3052 ) ;
#1620 = EDGE_CURVE ( 'NONE', #3614, #1497, #3218, .T. ) ;
#1621 = CARTESIAN_POINT ( 'NONE',  ( -49.49999999999999289, 5.500000000000000000, 14.00000000000000178 ) ) ;
#1622 = ADVANCED_FACE ( 'NONE', ( #4975 ), #3252, .F. ) ;
#1623 = ORIENTED_EDGE ( 'NONE', *, *, #3679, .T. ) ;
#1624 = DIRECTION ( 'NONE',  ( 1.000000000000000000, 0.000000000000000000, 0.000000000000000000 ) ) ;
#1625 = CIRCLE ( 'NONE', #5485, 3.000000000000000888 ) ;
#1626 = DIRECTION ( 'NONE',  ( -0.000000000000000000, -0.000000000000000000, -1.000000000000000000 ) ) ;
#1627 = AXIS2_PLACEMENT_3D ( 'NONE', #2109, #3870, #514 ) ;
#1628 = DIRECTION ( 'NONE',  ( 1.000000000000000000, -0.000000000000000000, -0.000000000000000000 ) ) ;
#1629 = VECTOR ( 'NONE', #259, 1000.000000000000000 ) ;
#1630 = ORIENTED_EDGE ( 'NONE', *, *, #1039, .T. ) ;
#1631 = CARTESIAN_POINT ( 'NONE',  ( 25.23161276499842032, 12.99999999999999822, 15.00000000000000178 ) ) ;
#1632 = DIRECTION ( 'NONE',  ( 0.000000000000000000, 0.000000000000000000, -1.000000000000000000 ) ) ;
#1633 = EDGE_CURVE ( 'NONE', #4150, #1265, #3223, .T. ) ;
#1634 = TOROIDAL_SURFACE ( 'NONE', #4008, 4.499999999999999112, 0.5000000000000000000 ) ;
#1635 = AXIS2_PLACEMENT_3D ( 'NONE', #2895, #4662, #5549 ) ;
#1636 = CARTESIAN_POINT ( 'NONE',  ( -13.23161276499843808, 5.062556206516027224, 25.00000000000000000 ) ) ;
#1637 = EDGE_LOOP ( 'NONE', ( #1613, #4672, #3002, #3049, #1420, #2679, #3331, #1209 ) ) ;
#1638 = DIRECTION ( 'NONE',  ( -0.000000000000000000, -0.000000000000000000, 1.000000000000000000 ) ) ;
#1639 = CYLINDRICAL_SURFACE ( 'NONE', #3087, 5.000000000000004441 ) ;
#1640 = VECTOR ( 'NONE', #4951, 1000.000000000000000 ) ;
#1641 = VERTEX_POINT ( 'NONE', #992 ) ;
#1642 = ORIENTED_EDGE ( 'NONE', *, *, #3786, .F. ) ;
#1643 = CYLINDRICAL_SURFACE ( 'NONE', #5493, 0.5000000000000004441 ) ;
#1644 = CALENDAR_DATE ( 2026, 20, 3 ) ;
#1645 = ORIENTED_EDGE ( 'NONE', *, *, #474, .T. ) ;
#1646 = CARTESIAN_POINT ( 'NONE',  ( -38.99999999999999289, 1.500000000000001332, 0.000000000000000000 ) ) ;
#1647 = ADVANCED_FACE ( 'NONE', ( #195 ), #742, .T. ) ;
#1648 = ORIENTED_EDGE ( 'NONE', *, *, #5308, .T. ) ;
#1649 = DIRECTION ( 'NONE',  ( 0.000000000000000000, 0.000000000000000000, -1.000000000000000000 ) ) ;
#1650 = CARTESIAN_POINT ( 'NONE',  ( 50.00000000000000711, 5.291014067545305011, -11.87117219195301132 ) ) ;
#1651 = VECTOR ( 'NONE', #1098, 1000.000000000000000 ) ;
#1652 = DIRECTION ( 'NONE',  ( 1.000000000000000000, 0.000000000000000000, 0.000000000000000000 ) ) ;
#1653 = ORIENTED_EDGE ( 'NONE', *, *, #4136, .F. ) ;
#1654 = CARTESIAN_POINT ( 'NONE',  ( 49.50000000000000711, 5.291014067545305011, -12.12882780804699223 ) ) ;
#1655 = ADVANCED_FACE ( 'NONE', ( #1956 ), #1673, .F. ) ;
#1656 = CARTESIAN_POINT ( 'NONE',  ( -49.99999999999999289, 5.291014067545305011, -11.87117219195301132 ) ) ;
#1657 = EDGE_CURVE ( 'NONE', #4690, #5094, #1480, .T. ) ;
#1658 = CIRCLE ( 'NONE', #5407, 3.337538412994569992 ) ;
#1659 = CARTESIAN_POINT ( 'NONE',  ( -31.50000000000000000, 14.50000000000000000, 4.000000000000001776 ) ) ;
#1660 = EDGE_LOOP ( 'NONE', ( #373, #3429, #5099, #5064, #4544 ) ) ;
#1661 = LINE ( 'NONE', #3465, #5380 ) ;
#1662 = DIRECTION ( 'NONE',  ( 0.000000000000000000, 0.000000000000000000, -1.000000000000000000 ) ) ;
#1663 = EDGE_CURVE ( 'NONE', #800, #2936, #3428, .T. ) ;
#1664 = DIRECTION ( 'NONE',  ( 0.000000000000000000, 0.000000000000000000, 1.000000000000000000 ) ) ;
#1665 = DIRECTION ( 'NONE',  ( 0.000000000000000000, -1.000000000000000000, -0.000000000000000000 ) ) ;
#1666 = CARTESIAN_POINT ( 'NONE',  ( -49.99999999999999289, 5.291014067545305011, -15.62882780804699223 ) ) ;
#1667 = VERTEX_POINT ( 'NONE', #1646 ) ;
#1668 = DIRECTION ( 'NONE',  ( 0.000000000000000000, 0.000000000000000000, -1.000000000000000000 ) ) ;
#1669 = CIRCLE ( 'NONE', #89, 4.999999999999990230 ) ;
#1670 = APPROVAL_DATE_TIME ( #5127, #3676 ) ;
#1671 = ORIENTED_EDGE ( 'NONE', *, *, #3752, .T. ) ;
#1672 = CIRCLE ( 'NONE', #3419, 0.5000000000000004441 ) ;
#1673 = CYLINDRICAL_SURFACE ( 'NONE', #3959, 4.030830943431200630 ) ;
#1674 = ORIENTED_EDGE ( 'NONE', *, *, #654, .T. ) ;
#1675 = DIRECTION ( 'NONE',  ( 0.000000000000000000, -1.000000000000000000, 0.000000000000000000 ) ) ;
#1676 = DIRECTION ( 'NONE',  ( 1.000000000000000000, 0.000000000000000000, 0.000000000000000000 ) ) ;
#1677 = DIRECTION ( 'NONE',  ( 0.000000000000000000, 0.000000000000000000, 1.000000000000000000 ) ) ;
#1678 = ORIENTED_EDGE ( 'NONE', *, *, #3857, .T. ) ;
#1679 = ORIENTED_EDGE ( 'NONE', *, *, #4217, .T. ) ;
#1680 = FACE_OUTER_BOUND ( 'NONE', #2834, .T. ) ;
#1681 = EDGE_CURVE ( 'NONE', #4495, #825, #4258, .T. ) ;
#1682 = CIRCLE ( 'NONE', #5625, 0.5000000000000004441 ) ;
#1683 = ADVANCED_FACE ( 'NONE', ( #2960 ), #2468, .F. ) ;
#1684 = DIRECTION ( 'NONE',  ( 0.000000000000000000, 1.000000000000000000, 1.224646799147353207E-16 ) ) ;
#1685 = FACE_OUTER_BOUND ( 'NONE', #2180, .T. ) ;
#1686 = VERTEX_POINT ( 'NONE', #2554 ) ;
#1687 = DIRECTION ( 'NONE',  ( -0.000000000000000000, 1.000000000000000000, -0.000000000000000000 ) ) ;
#1688 = FACE_OUTER_BOUND ( 'NONE', #3446, .T. ) ;
#1689 = CIRCLE ( 'NONE', #2409, 4.000000000000000888 ) ;
#1690 = DIRECTION ( 'NONE',  ( -0.000000000000000000, -0.000000000000000000, -1.000000000000000000 ) ) ;
#1691 = TOROIDAL_SURFACE ( 'NONE', #4622, 3.500000000000002665, 0.5000000000000000000 ) ;
#1692 = DIRECTION ( 'NONE',  ( 0.000000000000000000, 0.000000000000000000, -1.000000000000000000 ) ) ;
#1693 = DIRECTION ( 'NONE',  ( 0.000000000000000000, 1.000000000000000000, -1.224646799147353207E-16 ) ) ;
#1694 = EDGE_CURVE ( 'NONE', #1173, #3898, #4748, .T. ) ;
#1695 = VERTEX_POINT ( 'NONE', #1234 ) ;
#1696 = ORIENTED_EDGE ( 'NONE', *, *, #3228, .F. ) ;
#1697 = AXIS2_PLACEMENT_3D ( 'NONE', #5568, #1601, #2886 ) ;
#1698 = DIRECTION ( 'NONE',  ( 0.000000000000000000, 0.000000000000000000, -1.000000000000000000 ) ) ;
#1699 = CALENDAR_DATE ( 2026, 20, 3 ) ;
#1700 = VERTEX_POINT ( 'NONE', #1614 ) ;
#1701 = CYLINDRICAL_SURFACE ( 'NONE', #1008, 2.999999999999999112 ) ;
#1702 = VERTEX_POINT ( 'NONE', #3913 ) ;
#1703 = DIRECTION ( 'NONE',  ( 0.000000000000000000, 0.000000000000000000, 1.000000000000000000 ) ) ;
#1704 = EDGE_LOOP ( 'NONE', ( #4858, #562, #218, #3744 ) ) ;
#1705 = FACE_BOUND ( 'NONE', #5556, .T. ) ;
#1706 = VECTOR ( 'NONE', #3654, 1000.000000000000000 ) ;
#1707 = DIRECTION ( 'NONE',  ( 0.000000000000000000, 1.000000000000000000, 0.000000000000000000 ) ) ;
#1708 = DIRECTION ( 'NONE',  ( 0.000000000000000000, 0.000000000000000000, -1.000000000000000000 ) ) ;
#1709 = VERTEX_POINT ( 'NONE', #4719 ) ;
#1710 = LINE ( 'NONE', #809, #702 ) ;
#1711 = FACE_OUTER_BOUND ( 'NONE', #2117, .T. ) ;
#1712 = EDGE_CURVE ( 'NONE', #1265, #800, #4610, .T. ) ;
#1713 = CIRCLE ( 'NONE', #2896, 4.000000000000000000 ) ;
#1714 = CARTESIAN_POINT ( 'NONE',  ( -45.00000000000000000, 0.000000000000000000, -19.99999999999999645 ) ) ;
#1715 = CARTESIAN_POINT ( 'NONE',  ( -38.99999999999999289, 19.00000000000000000, 21.99999999999999645 ) ) ;
#1716 = CIRCLE ( 'NONE', #237, 0.5000000000000004441 ) ;
#1717 = CARTESIAN_POINT ( 'NONE',  ( -44.00000000000000000, 19.00000000000000000, -18.25000000000000355 ) ) ;
#1718 = ADVANCED_FACE ( 'NONE', ( #3827 ), #3374, .F. ) ;
#1719 = CIRCLE ( 'NONE', #5655, 2.250000000000001776 ) ;
#1720 = AXIS2_PLACEMENT_3D ( 'NONE', #2955, #339, #3422 ) ;
#1721 = ORIENTED_EDGE ( 'NONE', *, *, #1964, .T. ) ;
#1722 = ORIENTED_EDGE ( 'NONE', *, *, #3111, .F. ) ;
#1723 = EDGE_CURVE ( 'NONE', #3889, #1540, #2856, .T. ) ;
#1724 = ADVANCED_FACE ( 'NONE', ( #5130 ), #4969, .T. ) ;
#1725 = EDGE_CURVE ( 'NONE', #867, #4564, #343, .T. ) ;
#1726 = CIRCLE ( 'NONE', #3748, 4.499999999999999112 ) ;
#1727 = DIRECTION ( 'NONE',  ( 0.000000000000000000, 0.000000000000000000, 1.000000000000000000 ) ) ;
#1728 = ORIENTED_EDGE ( 'NONE', *, *, #4900, .F. ) ;
#1729 = ADVANCED_FACE ( 'NONE', ( #2931 ), #550, .T. ) ;
#1730 = PRODUCT ( 'caja brook cables v1.2', 'caja brook cables v1.2', '', ( #4600 ) ) ;
#1731 = DIRECTION ( 'NONE',  ( -1.000000000000000000, 0.000000000000000000, 0.000000000000000000 ) ) ;
#1732 = ORIENTED_EDGE ( 'NONE', *, *, #3679, .F. ) ;
#1733 = DIRECTION ( 'NONE',  ( 1.000000000000000000, 0.000000000000000000, 0.000000000000000000 ) ) ;
#1734 = ORIENTED_EDGE ( 'NONE', *, *, #3517, .T. ) ;
#1735 = FACE_BOUND ( 'NONE', #1178, .T. ) ;
#1736 = CARTESIAN_POINT ( 'NONE',  ( 50.00000000000000711, 5.500000000000000000, 10.00000000000000178 ) ) ;
#1737 = CARTESIAN_POINT ( 'NONE',  ( 35.00000000000000000, 8.500000000000000000, -24.50000000000000000 ) ) ;
#1738 = ORIENTED_EDGE ( 'NONE', *, *, #622, .T. ) ;
#1739 = DIRECTION ( 'NONE',  ( 0.000000000000000000, 0.000000000000000000, 1.000000000000000000 ) ) ;
#1740 = CARTESIAN_POINT ( 'NONE',  ( 44.00000000000000000, 20.00000000000000000, 20.50000000000000355 ) ) ;
#1741 = AXIS2_PLACEMENT_3D ( 'NONE', #5013, #2020, #639 ) ;
#1742 = DIRECTION ( 'NONE',  ( -1.000000000000000000, 0.000000000000000000, -0.000000000000000000 ) ) ;
#1743 = VECTOR ( 'NONE', #2699, 1000.000000000000000 ) ;
#1744 = DIRECTION ( 'NONE',  ( 0.000000000000000000, 0.000000000000000000, 1.000000000000000000 ) ) ;
#1745 = ORIENTED_EDGE ( 'NONE', *, *, #2598, .F. ) ;
#1746 = ORIENTED_EDGE ( 'NONE', *, *, #4703, .F. ) ;
#1747 = EDGE_CURVE ( 'NONE', #5607, #2820, #2096, .T. ) ;
#1748 = CARTESIAN_POINT ( 'NONE',  ( -16.73161276499844519, 12.99999999999999822, 24.50000000000000000 ) ) ;
#1749 = EDGE_CURVE ( 'NONE', #3010, #262, #3783, .T. ) ;
#1750 = ORIENTED_EDGE ( 'NONE', *, *, #2264, .T. ) ;
#1751 = DIRECTION ( 'NONE',  ( -1.000000000000000000, 0.000000000000000000, 0.000000000000000000 ) ) ;
#1752 = AXIS2_PLACEMENT_3D ( 'NONE', #1482, #3479, #2607 ) ;
#1753 = VERTEX_POINT ( 'NONE', #5181 ) ;
#1754 = DIRECTION ( 'NONE',  ( -0.000000000000000000, -0.000000000000000000, 1.000000000000000000 ) ) ;
#1755 = ADVANCED_FACE ( 'NONE', ( #371 ), #1701, .F. ) ;
#1756 = VERTEX_POINT ( 'NONE', #2796 ) ;
#1757 = ORIENTED_EDGE ( 'NONE', *, *, #3866, .T. ) ;
#1758 = DIRECTION ( 'NONE',  ( 0.000000000000000000, 0.000000000000000000, -1.000000000000000000 ) ) ;
#1759 = AXIS2_PLACEMENT_3D ( 'NONE', #3886, #4289, #4227 ) ;
#1760 = DIRECTION ( 'NONE',  ( 1.000000000000000000, 0.000000000000000000, 0.000000000000000000 ) ) ;
#1761 = ORIENTED_EDGE ( 'NONE', *, *, #590, .F. ) ;
#1762 = DIRECTION ( 'NONE',  ( 0.000000000000000000, 0.000000000000000000, -1.000000000000000000 ) ) ;
#1763 = DIRECTION ( 'NONE',  ( 1.000000000000000000, -0.000000000000000000, -0.000000000000000000 ) ) ;
#1764 = CIRCLE ( 'NONE', #1215, 3.499999999999999556 ) ;
#1765 = CIRCLE ( 'NONE', #556, 5.000000000000018652 ) ;
#1766 = CARTESIAN_POINT ( 'NONE',  ( 24.00000000000000000, 8.500000000000168754, -22.00000000000000355 ) ) ;
#1767 = CARTESIAN_POINT ( 'NONE',  ( -44.00000000000000000, 21.00000000000000000, -13.24999999999998401 ) ) ;
#1768 = CIRCLE ( 'NONE', #4431, 4.500000000000000888 ) ;
#1769 = CARTESIAN_POINT ( 'NONE',  ( 49.50000000000000711, 1.791014067545305011, -12.12882780804699223 ) ) ;
#1770 = VECTOR ( 'NONE', #1789, 1000.000000000000000 ) ;
#1771 = AXIS2_PLACEMENT_3D ( 'NONE', #930, #3092, #129 ) ;
#1772 = ORIENTED_EDGE ( 'NONE', *, *, #150, .F. ) ;
#1773 = EDGE_CURVE ( 'NONE', #5129, #2397, #910, .T. ) ;
#1774 = ORIENTED_EDGE ( 'NONE', *, *, #542, .F. ) ;
#1775 = ORIENTED_EDGE ( 'NONE', *, *, #4534, .T. ) ;
#1776 = CARTESIAN_POINT ( 'NONE',  ( -49.99999999999999289, 2.291014067545305455, -12.12882780804699223 ) ) ;
#1777 = VERTEX_POINT ( 'NONE', #1044 ) ;
#1778 = DIRECTION ( 'NONE',  ( 1.000000000000000000, -0.000000000000000000, -0.000000000000000000 ) ) ;
#1779 = AXIS2_PLACEMENT_3D ( 'NONE', #1766, #3521, #5275 ) ;
#1780 = ORIENTED_EDGE ( 'NONE', *, *, #4132, .T. ) ;
#1781 = ORIENTED_EDGE ( 'NONE', *, *, #5605, .F. ) ;
#1782 = FACE_OUTER_BOUND ( 'NONE', #3348, .T. ) ;
#1783 = CARTESIAN_POINT ( 'NONE',  ( -44.00000000000000000, 19.00000000000000000, 18.25000000000000355 ) ) ;
#1784 = EDGE_CURVE ( 'NONE', #4531, #2631, #5234, .T. ) ;
#1785 = DIRECTION ( 'NONE',  ( 0.000000000000000000, 0.000000000000000000, -1.000000000000000000 ) ) ;
#1786 = EDGE_CURVE ( 'NONE', #3179, #74, #651, .T. ) ;
#1787 = EDGE_CURVE ( 'NONE', #4488, #1528, #5422, .T. ) ;
#1788 = ORIENTED_EDGE ( 'NONE', *, *, #4422, .T. ) ;
#1789 = DIRECTION ( 'NONE',  ( -0.000000000000000000, -0.000000000000000000, -1.000000000000000000 ) ) ;
#1790 = CARTESIAN_POINT ( 'NONE',  ( 44.00000000000000000, 19.00000000000000000, 18.25000000000000355 ) ) ;
#1791 = DIRECTION ( 'NONE',  ( -0.000000000000000000, -0.000000000000000000, -1.000000000000000000 ) ) ;
#1792 = CIRCLE ( 'NONE', #223, 2.999999999999999112 ) ;
#1793 = CARTESIAN_POINT ( 'NONE',  ( -38.99999999999999289, 5.500000000000000000, 10.00000000000000178 ) ) ;
#1794 = CARTESIAN_POINT ( 'NONE',  ( 16.00000000000000000, 8.500000000000168754, -4.999999999999997335 ) ) ;
#1795 = LINE ( 'NONE', #3551, #5534 ) ;
#1796 = DIRECTION ( 'NONE',  ( -1.000000000000000000, 0.000000000000000000, 0.000000000000000000 ) ) ;
#1797 = VECTOR ( 'NONE', #4648, 1000.000000000000000 ) ;
#1798 = CIRCLE ( 'NONE', #615, 2.250000000000001776 ) ;
#1799 = ORIENTED_EDGE ( 'NONE', *, *, #509, .F. ) ;
#1800 = AXIS2_PLACEMENT_3D ( 'NONE', #854, #2722, #105 ) ;
#1801 = AXIS2_PLACEMENT_3D ( 'NONE', #4088, #1824, #2701 ) ;
#1802 = AXIS2_PLACEMENT_3D ( 'NONE', #1793, #3598, #488 ) ;
#1803 = CARTESIAN_POINT ( 'NONE',  ( -38.99999999999999289, 1.500000000000001332, 21.99999999999999645 ) ) ;
#1804 = ORIENTED_EDGE ( 'NONE', *, *, #2065, .T. ) ;
#1805 = ORIENTED_EDGE ( 'NONE', *, *, #509, .T. ) ;
#1806 = AXIS2_PLACEMENT_3D ( 'NONE', #4850, #552, #3207 ) ;
#1807 = CARTESIAN_POINT ( 'NONE',  ( 27.39407435200384811, 9.031278103258014056, 24.50000000000000000 ) ) ;
#1808 = PLANE ( 'NONE',  #2317 ) ;
#1809 = CC_DESIGN_DATE_AND_TIME_ASSIGNMENT ( #2775, #2354, ( #2230 ) ) ;
#1810 = CIRCLE ( 'NONE', #519, 0.5000000000000004441 ) ;
#1811 = DIRECTION ( 'NONE',  ( 1.000000000000000000, 0.000000000000000000, 0.000000000000000000 ) ) ;
#1812 = DIRECTION ( 'NONE',  ( 0.000000000000000000, 0.000000000000000000, -1.000000000000000000 ) ) ;
#1813 = CARTESIAN_POINT ( 'NONE',  ( -23.99999999999999645, 8.500000000000335731, -24.50000000000000000 ) ) ;
#1814 = EDGE_CURVE ( 'NONE', #5096, #596, #5283, .T. ) ;
#1815 = DIRECTION ( 'NONE',  ( -0.000000000000000000, 0.000000000000000000, 1.000000000000000000 ) ) ;
#1816 = ORIENTED_EDGE ( 'NONE', *, *, #1681, .T. ) ;
#1817 = LINE ( 'NONE', #5349, #2312 ) ;
#1818 = LINE ( 'NONE', #2328, #2041 ) ;
#1819 = CARTESIAN_POINT ( 'NONE',  ( -49.49999999999999289, 5.500000000000000888, 14.50000000000000178 ) ) ;
#1820 = ADVANCED_FACE ( 'NONE', ( #1346 ), #3670, .F. ) ;
#1821 = CARTESIAN_POINT ( 'NONE',  ( -49.49999999999999289, 14.70898593245469499, -11.87117219195301132 ) ) ;
#1822 = LINE ( 'NONE', #1305, #578 ) ;
#1823 = CARTESIAN_POINT ( 'NONE',  ( 50.00000000000000711, 20.00000000000000000, -15.62882780804699578 ) ) ;
#1824 = DIRECTION ( 'NONE',  ( 0.000000000000000000, -0.000000000000000000, 1.000000000000000000 ) ) ;
#1825 = EDGE_CURVE ( 'NONE', #4531, #846, #1577, .T. ) ;
#1826 = EDGE_LOOP ( 'NONE', ( #5408, #2356, #5353, #3855 ) ) ;
#1827 = CC_DESIGN_APPROVAL ( #3676, ( #1560 ) ) ;
#1828 = DIRECTION ( 'NONE',  ( 0.000000000000000000, 0.000000000000000000, -1.000000000000000000 ) ) ;
#1829 = ORIENTED_EDGE ( 'NONE', *, *, #2212, .T. ) ;
#1830 = EDGE_LOOP ( 'NONE', ( #1888, #2068, #3205, #5214 ) ) ;
#1831 = FACE_BOUND ( 'NONE', #4302, .T. ) ;
#1832 = CARTESIAN_POINT ( 'NONE',  ( -8.673617379884035472E-16, 9.031278103258014056, 15.00000000000000178 ) ) ;
#1833 = DIRECTION ( 'NONE',  ( -1.000000000000000000, 0.000000000000000000, -0.000000000000000000 ) ) ;
#1834 = CARTESIAN_POINT ( 'NONE',  ( -49.49999999999999289, 14.50000000000000000, 0.000000000000000000 ) ) ;
#1835 = CARTESIAN_POINT ( 'NONE',  ( 57.50000000000000711, 14.50000000000000000, -4.000000000000000888 ) ) ;
#1836 = ORIENTED_EDGE ( 'NONE', *, *, #3967, .T. ) ;
#1837 = LINE ( 'NONE', #4435, #2042 ) ;
#1838 = DIRECTION ( 'NONE',  ( -1.000000000000000000, 0.000000000000000000, 0.000000000000000000 ) ) ;
#1839 = DIRECTION ( 'NONE',  ( -0.000000000000000000, 0.000000000000000000, 1.000000000000000000 ) ) ;
#1840 = ADVANCED_FACE ( 'NONE', ( #582 ), #5333, .T. ) ;
#1841 = FACE_OUTER_BOUND ( 'NONE', #4567, .T. ) ;
#1842 = EDGE_CURVE ( 'NONE', #5141, #50, #1669, .T. ) ;
#1843 = CYLINDRICAL_SURFACE ( 'NONE', #2490, 5.000000000000018652 ) ;
#1844 = EDGE_LOOP ( 'NONE', ( #3918, #4459, #2048, #3554 ) ) ;
#1845 = DIRECTION ( 'NONE',  ( 0.000000000000000000, 0.000000000000000000, -1.000000000000000000 ) ) ;
#1846 = LINE ( 'NONE', #3633, #3832 ) ;
#1847 = CARTESIAN_POINT ( 'NONE',  ( 3.469446951953614189E-15, 8.500000000000000000, -22.00000000000000355 ) ) ;
#1848 = VERTEX_POINT ( 'NONE', #4855 ) ;
#1849 = VECTOR ( 'NONE', #1763, 1000.000000000000000 ) ;
#1850 = VECTOR ( 'NONE', #3979, 1000.000000000000000 ) ;
#1851 = DIRECTION ( 'NONE',  ( 0.000000000000000000, 0.000000000000000000, 1.000000000000000000 ) ) ;
#1852 = VECTOR ( 'NONE', #4144, 1000.000000000000000 ) ;
#1853 = AXIS2_PLACEMENT_3D ( 'NONE', #2749, #2327, #1762 ) ;
#1854 = ADVANCED_FACE ( 'NONE', ( #4372 ), #2398, .T. ) ;
#1855 = CARTESIAN_POINT ( 'NONE',  ( -38.99999999999999289, 19.00000000000000000, 21.99999999999999645 ) ) ;
#1856 = AXIS2_PLACEMENT_3D ( 'NONE', #5659, #4398, #1733 ) ;
#1857 = ORIENTED_EDGE ( 'NONE', *, *, #1885, .T. ) ;
#1858 = VERTEX_POINT ( 'NONE', #2183 ) ;
#1859 = VECTOR ( 'NONE', #281, 1000.000000000000000 ) ;
#1860 = DIRECTION ( 'NONE',  ( 0.000000000000000000, 0.000000000000000000, -1.000000000000000000 ) ) ;
#1861 = ORIENTED_EDGE ( 'NONE', *, *, #5605, .T. ) ;
#1862 = FACE_OUTER_BOUND ( 'NONE', #2971, .T. ) ;
#1863 = DIRECTION ( 'NONE',  ( 0.000000000000000000, -1.000000000000000000, 0.000000000000000000 ) ) ;
#1864 = LINE ( 'NONE', #508, #1706 ) ;
#1865 = DIRECTION ( 'NONE',  ( 0.000000000000000000, 0.000000000000000000, -1.000000000000000000 ) ) ;
#1866 = CIRCLE ( 'NONE', #4268, 4.000000000000000000 ) ;
#1867 = EDGE_LOOP ( 'NONE', ( #4265, #5545 ) ) ;
#1868 = DIRECTION ( 'NONE',  ( 0.000000000000000000, 0.000000000000000000, 1.000000000000000000 ) ) ;
#1869 = CARTESIAN_POINT ( 'NONE',  ( -22.23161276499844519, 12.99999999999999822, 21.99999999999999645 ) ) ;
#1870 = DIRECTION ( 'NONE',  ( 0.000000000000000000, 0.000000000000000000, -1.000000000000000000 ) ) ;
#1871 = ORIENTED_EDGE ( 'NONE', *, *, #87, .F. ) ;
#1872 = CARTESIAN_POINT ( 'NONE',  ( -49.49999999999999289, 14.50000000000000000, 10.00000000000000178 ) ) ;
#1873 = FACE_BOUND ( 'NONE', #4356, .T. ) ;
#1874 = EDGE_LOOP ( 'NONE', ( #2562, #131, #2716, #669 ) ) ;
#1875 = CARTESIAN_POINT ( 'NONE',  ( 30.50000000000000000, 8.500000000000000000, -24.50000000000000000 ) ) ;
#1876 = DIRECTION ( 'NONE',  ( 0.000000000000000000, 1.000000000000000000, 0.000000000000000000 ) ) ;
#1877 = DIRECTION ( 'NONE',  ( 0.000000000000000000, 0.000000000000000000, -1.000000000000000000 ) ) ;
#1878 = CIRCLE ( 'NONE', #2983, 4.000000000000000000 ) ;
#1879 = CARTESIAN_POINT ( 'NONE',  ( 12.00000000000000000, 8.500000000000168754, -25.00000000000000000 ) ) ;
#1880 = ADVANCED_FACE ( 'NONE', ( #3939 ), #4097, .T. ) ;
#1881 = ORIENTED_EDGE ( 'NONE', *, *, #2416, .F. ) ;
#1882 = VERTEX_POINT ( 'NONE', #3500 ) ;
#1883 = DIRECTION ( 'NONE',  ( -0.000000000000000000, 1.000000000000000000, -0.000000000000000000 ) ) ;
#1884 = ORIENTED_EDGE ( 'NONE', *, *, #2073, .T. ) ;
#1885 = EDGE_CURVE ( 'NONE', #782, #3320, #2372, .T. ) ;
#1886 = VECTOR ( 'NONE', #145, 1000.000000000000000 ) ;
#1887 = ADVANCED_FACE ( 'NONE', ( #4424 ), #1315, .F. ) ;
#1888 = ORIENTED_EDGE ( 'NONE', *, *, #1633, .T. ) ;
#1889 = CIRCLE ( 'NONE', #3172, 0.5000000000000004441 ) ;
#1890 = VECTOR ( 'NONE', #3432, 1000.000000000000000 ) ;
#1891 = DIRECTION ( 'NONE',  ( 0.000000000000000000, 0.000000000000000000, 1.000000000000000000 ) ) ;
#1892 = AXIS2_PLACEMENT_3D ( 'NONE', #789, #3523, #3876 ) ;
#1893 = FACE_OUTER_BOUND ( 'NONE', #544, .T. ) ;
#1894 = EDGE_CURVE ( 'NONE', #5640, #4066, #1370, .T. ) ;
#1895 = AXIS2_PLACEMENT_3D ( 'NONE', #2063, #1491, #3248 ) ;
#1896 = ORIENTED_EDGE ( 'NONE', *, *, #2799, .T. ) ;
#1897 = EDGE_CURVE ( 'NONE', #1882, #135, #2032, .T. ) ;
#1898 = CARTESIAN_POINT ( 'NONE',  ( -38.99999999999999289, 5.500000000000000000, 0.000000000000000000 ) ) ;
#1899 = CARTESIAN_POINT ( 'NONE',  ( -49.49999999999999289, 14.70898593245469499, -12.12882780804699223 ) ) ;
#1900 = EDGE_LOOP ( 'NONE', ( #4587, #1289, #2337, #2390 ) ) ;
#1901 = AXIS2_PLACEMENT_3D ( 'NONE', #637, #5412, #3690 ) ;
#1902 = DIRECTION ( 'NONE',  ( -1.000000000000000000, -0.000000000000000000, -0.000000000000000000 ) ) ;
#1903 = CARTESIAN_POINT ( 'NONE',  ( 39.00000000000000711, 5.500000000000000000, 10.00000000000000178 ) ) ;
#1904 = CARTESIAN_POINT ( 'NONE',  ( 19.23161276499841321, 12.99999999999999822, 21.99999999999999645 ) ) ;
#1905 = CARTESIAN_POINT ( 'NONE',  ( -38.99999999999999289, 14.50000000000000000, 0.000000000000000000 ) ) ;
#1906 = FACE_BOUND ( 'NONE', #1450, .T. ) ;
#1907 = ORIENTED_EDGE ( 'NONE', *, *, #1927, .T. ) ;
#1908 = DIRECTION ( 'NONE',  ( 0.000000000000000000, 0.000000000000000000, -1.000000000000000000 ) ) ;
#1909 = DIRECTION ( 'NONE',  ( -0.000000000000000000, -0.000000000000000000, 1.000000000000000000 ) ) ;
#1910 = CARTESIAN_POINT ( 'NONE',  ( -26.70078182156721525, 9.031278103258014056, 24.50000000000000000 ) ) ;
#1911 = EDGE_LOOP ( 'NONE', ( #4443, #1804, #3923, #4036, #412 ) ) ;
#1912 = ORIENTED_EDGE ( 'NONE', *, *, #4394, .T. ) ;
#1913 = DIRECTION ( 'NONE',  ( 0.000000000000000000, 0.000000000000000000, -1.000000000000000000 ) ) ;
#1914 = AXIS2_PLACEMENT_3D ( 'NONE', #4882, #533, #2187 ) ;
#1915 = ORIENTED_EDGE ( 'NONE', *, *, #1253, .T. ) ;
#1916 = DIRECTION ( 'NONE',  ( -1.000000000000000000, -0.000000000000000000, -0.000000000000000000 ) ) ;
#1917 = EDGE_LOOP ( 'NONE', ( #805, #2305, #1746, #5259 ) ) ;
#1918 = EDGE_CURVE ( 'NONE', #1023, #1283, #379, .T. ) ;
#1919 = ORIENTED_EDGE ( 'NONE', *, *, #3440, .F. ) ;
#1920 = DIRECTION ( 'NONE',  ( 0.000000000000000000, -1.000000000000000000, 0.000000000000000000 ) ) ;
#1921 = EDGE_CURVE ( 'NONE', #1059, #3154, #1381, .T. ) ;
#1922 = APPROVAL_ROLE ( '' ) ;
#1923 = ORIENTED_EDGE ( 'NONE', *, *, #1231, .F. ) ;
#1924 = DIRECTION ( 'NONE',  ( -0.000000000000000000, -1.000000000000000000, -0.000000000000000000 ) ) ;
#1925 = DIRECTION ( 'NONE',  ( -1.000000000000000000, 0.000000000000000000, 0.000000000000000000 ) ) ;
#1926 = ORIENTED_EDGE ( 'NONE', *, *, #4735, .F. ) ;
#1927 = EDGE_CURVE ( 'NONE', #825, #1258, #4966, .T. ) ;
#1928 = CARTESIAN_POINT ( 'NONE',  ( 4.000000000000000000, 9.031278103258014056, 15.00000000000000178 ) ) ;
#1929 = DIRECTION ( 'NONE',  ( -0.000000000000000000, -0.000000000000000000, 1.000000000000000000 ) ) ;
#1930 = DIRECTION ( 'NONE',  ( 0.000000000000000000, 0.000000000000000000, 1.000000000000000000 ) ) ;
#1931 = VERTEX_POINT ( 'NONE', #274 ) ;
#1932 = DIRECTION ( 'NONE',  ( 0.000000000000000000, 0.000000000000000000, 1.000000000000000000 ) ) ;
#1933 = FACE_OUTER_BOUND ( 'NONE', #685, .T. ) ;
#1934 = ORIENTED_EDGE ( 'NONE', *, *, #583, .T. ) ;
#1935 = CARTESIAN_POINT ( 'NONE',  ( 16.00000000000000000, 8.500000000000168754, -22.00000000000000355 ) ) ;
#1936 = ORIENTED_EDGE ( 'NONE', *, *, #1082, .T. ) ;
#1937 = CARTESIAN_POINT ( 'NONE',  ( -16.23161276499844519, 12.99999999999999822, 24.50000000000000000 ) ) ;
#1938 = DIRECTION ( 'NONE',  ( 0.000000000000000000, -1.000000000000000000, 0.000000000000000000 ) ) ;
#1939 = ORIENTED_EDGE ( 'NONE', *, *, #4680, .F. ) ;
#1940 = ORIENTED_EDGE ( 'NONE', *, *, #1107, .F. ) ;
#1941 = AXIS2_PLACEMENT_3D ( 'NONE', #687, #5406, #3686 ) ;
#1942 = ORIENTED_EDGE ( 'NONE', *, *, #3829, .T. ) ;
#1943 = PLANE ( 'NONE',  #4789 ) ;
#1944 = DIRECTION ( 'NONE',  ( 1.000000000000000000, -0.000000000000000000, -0.000000000000000000 ) ) ;
#1945 = ORIENTED_EDGE ( 'NONE', *, *, #3189, .F. ) ;
#1946 = CIRCLE ( 'NONE', #2038, 3.837538412994570436 ) ;
#1947 = TOROIDAL_SURFACE ( 'NONE', #5171, 4.499999999999999112, 0.5000000000000000000 ) ;
#1948 = ORIENTED_EDGE ( 'NONE', *, *, #1462, .F. ) ;
#1949 = ADVANCED_FACE ( 'NONE', ( #3707 ), #1295, .T. ) ;
#1950 = AXIS2_PLACEMENT_3D ( 'NONE', #636, #3804, #229 ) ;
#1951 = CARTESIAN_POINT ( 'NONE',  ( -38.99999999999999289, 5.291014067545305011, -15.12882780804699223 ) ) ;
#1952 = EDGE_LOOP ( 'NONE', ( #5649, #4111, #2019, #2844 ) ) ;
#1953 = CIRCLE ( 'NONE', #760, 4.500000000000000888 ) ;
#1954 = DIRECTION ( 'NONE',  ( 0.000000000000000000, -1.000000000000000000, 0.000000000000000000 ) ) ;
#1955 = EDGE_LOOP ( 'NONE', ( #3276, #4575 ) ) ;
#1956 = FACE_OUTER_BOUND ( 'NONE', #4330, .T. ) ;
#1957 = ORIENTED_EDGE ( 'NONE', *, *, #2634, .F. ) ;
#1958 = DIRECTION ( 'NONE',  ( 0.000000000000000000, 0.000000000000000000, -1.000000000000000000 ) ) ;
#1959 = CARTESIAN_POINT ( 'NONE',  ( 24.00000000000000000, 8.500000000000168754, -24.50000000000000000 ) ) ;
#1960 = CARTESIAN_POINT ( 'NONE',  ( -38.99999999999999289, 1.500000000000001332, -15.12882780804699223 ) ) ;
#1961 = ORIENTED_EDGE ( 'NONE', *, *, #5592, .T. ) ;
#1962 = CYLINDRICAL_SURFACE ( 'NONE', #4006, 0.5000000000000004441 ) ;
#1963 = DIRECTION ( 'NONE',  ( 0.000000000000000000, -1.000000000000000000, 0.000000000000000000 ) ) ;
#1964 = EDGE_CURVE ( 'NONE', #2936, #315, #1006, .T. ) ;
#1965 = ADVANCED_FACE ( 'NONE', ( #5459 ), #213, .F. ) ;
#1966 = EDGE_LOOP ( 'NONE', ( #2320, #2593, #471, #1010, #313 ) ) ;
#1967 = DIRECTION ( 'NONE',  ( 0.000000000000000000, 1.000000000000000000, -0.000000000000000000 ) ) ;
#1968 = CARTESIAN_POINT ( 'NONE',  ( -27.20078182156721880, 9.031278103258014056, 24.50000000000000000 ) ) ;
#1969 = ORIENTED_EDGE ( 'NONE', *, *, #1148, .F. ) ;
#1970 = ORIENTED_EDGE ( 'NONE', *, *, #1784, .F. ) ;
#1971 = ADVANCED_FACE ( 'NONE', ( #244 ), #3332, .T. ) ;
#1972 = ORIENTED_EDGE ( 'NONE', *, *, #273, .F. ) ;
#1973 = DIRECTION ( 'NONE',  ( 0.000000000000000000, 0.000000000000000000, 1.000000000000000000 ) ) ;
#1974 = CARTESIAN_POINT ( 'NONE',  ( -44.00000000000000000, 19.00000000000000000, -13.24999999999998401 ) ) ;
#1975 = CIRCLE ( 'NONE', #2520, 4.500000000000002665 ) ;
#1976 = ORIENTED_EDGE ( 'NONE', *, *, #3638, .T. ) ;
#1977 = ORIENTED_EDGE ( 'NONE', *, *, #2148, .F. ) ;
#1978 = ORIENTED_EDGE ( 'NONE', *, *, #5102, .T. ) ;
#1979 = CARTESIAN_POINT ( 'NONE',  ( 25.23161276499842032, 5.062556206516027224, 24.50000000000000000 ) ) ;
#1980 = AXIS2_PLACEMENT_3D ( 'NONE', #3588, #1863, #3620 ) ;
#1981 = VERTEX_POINT ( 'NONE', #1513 ) ;
#1982 = AXIS2_PLACEMENT_3D ( 'NONE', #5134, #2964, #1652 ) ;
#1983 = VECTOR ( 'NONE', #1376, 1000.000000000000000 ) ;
#1984 = ORIENTED_EDGE ( 'NONE', *, *, #4410, .T. ) ;
#1985 = DIRECTION ( 'NONE',  ( -0.000000000000000000, 1.000000000000000000, -0.000000000000000000 ) ) ;
#1986 = EDGE_LOOP ( 'NONE', ( #2711, #5602 ) ) ;
#1987 = DIRECTION ( 'NONE',  ( 1.000000000000000000, -0.000000000000000000, -0.000000000000000000 ) ) ;
#1988 = CARTESIAN_POINT ( 'NONE',  ( 50.00000000000000711, 1.791014067545305011, -11.87117219195301132 ) ) ;
#1989 = AXIS2_PLACEMENT_3D ( 'NONE', #3552, #1004, #3573 ) ;
#1990 = DIRECTION ( 'NONE',  ( -0.000000000000000000, -0.000000000000000000, -1.000000000000000000 ) ) ;
#1991 = VERTEX_POINT ( 'NONE', #1200 ) ;
#1992 = DIRECTION ( 'NONE',  ( 0.000000000000000000, 0.000000000000000000, 1.000000000000000000 ) ) ;
#1993 = ADVANCED_FACE ( 'NONE', ( #5088 ), #1574, .T. ) ;
#1994 = DIRECTION ( 'NONE',  ( 0.000000000000000000, 1.000000000000000000, 0.000000000000000000 ) ) ;
#1995 = AXIS2_PLACEMENT_3D ( 'NONE', #796, #1727, #4313 ) ;
#1996 = CARTESIAN_POINT ( 'NONE',  ( -45.00000000000000000, 19.00000000000000000, 25.00000000000000000 ) ) ;
#1997 = CARTESIAN_POINT ( 'NONE',  ( -38.99999999999999289, 17.70898593245469499, 21.99999999999999645 ) ) ;
#1998 = CARTESIAN_POINT ( 'NONE',  ( -49.49999999999999289, 14.50000000000000000, 14.50000000000000178 ) ) ;
#1999 = ADVANCED_FACE ( 'NONE', ( #648 ), #2948, .F. ) ;
#2000 = AXIS2_PLACEMENT_3D ( 'NONE', #2671, #734, #2546 ) ;
#2001 = DIRECTION ( 'NONE',  ( 0.000000000000000000, 0.000000000000000000, -1.000000000000000000 ) ) ;
#2002 = VERTEX_POINT ( 'NONE', #2402 ) ;
#2003 = DIRECTION ( 'NONE',  ( 1.000000000000000000, 0.000000000000000000, 0.000000000000000000 ) ) ;
#2004 = DIRECTION ( 'NONE',  ( 0.000000000000000000, 0.000000000000000000, 1.000000000000000000 ) ) ;
#2005 = ADVANCED_FACE ( 'NONE', ( #3305, #1603 ), #1943, .T. ) ;
#2006 = VERTEX_POINT ( 'NONE', #4707 ) ;
#2007 = ORIENTED_EDGE ( 'NONE', *, *, #2921, .T. ) ;
#2008 = CARTESIAN_POINT ( 'NONE',  ( 50.00000000000000711, 5.500000000000000000, 0.000000000000000000 ) ) ;
#2009 = ORIENTED_EDGE ( 'NONE', *, *, #4832, .T. ) ;
#2010 = AXIS2_PLACEMENT_3D ( 'NONE', #5590, #5561, #4756 ) ;
#2011 = PERSON_AND_ORGANIZATION_ROLE ( 'design_owner' ) ;
#2012 = ORIENTED_EDGE ( 'NONE', *, *, #521, .F. ) ;
#2013 = CARTESIAN_POINT ( 'NONE',  ( -44.00000000000000000, 21.00000000000000000, 13.24999999999999822 ) ) ;
#2014 = APPROVAL_PERSON_ORGANIZATION ( #5580, #5287, #4285 ) ;
#2015 = ORIENTED_EDGE ( 'NONE', *, *, #1119, .T. ) ;
#2016 = DIRECTION ( 'NONE',  ( 0.000000000000000000, 0.000000000000000000, 1.000000000000000000 ) ) ;
#2017 = CARTESIAN_POINT ( 'NONE',  ( -27.20078182156721880, 9.031278103258014056, 21.99999999999999645 ) ) ;
#2018 = DIRECTION ( 'NONE',  ( 1.000000000000000000, -0.000000000000000000, -0.000000000000000000 ) ) ;
#2019 = ORIENTED_EDGE ( 'NONE', *, *, #4174, .T. ) ;
#2020 = DIRECTION ( 'NONE',  ( 0.000000000000000000, 1.000000000000000000, 0.000000000000000000 ) ) ;
#2021 = FACE_BOUND ( 'NONE', #4086, .T. ) ;
#2022 = CARTESIAN_POINT ( 'NONE',  ( 25.73161276499842032, 12.99999999999999822, 24.50000000000000000 ) ) ;
#2023 = DIRECTION ( 'NONE',  ( -0.000000000000000000, -0.000000000000000000, 1.000000000000000000 ) ) ;
#2024 = DIRECTION ( 'NONE',  ( -0.000000000000000000, 0.000000000000000000, 1.000000000000000000 ) ) ;
#2025 = EDGE_CURVE ( 'NONE', #1540, #3889, #284, .T. ) ;
#2026 = EDGE_CURVE ( 'NONE', #2124, #975, #5692, .T. ) ;
#2027 = CARTESIAN_POINT ( 'NONE',  ( 18.73161276499841321, 5.062556206516027224, 25.00000000000000000 ) ) ;
#2028 = EDGE_LOOP ( 'NONE', ( #3974, #1836, #1086, #1102 ) ) ;
#2029 = DIRECTION ( 'NONE',  ( -0.000000000000000000, -0.000000000000000000, 1.000000000000000000 ) ) ;
#2030 = CARTESIAN_POINT ( 'NONE',  ( 44.00000000000000000, 19.00000000000000000, -13.25000000000001243 ) ) ;
#2031 = ORIENTED_EDGE ( 'NONE', *, *, #1723, .T. ) ;
#2032 = CIRCLE ( 'NONE', #5613, 4.500000000000000888 ) ;
#2033 = ORIENTED_EDGE ( 'NONE', *, *, #5652, .T. ) ;
#2034 = EDGE_CURVE ( 'NONE', #5689, #4937, #1174, .T. ) ;
#2035 = EDGE_CURVE ( 'NONE', #4077, #2280, #5159, .T. ) ;
#2036 = ADVANCED_FACE ( 'NONE', ( #1109 ), #2859, .F. ) ;
#2037 = CARTESIAN_POINT ( 'NONE',  ( -45.00000000000000000, 20.00000000000000000, 25.00000000000000000 ) ) ;
#2038 = AXIS2_PLACEMENT_3D ( 'NONE', #3325, #4272, #2480 ) ;
#2039 = CIRCLE ( 'NONE', #1016, 4.500000000000000888 ) ;
#2040 = EDGE_LOOP ( 'NONE', ( #2313, #406, #3660, #4048 ) ) ;
#2041 = VECTOR ( 'NONE', #939, 1000.000000000000000 ) ;
#2042 = VECTOR ( 'NONE', #485, 1000.000000000000000 ) ;
#2043 = CARTESIAN_POINT ( 'NONE',  ( 49.50000000000000711, 5.500000000000000000, 0.000000000000000000 ) ) ;
#2044 = VERTEX_POINT ( 'NONE', #5146 ) ;
#2045 = DIRECTION ( 'NONE',  ( 0.000000000000000000, 0.000000000000000000, -1.000000000000000000 ) ) ;
#2046 = CARTESIAN_POINT ( 'NONE',  ( 22.23161276499842387, 5.062556206516027224, 25.00000000000000000 ) ) ;
#2047 = DIRECTION ( 'NONE',  ( 0.000000000000000000, 1.000000000000000000, -0.000000000000000000 ) ) ;
#2048 = ORIENTED_EDGE ( 'NONE', *, *, #4105, .T. ) ;
#2049 = DIRECTION ( 'NONE',  ( 1.224646799147353207E-16, 1.000000000000000000, -0.000000000000000000 ) ) ;
#2050 = VECTOR ( 'NONE', #3559, 1000.000000000000000 ) ;
#2051 = CARTESIAN_POINT ( 'NONE',  ( -23.99999999999999645, 8.500000000000335731, -22.00000000000000355 ) ) ;
#2052 = LINE ( 'NONE', #4301, #785 ) ;
#2053 = ORIENTED_EDGE ( 'NONE', *, *, #4054, .T. ) ;
#2054 = CARTESIAN_POINT ( 'NONE',  ( 10.23161276499841144, 12.99999999999999822, 24.50000000000000000 ) ) ;
#2055 = CARTESIAN_POINT ( 'NONE',  ( 39.00000000000000711, 5.500000000000000000, 10.00000000000000178 ) ) ;
#2056 = VECTOR ( 'NONE', #5488, 1000.000000000000000 ) ;
#2057 = DIRECTION ( 'NONE',  ( 0.000000000000000000, 0.000000000000000000, -1.000000000000000000 ) ) ;
#2058 = CARTESIAN_POINT ( 'NONE',  ( -44.00000000000000000, 21.00000000000000000, 18.25000000000000355 ) ) ;
#2059 = CIRCLE ( 'NONE', #2516, 4.000000000000000000 ) ;
#2060 = DIRECTION ( 'NONE',  ( 1.000000000000000000, 0.000000000000000000, 0.000000000000000000 ) ) ;
#2061 = ORIENTED_EDGE ( 'NONE', *, *, #5237, .T. ) ;
#2062 = EDGE_CURVE ( 'NONE', #5007, #2124, #4696, .T. ) ;
#2063 = CARTESIAN_POINT ( 'NONE',  ( 22.23161276499842387, 5.062556206516027224, 24.50000000000000000 ) ) ;
#2064 = EDGE_CURVE ( 'NONE', #4904, #1777, #2660, .T. ) ;
#2065 = EDGE_CURVE ( 'NONE', #2006, #5611, #2600, .T. ) ;
#2066 = ORIENTED_EDGE ( 'NONE', *, *, #3894, .T. ) ;
#2067 = DIRECTION ( 'NONE',  ( 0.000000000000000000, 1.000000000000000000, 0.000000000000000000 ) ) ;
#2068 = ORIENTED_EDGE ( 'NONE', *, *, #3956, .F. ) ;
#2069 = DIRECTION ( 'NONE',  ( -0.000000000000000000, -1.000000000000000000, -0.000000000000000000 ) ) ;
#2070 = VECTOR ( 'NONE', #3262, 1000.000000000000000 ) ;
#2071 = DIRECTION ( 'NONE',  ( 0.000000000000000000, 0.000000000000000000, -1.000000000000000000 ) ) ;
#2072 = CARTESIAN_POINT ( 'NONE',  ( 19.23161276499841321, 5.062556206516027224, 15.00000000000000178 ) ) ;
#2073 = EDGE_CURVE ( 'NONE', #2149, #1931, #362, .T. ) ;
#2074 = EDGE_LOOP ( 'NONE', ( #2555, #855, #3250, #1728 ) ) ;
#2075 = DIRECTION ( 'NONE',  ( 0.000000000000000000, 0.000000000000000000, -1.000000000000000000 ) ) ;
#2076 = CIRCLE ( 'NONE', #3546, 2.250000000000001776 ) ;
#2077 = CARTESIAN_POINT ( 'NONE',  ( 39.00000000000000711, 19.00000000000000000, 21.99999999999999645 ) ) ;
#2078 = DIRECTION ( 'NONE',  ( -0.000000000000000000, 1.000000000000000000, -0.000000000000000000 ) ) ;
#2079 = AXIS2_PLACEMENT_3D ( 'NONE', #970, #2727, #4491 ) ;
#2080 = ORIENTED_EDGE ( 'NONE', *, *, #1458, .F. ) ;
#2081 = LINE ( 'NONE', #4331, #1339 ) ;
#2082 = CARTESIAN_POINT ( 'NONE',  ( -49.99999999999999289, 14.70898593245469499, -11.87117219195301132 ) ) ;
#2083 = VECTOR ( 'NONE', #5626, 1000.000000000000000 ) ;
#2084 = CIRCLE ( 'NONE', #4754, 0.5000000000000004441 ) ;
#2085 = CARTESIAN_POINT ( 'NONE',  ( -34.99999999999999289, 8.500000000000000000, -24.50000000000000000 ) ) ;
#2086 = DIRECTION ( 'NONE',  ( -1.000000000000000000, 0.000000000000000000, 0.000000000000000000 ) ) ;
#2087 = DIRECTION ( 'NONE',  ( 0.000000000000000000, 0.000000000000000000, 1.000000000000000000 ) ) ;
#2088 = AXIS2_PLACEMENT_3D ( 'NONE', #4000, #2116, #3417 ) ;
#2089 = ORIENTED_EDGE ( 'NONE', *, *, #1162, .T. ) ;
#2090 = CARTESIAN_POINT ( 'NONE',  ( 16.50000000000000000, 8.500000000000168754, -24.50000000000000000 ) ) ;
#2091 = ADVANCED_FACE ( 'NONE', ( #1335 ), #3953, .T. ) ;
#2092 = ADVANCED_FACE ( 'NONE', ( #5671 ), #3641, .T. ) ;
#2093 = COORDINATED_UNIVERSAL_TIME_OFFSET ( 1, 0, .AHEAD. ) ;
#2094 = ORIENTED_EDGE ( 'NONE', *, *, #1196, .F. ) ;
#2095 = EDGE_CURVE ( 'NONE', #2581, #3614, #3082, .T. ) ;
#2096 = LINE ( 'NONE', #4689, #3326 ) ;
#2097 = ORIENTED_EDGE ( 'NONE', *, *, #86, .T. ) ;
#2098 = CYLINDRICAL_SURFACE ( 'NONE', #4340, 0.5000000000000004441 ) ;
#2099 = CARTESIAN_POINT ( 'NONE',  ( 10.23161276499841144, 12.99999999999999822, 24.50000000000000000 ) ) ;
#2100 = AXIS2_PLACEMENT_3D ( 'NONE', #3382, #5216, #5637 ) ;
#2101 = CARTESIAN_POINT ( 'NONE',  ( 17.00000000000000000, 14.70898593245469499, -12.12882780804699223 ) ) ;
#2102 = ORIENTED_EDGE ( 'NONE', *, *, #654, .F. ) ;
#2103 = CARTESIAN_POINT ( 'NONE',  ( -49.99999999999999289, 5.500000000000000000, 0.000000000000000000 ) ) ;
#2104 = CARTESIAN_POINT ( 'NONE',  ( 30.50000000000000000, 8.500000000000000000, -25.00000000000000000 ) ) ;
#2105 = VECTOR ( 'NONE', #2268, 1000.000000000000000 ) ;
#2106 = EDGE_CURVE ( 'NONE', #4428, #2567, #3282, .T. ) ;
#2107 = LINE ( 'NONE', #1659, #1247 ) ;
#2108 = ORIENTED_EDGE ( 'NONE', *, *, #3343, .F. ) ;
#2109 = CARTESIAN_POINT ( 'NONE',  ( 10.23161276499841144, 12.99999999999999822, 15.00000000000000178 ) ) ;
#2110 = CARTESIAN_POINT ( 'NONE',  ( -44.00000000000000000, 19.00000000000000000, 23.25000000000000711 ) ) ;
#2111 = CIRCLE ( 'NONE', #4283, 4.000000000000000888 ) ;
#2112 = CARTESIAN_POINT ( 'NONE',  ( 49.50000000000000711, 14.70898593245469499, -12.12882780804699223 ) ) ;
#2113 = CARTESIAN_POINT ( 'NONE',  ( -49.49999999999999289, 14.70898593245469499, -15.62882780804699223 ) ) ;
#2114 = CIRCLE ( 'NONE', #1087, 4.000000000000001776 ) ;
#2115 = CARTESIAN_POINT ( 'NONE',  ( -31.50000000000000000, 5.500000000000000888, 6.000000000000000888 ) ) ;
#2116 = DIRECTION ( 'NONE',  ( 1.000000000000000000, -0.000000000000000000, 0.000000000000000000 ) ) ;
#2117 = EDGE_LOOP ( 'NONE', ( #3494, #3932, #1761, #1972 ) ) ;
#2118 = EDGE_LOOP ( 'NONE', ( #1002, #1919, #971, #365 ) ) ;
#2119 = FACE_OUTER_BOUND ( 'NONE', #1874, .T. ) ;
#2120 = VECTOR ( 'NONE', #1287, 1000.000000000000000 ) ;
#2121 = EDGE_LOOP ( 'NONE', ( #3304, #1286, #5684, #2243, #167, #1342, #1321, #3962 ) ) ;
#2122 = AXIS2_PLACEMENT_3D ( 'NONE', #3856, #285, #2987 ) ;
#2123 = ADVANCED_FACE ( 'NONE', ( #5225 ), #1634, .T. ) ;
#2124 = VERTEX_POINT ( 'NONE', #4846 ) ;
#2125 = CIRCLE ( 'NONE', #2222, 4.000000000000001776 ) ;
#2126 = CARTESIAN_POINT ( 'NONE',  ( -10.23161276499843808, 12.99999999999999822, 24.50000000000000000 ) ) ;
#2127 = AXIS2_PLACEMENT_3D ( 'NONE', #1591, #4143, #1060 ) ;
#2128 = CARTESIAN_POINT ( 'NONE',  ( -49.49999999999999289, 5.500000000000000888, 4.500000000000000888 ) ) ;
#2129 = ORIENTED_EDGE ( 'NONE', *, *, #3443, .F. ) ;
#2130 = ORIENTED_EDGE ( 'NONE', *, *, #795, .T. ) ;
#2131 = DIRECTION ( 'NONE',  ( -0.000000000000000000, 0.000000000000000000, 1.000000000000000000 ) ) ;
#2132 = FACE_OUTER_BOUND ( 'NONE', #4635, .T. ) ;
#2133 = CIRCLE ( 'NONE', #4251, 2.250000000000001776 ) ;
#2134 = ADVANCED_FACE ( 'NONE', ( #1280 ), #2515, .F. ) ;
#2135 = DIRECTION ( 'NONE',  ( 1.000000000000000000, 0.000000000000000000, 0.000000000000000000 ) ) ;
#2136 = EDGE_LOOP ( 'NONE', ( #5456, #4553 ) ) ;
#2137 = FACE_BOUND ( 'NONE', #3032, .T. ) ;
#2138 = DIRECTION ( 'NONE',  ( 1.000000000000000000, 0.000000000000000000, 0.000000000000000000 ) ) ;
#2139 = CIRCLE ( 'NONE', #1395, 4.500000000000000888 ) ;
#2140 = ORIENTED_EDGE ( 'NONE', *, *, #5231, .T. ) ;
#2141 = ADVANCED_FACE ( 'NONE', ( #4275 ), #2624, .T. ) ;
#2142 = EDGE_CURVE ( 'NONE', #4264, #2667, #1227, .T. ) ;
#2143 = DIRECTION ( 'NONE',  ( 1.000000000000000000, -0.000000000000000000, -0.000000000000000000 ) ) ;
#2144 = CARTESIAN_POINT ( 'NONE',  ( -10.23161276499843808, 5.062556206516027224, 21.99999999999999645 ) ) ;
#2145 = AXIS2_PLACEMENT_3D ( 'NONE', #1114, #715, #3281 ) ;
#2146 = AXIS2_PLACEMENT_3D ( 'NONE', #3779, #5533, #3322 ) ;
#2147 = CARTESIAN_POINT ( 'NONE',  ( -49.49999999999999289, 14.70898593245469499, -8.871172191953011321 ) ) ;
#2148 = EDGE_CURVE ( 'NONE', #1497, #2124, #4308, .T. ) ;
#2149 = VERTEX_POINT ( 'NONE', #3444 ) ;
#2150 = AXIS2_PLACEMENT_3D ( 'NONE', #4588, #646, #4931 ) ;
#2151 = DIRECTION ( 'NONE',  ( 0.000000000000000000, 0.000000000000000000, 1.000000000000000000 ) ) ;
#2152 = VERTEX_POINT ( 'NONE', #5248 ) ;
#2153 = DIRECTION ( 'NONE',  ( -1.000000000000000000, 0.000000000000000000, 0.000000000000000000 ) ) ;
#2154 = ORIENTED_EDGE ( 'NONE', *, *, #5065, .T. ) ;
#2155 = DIRECTION ( 'NONE',  ( -1.000000000000000000, 0.000000000000000000, 0.000000000000000000 ) ) ;
#2156 = EDGE_LOOP ( 'NONE', ( #2794, #2207, #2897, #37, #3127 ) ) ;
#2157 = VERTEX_POINT ( 'NONE', #2147 ) ;
#2158 = CARTESIAN_POINT ( 'NONE',  ( 7.500000000000000000, 8.500000000000168754, -24.50000000000000000 ) ) ;
#2159 = AXIS2_PLACEMENT_3D ( 'NONE', #4573, #1954, #3716 ) ;
#2160 = FACE_OUTER_BOUND ( 'NONE', #1966, .T. ) ;
#2161 = DIRECTION ( 'NONE',  ( 0.000000000000000000, 0.000000000000000000, 1.000000000000000000 ) ) ;
#2162 = ORIENTED_EDGE ( 'NONE', *, *, #2279, .F. ) ;
#2163 = DIRECTION ( 'NONE',  ( -0.000000000000000000, -0.000000000000000000, -1.000000000000000000 ) ) ;
#2164 = DIRECTION ( 'NONE',  ( 1.000000000000000000, 0.000000000000000000, 0.000000000000000000 ) ) ;
#2165 = ADVANCED_FACE ( 'NONE', ( #3904 ), #5647, .T. ) ;
#2166 = AXIS2_PLACEMENT_3D ( 'NONE', #4087, #2427, #2788 ) ;
#2167 = LINE ( 'NONE', #389, #1336 ) ;
#2168 = CARTESIAN_POINT ( 'NONE',  ( 50.00000000000000711, 19.00000000000000000, 25.00000000000000000 ) ) ;
#2169 = AXIS2_PLACEMENT_3D ( 'NONE', #3899, #5641, #2594 ) ;
#2170 = VECTOR ( 'NONE', #4051, 1000.000000000000000 ) ;
#2171 = DIRECTION ( 'NONE',  ( 0.000000000000000000, 0.000000000000000000, 1.000000000000000000 ) ) ;
#2172 = EDGE_CURVE ( 'NONE', #2483, #4392, #2808, .T. ) ;
#2173 = VECTOR ( 'NONE', #208, 1000.000000000000000 ) ;
#2174 = CIRCLE ( 'NONE', #5031, 3.499999999999999556 ) ;
#2175 = ORIENTED_EDGE ( 'NONE', *, *, #2233, .T. ) ;
#2176 = VERTEX_POINT ( 'NONE', #3493 ) ;
#2177 = ADVANCED_FACE ( 'NONE', ( #1307 ), #3054, .F. ) ;
#2178 = AXIS2_PLACEMENT_3D ( 'NONE', #4463, #1442, #516 ) ;
#2179 = CARTESIAN_POINT ( 'NONE',  ( -44.00000000000000000, 20.00000000000000000, -20.50000000000000355 ) ) ;
#2180 = EDGE_LOOP ( 'NONE', ( #3954, #1648, #736, #1923 ) ) ;
#2181 = APPLICATION_CONTEXT ( 'configuration controlled 3d designs of mechanical parts and assemblies' ) ;
#2182 = PRODUCT_DEFINITION_SHAPE ( 'NONE', 'NONE',  #2230 ) ;
#2183 = CARTESIAN_POINT ( 'NONE',  ( -30.49999999999999289, 8.500000000000000000, -25.00000000000000000 ) ) ;
#2184 = EDGE_LOOP ( 'NONE', ( #2262, #1269, #403, #4853 ) ) ;
#2185 = DIRECTION ( 'NONE',  ( -0.000000000000000000, -0.000000000000000000, -1.000000000000000000 ) ) ;
#2186 = ORIENTED_EDGE ( 'NONE', *, *, #2589, .F. ) ;
#2187 = DIRECTION ( 'NONE',  ( 0.000000000000000000, 0.000000000000000000, 1.000000000000000000 ) ) ;
#2188 = DIRECTION ( 'NONE',  ( 0.000000000000000000, 0.000000000000000000, -1.000000000000000000 ) ) ;
#2189 = FACE_OUTER_BOUND ( 'NONE', #3457, .T. ) ;
#2190 = VERTEX_POINT ( 'NONE', #116 ) ;
#2191 = CARTESIAN_POINT ( 'NONE',  ( 39.00000000000000711, 5.291014067545305011, -8.871172191953011321 ) ) ;
#2192 = CARTESIAN_POINT ( 'NONE',  ( 17.00000000000000000, 2.291014067545305455, -12.12882780804699223 ) ) ;
#2193 = DIRECTION ( 'NONE',  ( 0.000000000000000000, 0.000000000000000000, 1.000000000000000000 ) ) ;
#2194 = ADVANCED_FACE ( 'NONE', ( #3605 ), #2227, .F. ) ;
#2195 = ADVANCED_FACE ( 'NONE', ( #1418 ), #5576, .T. ) ;
#2196 = DIRECTION ( 'NONE',  ( -1.000000000000000000, 0.000000000000000000, 0.000000000000000000 ) ) ;
#2197 = VECTOR ( 'NONE', #221, 1000.000000000000000 ) ;
#2198 = ORIENTED_EDGE ( 'NONE', *, *, #304, .F. ) ;
#2199 = DIRECTION ( 'NONE',  ( 1.000000000000000000, 0.000000000000000000, 0.000000000000000000 ) ) ;
#2200 = ORIENTED_EDGE ( 'NONE', *, *, #1534, .F. ) ;
#2201 = ADVANCED_FACE ( 'NONE', ( #31 ), #3135, .F. ) ;
#2202 = ORIENTED_EDGE ( 'NONE', *, *, #4282, .F. ) ;
#2203 = EDGE_CURVE ( 'NONE', #2617, #3061, #609, .T. ) ;
#2204 = EDGE_CURVE ( 'NONE', #2539, #2653, #5124, .T. ) ;
#2205 = DIRECTION ( 'NONE',  ( 0.000000000000000000, 0.000000000000000000, 1.000000000000000000 ) ) ;
#2206 = VECTOR ( 'NONE', #619, 1000.000000000000000 ) ;
#2207 = ORIENTED_EDGE ( 'NONE', *, *, #5449, .T. ) ;
#2208 = DIRECTION ( 'NONE',  ( -0.000000000000000000, -1.000000000000000000, -0.000000000000000000 ) ) ;
#2209 = ORIENTED_EDGE ( 'NONE', *, *, #2634, .T. ) ;
#2210 = EDGE_LOOP ( 'NONE', ( #1594, #212, #2439, #1465 ) ) ;
#2211 = DIRECTION ( 'NONE',  ( -1.000000000000000000, -0.000000000000000000, -0.000000000000000000 ) ) ;
#2212 = EDGE_CURVE ( 'NONE', #3357, #3345, #2904, .T. ) ;
#2213 = VECTOR ( 'NONE', #3015, 1000.000000000000000 ) ;
#2214 = CIRCLE ( 'NONE', #5429, 3.000000000000002665 ) ;
#2215 = LINE ( 'NONE', #3510, #5646 ) ;
#2216 = LINE ( 'NONE', #1835, #3737 ) ;
#2217 = ORIENTED_EDGE ( 'NONE', *, *, #278, .F. ) ;
#2218 = DIRECTION ( 'NONE',  ( -0.000000000000000000, -1.000000000000000000, -0.000000000000000000 ) ) ;
#2219 = DIRECTION ( 'NONE',  ( 0.000000000000000000, 0.000000000000000000, -1.000000000000000000 ) ) ;
#2220 = PLANE ( 'NONE',  #2178 ) ;
#2221 = CARTESIAN_POINT ( 'NONE',  ( 39.00000000000000711, 8.500000000000000000, -22.00000000000000355 ) ) ;
#2222 = AXIS2_PLACEMENT_3D ( 'NONE', #728, #1570, #701 ) ;
#2223 = AXIS2_PLACEMENT_3D ( 'NONE', #5357, #1417, #3107 ) ;
#2224 = PLANE ( 'NONE',  #3616 ) ;
#2225 = LINE ( 'NONE', #3132, #2763 ) ;
#2226 = CIRCLE ( 'NONE', #5340, 4.999999999999990230 ) ;
#2227 = PLANE ( 'NONE',  #4381 ) ;
#2228 = AXIS2_PLACEMENT_3D ( 'NONE', #2638, #876, #375 ) ;
#2229 = EDGE_LOOP ( 'NONE', ( #875, #1942, #164, #584 ) ) ;
#2230 = PRODUCT_DEFINITION ( 'UNKNOWN', '', #1560, #4470 ) ;
#2231 = DIRECTION ( 'NONE',  ( 1.000000000000000000, -0.000000000000000000, 0.000000000000000000 ) ) ;
#2232 = ORIENTED_EDGE ( 'NONE', *, *, #3448, .F. ) ;
#2233 = EDGE_CURVE ( 'NONE', #4115, #4659, #1846, .T. ) ;
#2234 = ORIENTED_EDGE ( 'NONE', *, *, #1749, .F. ) ;
#2235 = DIRECTION ( 'NONE',  ( -1.000000000000000000, 0.000000000000000000, 0.000000000000000000 ) ) ;
#2236 = ADVANCED_FACE ( 'NONE', ( #61 ), #1385, .F. ) ;
#2237 = CARTESIAN_POINT ( 'NONE',  ( 39.00000000000000711, 8.500000000000000000, -4.999999999999997335 ) ) ;
#2238 = TOROIDAL_SURFACE ( 'NONE', #5552, 4.500000000000000888, 0.5000000000000000000 ) ;
#2239 = ORIENTED_EDGE ( 'NONE', *, *, #1663, .T. ) ;
#2240 = CARTESIAN_POINT ( 'NONE',  ( -49.49999999999999289, 5.500000000000000000, 10.00000000000000178 ) ) ;
#2241 = CARTESIAN_POINT ( 'NONE',  ( 12.00000000000000000, 8.500000000000168754, -24.50000000000000000 ) ) ;
#2242 = DIRECTION ( 'NONE',  ( 0.000000000000000000, 0.000000000000000000, -1.000000000000000000 ) ) ;
#2243 = ORIENTED_EDGE ( 'NONE', *, *, #1264, .T. ) ;
#2244 = EDGE_CURVE ( 'NONE', #906, #1709, #4098, .T. ) ;
#2245 = CARTESIAN_POINT ( 'NONE',  ( 37.00000000000000711, 19.00000000000000355, -25.00000000000000000 ) ) ;
#2246 = CARTESIAN_POINT ( 'NONE',  ( -16.23161276499844519, 5.062556206516027224, 24.50000000000000000 ) ) ;
#2247 = CARTESIAN_POINT ( 'NONE',  ( 25.23161276499842032, 12.99999999999999822, 24.50000000000000000 ) ) ;
#2248 = CIRCLE ( 'NONE', #948, 4.000000000000000000 ) ;
#2249 = CARTESIAN_POINT ( 'NONE',  ( -35.26244370842961473, 9.031278103258014056, 24.50000000000000000 ) ) ;
#2250 = CARTESIAN_POINT ( 'NONE',  ( -35.26244370842961473, 9.031278103258014056, 21.99999999999999645 ) ) ;
#2251 = DIRECTION ( 'NONE',  ( 0.000000000000000000, 1.000000000000000000, 0.000000000000000000 ) ) ;
#2252 = FACE_OUTER_BOUND ( 'NONE', #955, .T. ) ;
#2253 = CIRCLE ( 'NONE', #334, 0.5000000000000004441 ) ;
#2254 = EDGE_LOOP ( 'NONE', ( #1108, #467, #5057, #634, #2785 ) ) ;
#2255 = AXIS2_PLACEMENT_3D ( 'NONE', #3153, #5687, #1355 ) ;
#2256 = AXIS2_PLACEMENT_3D ( 'NONE', #4807, #4834, #3971 ) ;
#2257 = CIRCLE ( 'NONE', #2999, 2.250000000000001776 ) ;
#2258 = CIRCLE ( 'NONE', #424, 4.500000000000000888 ) ;
#2259 = TOROIDAL_SURFACE ( 'NONE', #4747, 3.500000000000000000, 0.5000000000000000000 ) ;
#2260 = DIRECTION ( 'NONE',  ( 0.000000000000000000, 0.000000000000000000, 1.000000000000000000 ) ) ;
#2261 = ORIENTED_EDGE ( 'NONE', *, *, #278, .T. ) ;
#2262 = ORIENTED_EDGE ( 'NONE', *, *, #5137, .T. ) ;
#2263 = AXIS2_PLACEMENT_3D ( 'NONE', #5578, #843, #1668 ) ;
#2264 = EDGE_CURVE ( 'NONE', #4564, #3179, #5120, .T. ) ;
#2265 = LINE ( 'NONE', #4907, #2414 ) ;
#2266 = EDGE_CURVE ( 'NONE', #5096, #5564, #1362, .T. ) ;
#2267 = AXIS2_PLACEMENT_3D ( 'NONE', #4193, #3708, #2004 ) ;
#2268 = DIRECTION ( 'NONE',  ( 0.000000000000000000, 0.000000000000000000, -1.000000000000000000 ) ) ;
#2269 = CARTESIAN_POINT ( 'NONE',  ( 22.23161276499841676, 12.99999999999999822, 21.99999999999999645 ) ) ;
#2270 = DIRECTION ( 'NONE',  ( 0.000000000000000000, 0.000000000000000000, 1.000000000000000000 ) ) ;
#2271 = CARTESIAN_POINT ( 'NONE',  ( 49.50000000000000711, 2.291014067545305455, -11.87117219195301132 ) ) ;
#2272 = VERTEX_POINT ( 'NONE', #4411 ) ;
#2273 = DIRECTION ( 'NONE',  ( 0.000000000000000000, 0.000000000000000000, -1.000000000000000000 ) ) ;
#2274 = LINE ( 'NONE', #137, #3792 ) ;
#2275 = CARTESIAN_POINT ( 'NONE',  ( -19.49999999999999645, 8.500000000000335731, -24.50000000000000000 ) ) ;
#2276 = LINE ( 'NONE', #998, #1250 ) ;
#2277 = EDGE_CURVE ( 'NONE', #1931, #4932, #2707, .T. ) ;
#2278 = CARTESIAN_POINT ( 'NONE',  ( -49.99999999999999289, 19.00000000000000000, 25.00000000000000000 ) ) ;
#2279 = EDGE_CURVE ( 'NONE', #3426, #4590, #5207, .T. ) ;
#2280 = VERTEX_POINT ( 'NONE', #4060 ) ;
#2281 = DIRECTION ( 'NONE',  ( 1.224646799147353207E-16, 1.000000000000000000, -0.000000000000000000 ) ) ;
#2282 = DIRECTION ( 'NONE',  ( 0.000000000000000000, 0.000000000000000000, 1.000000000000000000 ) ) ;
#2283 = DIRECTION ( 'NONE',  ( -0.000000000000000000, 1.000000000000000000, -0.000000000000000000 ) ) ;
#2284 = ORIENTED_EDGE ( 'NONE', *, *, #3035, .F. ) ;
#2285 = VERTEX_POINT ( 'NONE', #2335 ) ;
#2286 = DIRECTION ( 'NONE',  ( 0.000000000000000000, 0.000000000000000000, 1.000000000000000000 ) ) ;
#2287 = ORIENTED_EDGE ( 'NONE', *, *, #1842, .T. ) ;
#2288 = VERTEX_POINT ( 'NONE', #4472 ) ;
#2289 = DIRECTION ( 'NONE',  ( 1.000000000000000000, 0.000000000000000000, 0.000000000000000000 ) ) ;
#2290 = CARTESIAN_POINT ( 'NONE',  ( 16.73161276499842387, 20.00000000000000000, 25.00000000000000000 ) ) ;
#2291 = DIRECTION ( 'NONE',  ( 1.000000000000000000, 0.000000000000000000, 0.000000000000000000 ) ) ;
#2292 = EDGE_CURVE ( 'NONE', #596, #437, #1062, .T. ) ;
#2293 = FACE_OUTER_BOUND ( 'NONE', #1911, .T. ) ;
#2294 = CARTESIAN_POINT ( 'NONE',  ( -13.23161276499844163, 12.99999999999999822, 21.99999999999999645 ) ) ;
#2295 = ORIENTED_EDGE ( 'NONE', *, *, #2487, .T. ) ;
#2296 = FACE_OUTER_BOUND ( 'NONE', #291, .T. ) ;
#2297 = DIRECTION ( 'NONE',  ( 0.000000000000000000, 0.000000000000000000, -1.000000000000000000 ) ) ;
#2298 = EDGE_LOOP ( 'NONE', ( #3821, #4749 ) ) ;
#2299 = DIRECTION ( 'NONE',  ( -1.224646799147353207E-16, 1.000000000000000000, 0.000000000000000000 ) ) ;
#2300 = EDGE_CURVE ( 'NONE', #1756, #4659, #146, .T. ) ;
#2301 = LINE ( 'NONE', #5354, #4813 ) ;
#2302 = ORIENTED_EDGE ( 'NONE', *, *, #2244, .T. ) ;
#2303 = DIRECTION ( 'NONE',  ( 0.000000000000000000, 0.000000000000000000, 1.000000000000000000 ) ) ;
#2304 = DIRECTION ( 'NONE',  ( -0.000000000000000000, 1.000000000000000000, 0.000000000000000000 ) ) ;
#2305 = ORIENTED_EDGE ( 'NONE', *, *, #1072, .F. ) ;
#2306 = ADVANCED_FACE ( 'NONE', ( #2252 ), #4923, .T. ) ;
#2307 = AXIS2_PLACEMENT_3D ( 'NONE', #908, #3004, #5691 ) ;
#2308 = ADVANCED_FACE ( 'NONE', ( #523 ), #4745, .T. ) ;
#2309 = CIRCLE ( 'NONE', #5251, 4.000000000000000000 ) ;
#2310 = CARTESIAN_POINT ( 'NONE',  ( -44.00000000000000000, 19.00000000000000000, -13.24999999999998401 ) ) ;
#2311 = AXIS2_PLACEMENT_3D ( 'NONE', #3950, #3466, #2646 ) ;
#2312 = VECTOR ( 'NONE', #1357, 1000.000000000000000 ) ;
#2313 = ORIENTED_EDGE ( 'NONE', *, *, #2370, .T. ) ;
#2314 = DIRECTION ( 'NONE',  ( 0.000000000000000000, 0.000000000000000000, 1.000000000000000000 ) ) ;
#2315 = EDGE_CURVE ( 'NONE', #5607, #4066, #5536, .T. ) ;
#2316 = EDGE_CURVE ( 'NONE', #840, #1753, #1167, .T. ) ;
#2317 = AXIS2_PLACEMENT_3D ( 'NONE', #4506, #42, #157 ) ;
#2318 = EDGE_LOOP ( 'NONE', ( #106, #4809, #1936, #4593, #5427, #4980, #3480, #3014, #78, #3535, #5003, #1481, #5483, #3381, #97 ) ) ;
#2319 = ORIENTED_EDGE ( 'NONE', *, *, #1072, .T. ) ;
#2320 = ORIENTED_EDGE ( 'NONE', *, *, #3368, .F. ) ;
#2321 = CARTESIAN_POINT ( 'NONE',  ( 44.00000000000000000, 21.00000000000000000, 20.50000000000000355 ) ) ;
#2322 = DIRECTION ( 'NONE',  ( -1.000000000000000000, 0.000000000000000000, 0.000000000000000000 ) ) ;
#2323 = ORIENTED_EDGE ( 'NONE', *, *, #3019, .F. ) ;
#2324 = CARTESIAN_POINT ( 'NONE',  ( -45.00000000000000000, 19.00000000000000000, -25.00000000000000000 ) ) ;
#2325 = FACE_BOUND ( 'NONE', #5368, .T. ) ;
#2326 = EDGE_LOOP ( 'NONE', ( #1948, #336, #4090, #5455 ) ) ;
#2327 = DIRECTION ( 'NONE',  ( 1.000000000000000000, -0.000000000000000000, 0.000000000000000000 ) ) ;
#2328 = CARTESIAN_POINT ( 'NONE',  ( 39.00000000000000711, 1.500000000000001332, -22.00000000000000355 ) ) ;
#2329 = LINE ( 'NONE', #1063, #5480 ) ;
#2330 = EDGE_LOOP ( 'NONE', ( #5018, #11, #93, #498 ) ) ;
#2331 = LINE ( 'NONE', #888, #3740 ) ;
#2332 = CARTESIAN_POINT ( 'NONE',  ( -31.23161276499841676, 9.031278103258014056, 24.50000000000000000 ) ) ;
#2333 = ORIENTED_EDGE ( 'NONE', *, *, #2863, .T. ) ;
#2334 = DIRECTION ( 'NONE',  ( -1.000000000000000000, 0.000000000000000000, -0.000000000000000000 ) ) ;
#2335 = CARTESIAN_POINT ( 'NONE',  ( -38.99999999999999289, 14.50000000000000000, -4.000000000000001776 ) ) ;
#2336 = DIRECTION ( 'NONE',  ( 0.000000000000000000, 0.000000000000000000, 1.000000000000000000 ) ) ;
#2337 = ORIENTED_EDGE ( 'NONE', *, *, #4447, .F. ) ;
#2338 = EDGE_CURVE ( 'NONE', #554, #596, #3635, .T. ) ;
#2339 = ORIENTED_EDGE ( 'NONE', *, *, #3083, .F. ) ;
#2340 = EDGE_CURVE ( 'NONE', #135, #1931, #2258, .T. ) ;
#2341 = ORIENTED_EDGE ( 'NONE', *, *, #4983, .F. ) ;
#2342 = AXIS2_PLACEMENT_3D ( 'NONE', #3841, #2970, #5615 ) ;
#2343 = CARTESIAN_POINT ( 'NONE',  ( -23.99999999999999645, 8.500000000000335731, -24.50000000000000000 ) ) ;
#2344 = EDGE_LOOP ( 'NONE', ( #1154, #14, #1984, #3762 ) ) ;
#2345 = LINE ( 'NONE', #4100, #2360 ) ;
#2346 = EDGE_LOOP ( 'NONE', ( #4325, #3849, #4232, #3229 ) ) ;
#2347 = AXIS2_PLACEMENT_3D ( 'NONE', #4808, #4836, #510 ) ;
#2348 = VERTEX_POINT ( 'NONE', #3728 ) ;
#2349 = ADVANCED_FACE ( 'NONE', ( #643 ), #1569, .F. ) ;
#2350 = VECTOR ( 'NONE', #994, 1000.000000000000000 ) ;
#2351 = VECTOR ( 'NONE', #2018, 1000.000000000000000 ) ;
#2352 = LINE ( 'NONE', #957, #5345 ) ;
#2353 = AXIS2_PLACEMENT_3D ( 'NONE', #1447, #3198, #5359 ) ;
#2354 = DATE_TIME_ROLE ( 'creation_date' ) ;
#2355 = AXIS2_PLACEMENT_3D ( 'NONE', #5279, #1394, #1366 ) ;
#2356 = ORIENTED_EDGE ( 'NONE', *, *, #162, .F. ) ;
#2357 = CARTESIAN_POINT ( 'NONE',  ( -44.00000000000000000, 20.00000000000000000, -18.25000000000000355 ) ) ;
#2358 = FACE_BOUND ( 'NONE', #2040, .T. ) ;
#2359 = ORIENTED_EDGE ( 'NONE', *, *, #4052, .T. ) ;
#2360 = VECTOR ( 'NONE', #154, 1000.000000000000000 ) ;
#2361 = CYLINDRICAL_SURFACE ( 'NONE', #4797, 4.000000000000000000 ) ;
#2362 = DIRECTION ( 'NONE',  ( 0.000000000000000000, 1.000000000000000000, -0.000000000000000000 ) ) ;
#2363 = DIRECTION ( 'NONE',  ( 1.000000000000000000, -0.000000000000000000, -0.000000000000000000 ) ) ;
#2364 = LINE ( 'NONE', #201, #793 ) ;
#2365 = CYLINDRICAL_SURFACE ( 'NONE', #2930, 4.000000000000000000 ) ;
#2366 = DIRECTION ( 'NONE',  ( 1.000000000000000000, 0.000000000000000000, -0.000000000000000000 ) ) ;
#2367 = CARTESIAN_POINT ( 'NONE',  ( 16.23161276499841676, 5.062556206516027224, 15.00000000000000178 ) ) ;
#2368 = DIRECTION ( 'NONE',  ( 0.000000000000000000, 0.000000000000000000, -1.000000000000000000 ) ) ;
#2369 = ORIENTED_EDGE ( 'NONE', *, *, #279, .F. ) ;
#2370 = EDGE_CURVE ( 'NONE', #173, #2539, #5453, .T. ) ;
#2371 = ORIENTED_EDGE ( 'NONE', *, *, #3139, .T. ) ;
#2372 = LINE ( 'NONE', #874, #3875 ) ;
#2373 = AXIS2_PLACEMENT_3D ( 'NONE', #670, #232, #4119 ) ;
#2374 = ORIENTED_EDGE ( 'NONE', *, *, #3547, .F. ) ;
#2375 = CARTESIAN_POINT ( 'NONE',  ( -9.731612764998438081, 12.99999999999999822, 24.50000000000000000 ) ) ;
#2376 = ORIENTED_EDGE ( 'NONE', *, *, #5448, .T. ) ;
#2377 = EDGE_LOOP ( 'NONE', ( #5413, #94, #4256, #3646 ) ) ;
#2378 = ORIENTED_EDGE ( 'NONE', *, *, #3104, .T. ) ;
#2379 = TOROIDAL_SURFACE ( 'NONE', #1368, 4.500000000000000888, 0.5000000000000000000 ) ;
#2380 = EDGE_CURVE ( 'NONE', #2767, #4150, #2853, .T. ) ;
#2381 = DIRECTION ( 'NONE',  ( -1.000000000000000000, -0.000000000000000000, -0.000000000000000000 ) ) ;
#2382 = ORIENTED_EDGE ( 'NONE', *, *, #468, .T. ) ;
#2383 = FACE_OUTER_BOUND ( 'NONE', #2693, .T. ) ;
#2384 = DIRECTION ( 'NONE',  ( 0.000000000000000000, 0.000000000000000000, -1.000000000000000000 ) ) ;
#2385 = VERTEX_POINT ( 'NONE', #4585 ) ;
#2386 = CARTESIAN_POINT ( 'NONE',  ( -49.49999999999999289, 14.50000000000000000, 0.000000000000000000 ) ) ;
#2387 = DIRECTION ( 'NONE',  ( -1.000000000000000000, 0.000000000000000000, 0.000000000000000000 ) ) ;
#2388 = CARTESIAN_POINT ( 'NONE',  ( -44.00000000000000000, 20.00000000000000000, 16.00000000000000000 ) ) ;
#2389 = EDGE_CURVE ( 'NONE', #324, #3206, #4005, .T. ) ;
#2390 = ORIENTED_EDGE ( 'NONE', *, *, #653, .F. ) ;
#2391 = CARTESIAN_POINT ( 'NONE',  ( 30.99999999999999645, 8.500000000000000000, -22.00000000000000355 ) ) ;
#2392 = DIRECTION ( 'NONE',  ( 0.000000000000000000, 0.000000000000000000, 1.000000000000000000 ) ) ;
#2393 = ORIENTED_EDGE ( 'NONE', *, *, #3730, .T. ) ;
#2394 = LINE ( 'NONE', #5479, #954 ) ;
#2395 = CARTESIAN_POINT ( 'NONE',  ( 50.00000000000000711, 14.50000000000000000, 0.000000000000000000 ) ) ;
#2396 = CARTESIAN_POINT ( 'NONE',  ( 27.89407435200384811, 9.031278103258014056, 24.50000000000000000 ) ) ;
#2397 = VERTEX_POINT ( 'NONE', #1968 ) ;
#2398 = TOROIDAL_SURFACE ( 'NONE', #4335, 4.499999999999999112, 0.5000000000000000000 ) ;
#2399 = ORIENTED_EDGE ( 'NONE', *, *, #1117, .F. ) ;
#2400 = CIRCLE ( 'NONE', #465, 4.000000000000000000 ) ;
#2401 = VERTEX_POINT ( 'NONE', #2054 ) ;
#2402 = CARTESIAN_POINT ( 'NONE',  ( 25.23161276499842032, 5.062556206516027224, 21.99999999999999645 ) ) ;
#2403 = CARTESIAN_POINT ( 'NONE',  ( 50.00000000000000711, 0.000000000000000000, 20.00000000000000000 ) ) ;
#2404 = EDGE_LOOP ( 'NONE', ( #4075, #5518, #4521, #538 ) ) ;
#2405 = AXIS2_PLACEMENT_3D ( 'NONE', #2055, #3813, #1632 ) ;
#2406 = AXIS2_PLACEMENT_3D ( 'NONE', #1028, #5527, #4669 ) ;
#2407 = ORIENTED_EDGE ( 'NONE', *, *, #2426, .F. ) ;
#2408 = ORIENTED_EDGE ( 'NONE', *, *, #1202, .T. ) ;
#2409 = AXIS2_PLACEMENT_3D ( 'NONE', #1903, #5323, #2726 ) ;
#2410 = DIRECTION ( 'NONE',  ( 0.000000000000000000, 0.000000000000000000, -1.000000000000000000 ) ) ;
#2411 = EDGE_CURVE ( 'NONE', #1702, #2635, #504, .T. ) ;
#2412 = CYLINDRICAL_SURFACE ( 'NONE', #269, 4.000000000000000000 ) ;
#2413 = ORIENTED_EDGE ( 'NONE', *, *, #158, .F. ) ;
#2414 = VECTOR ( 'NONE', #3211, 1000.000000000000000 ) ;
#2415 = AXIS2_PLACEMENT_3D ( 'NONE', #4213, #4267, #2910 ) ;
#2416 = EDGE_CURVE ( 'NONE', #2830, #3320, #241, .T. ) ;
#2417 = ADVANCED_FACE ( 'NONE', ( #4152 ), #3812, .F. ) ;
#2418 = PLANE ( 'NONE',  #1207 ) ;
#2419 = ORIENTED_EDGE ( 'NONE', *, *, #1392, .T. ) ;
#2420 = LINE ( 'NONE', #1928, #300 ) ;
#2421 = CARTESIAN_POINT ( 'NONE',  ( -38.99999999999999289, 14.50000000000000000, 4.000000000000001776 ) ) ;
#2422 = CARTESIAN_POINT ( 'NONE',  ( -11.99999999999999645, 8.500000000000168754, -25.00000000000000000 ) ) ;
#2423 = ORIENTED_EDGE ( 'NONE', *, *, #4561, .F. ) ;
#2424 = DIRECTION ( 'NONE',  ( 0.000000000000000000, 0.000000000000000000, 1.000000000000000000 ) ) ;
#2425 = DIRECTION ( 'NONE',  ( -1.000000000000000000, 0.000000000000000000, 0.000000000000000000 ) ) ;
#2426 = EDGE_CURVE ( 'NONE', #9, #2157, #3549, .T. ) ;
#2427 = DIRECTION ( 'NONE',  ( 0.000000000000000000, 1.000000000000000000, 0.000000000000000000 ) ) ;
#2428 = CARTESIAN_POINT ( 'NONE',  ( -19.23161276499844163, 5.062556206516027224, 15.00000000000000178 ) ) ;
#2429 = CARTESIAN_POINT ( 'NONE',  ( -49.99999999999999289, 10.00000000000000000, 10.00000000000000178 ) ) ;
#2430 = DIRECTION ( 'NONE',  ( -1.000000000000000000, 0.000000000000000000, 0.000000000000000000 ) ) ;
#2431 = ORIENTED_EDGE ( 'NONE', *, *, #3338, .T. ) ;
#2432 = DIRECTION ( 'NONE',  ( 0.000000000000000000, 0.000000000000000000, 1.000000000000000000 ) ) ;
#2433 = CYLINDRICAL_SURFACE ( 'NONE', #5660, 3.337538412994569992 ) ;
#2434 = AXIS2_PLACEMENT_3D ( 'NONE', #4019, #1436, #3992 ) ;
#2435 = ORIENTED_EDGE ( 'NONE', *, *, #5194, .T. ) ;
#2436 = VERTEX_POINT ( 'NONE', #4554 ) ;
#2437 = DIRECTION ( 'NONE',  ( 0.000000000000000000, 0.000000000000000000, 1.000000000000000000 ) ) ;
#2438 = CIRCLE ( 'NONE', #423, 2.250000000000001776 ) ;
#2439 = ORIENTED_EDGE ( 'NONE', *, *, #390, .F. ) ;
#2440 = VERTEX_POINT ( 'NONE', #5019 ) ;
#2441 = AXIS2_PLACEMENT_3D ( 'NONE', #2128, #1237, #1677 ) ;
#2442 = EDGE_CURVE ( 'NONE', #1258, #3371, #4215, .T. ) ;
#2443 = EDGE_CURVE ( 'NONE', #3061, #5233, #3358, .T. ) ;
#2444 = DIRECTION ( 'NONE',  ( 1.000000000000000000, 0.000000000000000000, 0.000000000000000000 ) ) ;
#2445 = ORIENTED_EDGE ( 'NONE', *, *, #3411, .T. ) ;
#2446 = DIRECTION ( 'NONE',  ( 0.000000000000000000, 0.000000000000000000, -1.000000000000000000 ) ) ;
#2447 = DIRECTION ( 'NONE',  ( 1.000000000000000000, 0.000000000000000000, -0.000000000000000000 ) ) ;
#2448 = CARTESIAN_POINT ( 'NONE',  ( 50.00000000000000711, 1.791014067545305455, -12.12882780804699223 ) ) ;
#2449 = AXIS2_PLACEMENT_3D ( 'NONE', #3140, #3580, #2769 ) ;
#2450 = ORIENTED_EDGE ( 'NONE', *, *, #1921, .F. ) ;
#2451 = CARTESIAN_POINT ( 'NONE',  ( -49.49999999999999289, 5.500000000000000000, 0.000000000000000000 ) ) ;
#2452 = DIRECTION ( 'NONE',  ( 0.000000000000000000, 0.000000000000000000, 1.000000000000000000 ) ) ;
#2453 = AXIS2_PLACEMENT_3D ( 'NONE', #214, #2800, #1514 ) ;
#2454 = CARTESIAN_POINT ( 'NONE',  ( 44.00000000000000000, 21.00000000000000000, 18.25000000000000355 ) ) ;
#2455 = DIRECTION ( 'NONE',  ( -0.000000000000000000, -1.000000000000000000, -0.000000000000000000 ) ) ;
#2456 = CARTESIAN_POINT ( 'NONE',  ( 31.23161276499841676, 9.031278103258014056, 21.99999999999999645 ) ) ;
#2457 = EDGE_CURVE ( 'NONE', #1991, #3610, #5113, .T. ) ;
#2458 = DIRECTION ( 'NONE',  ( 1.000000000000000000, 0.000000000000000000, 0.000000000000000000 ) ) ;
#2459 = CARTESIAN_POINT ( 'NONE',  ( -13.23161276499844163, 12.99999999999999822, 15.00000000000000178 ) ) ;
#2460 = LINE ( 'NONE', #5424, #1349 ) ;
#2461 = EDGE_LOOP ( 'NONE', ( #4210, #1546, #2975, #2399 ) ) ;
#2462 = ORIENTED_EDGE ( 'NONE', *, *, #4568, .F. ) ;
#2463 = CARTESIAN_POINT ( 'NONE',  ( 49.50000000000000711, 14.50000000000000000, 10.00000000000000178 ) ) ;
#2464 = AXIS2_PLACEMENT_3D ( 'NONE', #2563, #3094, #454 ) ;
#2465 = SECURITY_CLASSIFICATION_LEVEL ( 'unclassified' ) ;
#2466 = ORIENTED_EDGE ( 'NONE', *, *, #2589, .T. ) ;
#2467 = VECTOR ( 'NONE', #4551, 1000.000000000000000 ) ;
#2468 = CYLINDRICAL_SURFACE ( 'NONE', #2952, 4.000000000000000888 ) ;
#2469 = ORIENTED_EDGE ( 'NONE', *, *, #2919, .F. ) ;
#2470 = DIRECTION ( 'NONE',  ( -1.000000000000000000, 0.000000000000000000, 0.000000000000000000 ) ) ;
#2471 = LINE ( 'NONE', #690, #4250 ) ;
#2472 = FACE_OUTER_BOUND ( 'NONE', #5280, .T. ) ;
#2473 = ORIENTED_EDGE ( 'NONE', *, *, #1894, .T. ) ;
#2474 = DIRECTION ( 'NONE',  ( -0.000000000000000000, -1.000000000000000000, 0.000000000000000000 ) ) ;
#2475 = CARTESIAN_POINT ( 'NONE',  ( 44.00000000000000000, 19.00000000000000000, -18.25000000000000355 ) ) ;
#2476 = CC_DESIGN_DATE_AND_TIME_ASSIGNMENT ( #3798, #2576, ( #5054 ) ) ;
#2477 = CARTESIAN_POINT ( 'NONE',  ( 45.00000000000000711, 20.00000000000000000, 25.00000000000000000 ) ) ;
#2478 = ORIENTED_EDGE ( 'NONE', *, *, #2148, .T. ) ;
#2479 = CARTESIAN_POINT ( 'NONE',  ( 49.50000000000000711, 5.500000000000000000, 10.00000000000000178 ) ) ;
#2480 = DIRECTION ( 'NONE',  ( -1.000000000000000000, 0.000000000000000000, 0.000000000000000000 ) ) ;
#2481 = EDGE_CURVE ( 'NONE', #883, #4415, #3699, .T. ) ;
#2482 = DIRECTION ( 'NONE',  ( 0.000000000000000000, 1.000000000000000000, 0.000000000000000000 ) ) ;
#2483 = VERTEX_POINT ( 'NONE', #3438 ) ;
#2485 = ADVANCED_FACE ( 'NONE', ( #3003 ), #438, .T. ) ;
#2484 = AXIS2_PLACEMENT_3D ( 'NONE', #3271, #678, #3763 ) ;
#2486 = DIRECTION ( 'NONE',  ( 0.000000000000000000, -0.000000000000000000, 1.000000000000000000 ) ) ;
#2487 = EDGE_CURVE ( 'NONE', #3507, #395, #1719, .T. ) ;
#2488 = CARTESIAN_POINT ( 'NONE',  ( 19.50000000000000355, 8.500000000000166978, -25.00000000000000000 ) ) ;
#2489 = AXIS2_PLACEMENT_3D ( 'NONE', #5499, #5525, #1026 ) ;
#2490 = AXIS2_PLACEMENT_3D ( 'NONE', #4922, #2730, #2822 ) ;
#2491 = EDGE_LOOP ( 'NONE', ( #3294, #808, #2705, #4535 ) ) ;
#2492 = EDGE_CURVE ( 'NONE', #4590, #5309, #1889, .T. ) ;
#2493 = EDGE_CURVE ( 'NONE', #951, #4529, #2081, .T. ) ;
#2494 = FACE_OUTER_BOUND ( 'NONE', #196, .T. ) ;
#2495 = AXIS2_PLACEMENT_3D ( 'NONE', #3266, #1477, #3729 ) ;
#2496 = AXIS2_PLACEMENT_3D ( 'NONE', #4496, #545, #2303 ) ;
#2497 = VERTEX_POINT ( 'NONE', #5617 ) ;
#2498 = AXIS2_PLACEMENT_3D ( 'NONE', #4208, #5587, #258 ) ;
#2499 = CIRCLE ( 'NONE', #3333, 4.500000000000003553 ) ;
#2500 = CARTESIAN_POINT ( 'NONE',  ( -13.23161276499844163, 12.99999999999999822, 24.50000000000000000 ) ) ;
#2501 = ORIENTED_EDGE ( 'NONE', *, *, #2340, .T. ) ;
#2502 = DIRECTION ( 'NONE',  ( -1.000000000000000000, 0.000000000000000000, 0.000000000000000000 ) ) ;
#2503 = FACE_BOUND ( 'NONE', #3112, .T. ) ;
#2504 = DIRECTION ( 'NONE',  ( 1.000000000000000000, 0.000000000000000000, 0.000000000000000000 ) ) ;
#2505 = ORIENTED_EDGE ( 'NONE', *, *, #1620, .F. ) ;
#2506 = DIRECTION ( 'NONE',  ( -1.000000000000000000, 0.000000000000000000, 0.000000000000000000 ) ) ;
#2507 = AXIS2_PLACEMENT_3D ( 'NONE', #5464, #2869, #2807 ) ;
#2508 = PLANE ( 'NONE',  #3485 ) ;
#2509 = FACE_OUTER_BOUND ( 'NONE', #4579, .T. ) ;
#2510 = ORIENTED_EDGE ( 'NONE', *, *, #4353, .F. ) ;
#2511 = DIRECTION ( 'NONE',  ( 0.000000000000000000, 1.000000000000000000, 0.000000000000000000 ) ) ;
#2512 = CARTESIAN_POINT ( 'NONE',  ( -49.49999999999999289, 5.500000000000000000, 0.000000000000000000 ) ) ;
#2513 = DIRECTION ( 'NONE',  ( 0.000000000000000000, 0.000000000000000000, -1.000000000000000000 ) ) ;
#2514 = EDGE_CURVE ( 'NONE', #4925, #3869, #1710, .T. ) ;
#2515 = PLANE ( 'NONE',  #1892 ) ;
#2516 = AXIS2_PLACEMENT_3D ( 'NONE', #3630, #5015, #4494 ) ;
#2517 = CARTESIAN_POINT ( 'NONE',  ( 39.00000000000000711, 17.70898593245469499, -12.12882780804699223 ) ) ;
#2518 = ADVANCED_FACE ( 'NONE', ( #856 ), #5690, .F. ) ;
#2519 = ORIENTED_EDGE ( 'NONE', *, *, #390, .T. ) ;
#2520 = AXIS2_PLACEMENT_3D ( 'NONE', #4139, #5467, #1524 ) ;
#2521 = CARTESIAN_POINT ( 'NONE',  ( -49.99999999999999289, 19.00000000000000000, 0.000000000000000000 ) ) ;
#2522 = PERSON_AND_ORGANIZATION ( #2918, #3487 ) ;
#2523 = ADVANCED_FACE ( 'NONE', ( #325 ), #2804, .T. ) ;
#2524 = ORIENTED_EDGE ( 'NONE', *, *, #3685, .F. ) ;
#2525 = CARTESIAN_POINT ( 'NONE',  ( -8.673617379884035472E-16, 9.031278103258014056, 15.00000000000000178 ) ) ;
#2526 = ORIENTED_EDGE ( 'NONE', *, *, #665, .T. ) ;
#2527 = CARTESIAN_POINT ( 'NONE',  ( -9.731612764998438081, 12.99999999999999822, 25.00000000000000000 ) ) ;
#2528 = CIRCLE ( 'NONE', #3539, 3.499999999999999556 ) ;
#2529 = CARTESIAN_POINT ( 'NONE',  ( 3.469446951953614189E-15, 8.500000000000000000, -24.50000000000000000 ) ) ;
#2530 = DIRECTION ( 'NONE',  ( 0.000000000000000000, -1.000000000000000000, 0.000000000000000000 ) ) ;
#2531 = AXIS2_PLACEMENT_3D ( 'NONE', #3257, #4578, #138 ) ;
#2532 = ORIENTED_EDGE ( 'NONE', *, *, #1918, .T. ) ;
#2533 = CARTESIAN_POINT ( 'NONE',  ( 16.23161276499841676, 12.99999999999999822, 21.99999999999999645 ) ) ;
#2534 = CIRCLE ( 'NONE', #2997, 2.999999999999999112 ) ;
#2535 = FACE_OUTER_BOUND ( 'NONE', #3188, .T. ) ;
#2536 = VECTOR ( 'NONE', #3781, 1000.000000000000000 ) ;
#2537 = LINE ( 'NONE', #3436, #4084 ) ;
#2538 = AXIS2_PLACEMENT_3D ( 'NONE', #1382, #5273, #462 ) ;
#2539 = VERTEX_POINT ( 'NONE', #2568 ) ;
#2540 = CARTESIAN_POINT ( 'NONE',  ( -38.99999999999999289, 1.500000000000001332, -22.00000000000000355 ) ) ;
#2541 = DIRECTION ( 'NONE',  ( 0.000000000000000000, 0.000000000000000000, -1.000000000000000000 ) ) ;
#2542 = AXIS2_PLACEMENT_3D ( 'NONE', #3008, #2086, #4816 ) ;
#2543 = CIRCLE ( 'NONE', #1171, 0.5000000000000004441 ) ;
#2544 = DIRECTION ( 'NONE',  ( -1.000000000000000000, 0.000000000000000000, 0.000000000000000000 ) ) ;
#2545 = DIRECTION ( 'NONE',  ( 0.000000000000000000, -1.000000000000000000, 0.000000000000000000 ) ) ;
#2546 = DIRECTION ( 'NONE',  ( 0.000000000000000000, 0.000000000000000000, 1.000000000000000000 ) ) ;
#2547 = CIRCLE ( 'NONE', #5128, 4.500000000000000888 ) ;
#2548 = EDGE_LOOP ( 'NONE', ( #4290, #3278, #776, #2965 ) ) ;
#2549 = ADVANCED_FACE ( 'NONE', ( #384, #2137 ), #5595, .T. ) ;
#2550 = ORIENTED_EDGE ( 'NONE', *, *, #5475, .F. ) ;
#2551 = DIRECTION ( 'NONE',  ( 0.000000000000000000, 0.000000000000000000, 1.000000000000000000 ) ) ;
#2552 = EDGE_CURVE ( 'NONE', #4245, #2044, #1661, .T. ) ;
#2553 = ORIENTED_EDGE ( 'NONE', *, *, #2035, .F. ) ;
#2554 = CARTESIAN_POINT ( 'NONE',  ( 4.000000000000000000, 9.031278103258014056, 21.99999999999999645 ) ) ;
#2555 = ORIENTED_EDGE ( 'NONE', *, *, #421, .F. ) ;
#2556 = FACE_OUTER_BOUND ( 'NONE', #3224, .T. ) ;
#2557 = DIRECTION ( 'NONE',  ( 0.000000000000000000, 0.000000000000000000, -1.000000000000000000 ) ) ;
#2558 = ADVANCED_FACE ( 'NONE', ( #1275 ), #3026, .F. ) ;
#2559 = ADVANCED_FACE ( 'NONE', ( #783 ), #5666, .F. ) ;
#2560 = CARTESIAN_POINT ( 'NONE',  ( -38.99999999999999289, 2.291014067545305455, -12.12882780804699578 ) ) ;
#2561 = EDGE_CURVE ( 'NONE', #2288, #4952, #3050, .T. ) ;
#2562 = ORIENTED_EDGE ( 'NONE', *, *, #2380, .T. ) ;
#2563 = CARTESIAN_POINT ( 'NONE',  ( -44.00000000000000000, 19.00000000000000000, -18.25000000000000355 ) ) ;
#2564 = CARTESIAN_POINT ( 'NONE',  ( -38.99999999999999289, 5.500000000000000888, -4.000000000000000000 ) ) ;
#2565 = LOCAL_TIME ( 13, 57, 8.000000000000000000, #340 ) ;
#2566 = DIRECTION ( 'NONE',  ( -0.000000000000000000, -1.000000000000000000, -0.000000000000000000 ) ) ;
#2567 = VERTEX_POINT ( 'NONE', #5244 ) ;
#2568 = CARTESIAN_POINT ( 'NONE',  ( 18.73161276499841321, 12.99999999999999822, 25.00000000000000000 ) ) ;
#2569 = CARTESIAN_POINT ( 'NONE',  ( -49.49999999999999289, 14.50000000000000000, 10.00000000000000178 ) ) ;
#2570 = DIRECTION ( 'NONE',  ( 0.000000000000000000, 0.000000000000000000, 1.000000000000000000 ) ) ;
#2571 = CARTESIAN_POINT ( 'NONE',  ( 37.00000000000000711, 17.00000000000000000, -25.00000000000000000 ) ) ;
#2572 = DIRECTION ( 'NONE',  ( 0.000000000000000000, 0.000000000000000000, -1.000000000000000000 ) ) ;
#2573 = EDGE_LOOP ( 'NONE', ( #4337, #33, #3986, #4205 ) ) ;
#2574 = CARTESIAN_POINT ( 'NONE',  ( -31.23161276499841676, 9.031278103258014056, 15.00000000000000178 ) ) ;
#2575 = AXIS2_PLACEMENT_3D ( 'NONE', #2686, #3091, #2205 ) ;
#2576 = DATE_TIME_ROLE ( 'classification_date' ) ;
#2577 = ORIENTED_EDGE ( 'NONE', *, *, #118, .F. ) ;
#2578 = EDGE_LOOP ( 'NONE', ( #650, #1555, #5188, #3064 ) ) ;
#2579 = CARTESIAN_POINT ( 'NONE',  ( -10.23161276499843808, 12.99999999999999822, 24.50000000000000000 ) ) ;
#2580 = ADVANCED_FACE ( 'NONE', ( #3949 ), #4303, .F. ) ;
#2581 = VERTEX_POINT ( 'NONE', #2191 ) ;
#2582 = VECTOR ( 'NONE', #4897, 1000.000000000000000 ) ;
#2583 = CARTESIAN_POINT ( 'NONE',  ( -13.23161276499843808, 5.062556206516027224, 15.00000000000000178 ) ) ;
#2584 = CIRCLE ( 'NONE', #5437, 2.999999999999999112 ) ;
#2585 = ADVANCED_FACE ( 'NONE', ( #1193 ), #355, .F. ) ;
#2586 = ORIENTED_EDGE ( 'NONE', *, *, #2443, .F. ) ;
#2587 = FACE_OUTER_BOUND ( 'NONE', #2210, .T. ) ;
#2588 = CIRCLE ( 'NONE', #558, 2.999999999999999112 ) ;
#2589 = EDGE_CURVE ( 'NONE', #3681, #5470, #4286, .T. ) ;
#2590 = DIRECTION ( 'NONE',  ( 0.000000000000000000, 0.000000000000000000, 1.000000000000000000 ) ) ;
#2591 = AXIS2_PLACEMENT_3D ( 'NONE', #3567, #5322, #968 ) ;
#2592 = DIRECTION ( 'NONE',  ( -0.000000000000000000, 0.000000000000000000, 1.000000000000000000 ) ) ;
#2593 = ORIENTED_EDGE ( 'NONE', *, *, #2244, .F. ) ;
#2594 = DIRECTION ( 'NONE',  ( 0.000000000000000000, -0.000000000000000000, 1.000000000000000000 ) ) ;
#2595 = LINE ( 'NONE', #2192, #1849 ) ;
#2596 = CIRCLE ( 'NONE', #4059, 4.000000000000000000 ) ;
#2597 = CARTESIAN_POINT ( 'NONE',  ( 44.00000000000000000, 19.00000000000000000, -18.25000000000000355 ) ) ;
#2598 = EDGE_CURVE ( 'NONE', #3264, #277, #4489, .T. ) ;
#2599 = CARTESIAN_POINT ( 'NONE',  ( -44.00000000000000000, 21.00000000000000000, -18.25000000000000355 ) ) ;
#2600 = LINE ( 'NONE', #2115, #1067 ) ;
#2601 = CIRCLE ( 'NONE', #2883, 0.5000000000000004441 ) ;
#2602 = ORIENTED_EDGE ( 'NONE', *, *, #2921, .F. ) ;
#2603 = EDGE_LOOP ( 'NONE', ( #4829, #512, #492, #5656 ) ) ;
#2604 = AXIS2_PLACEMENT_3D ( 'NONE', #913, #4408, #463 ) ;
#2605 = FACE_OUTER_BOUND ( 'NONE', #2603, .T. ) ;
#2606 = ORIENTED_EDGE ( 'NONE', *, *, #151, .T. ) ;
#2607 = DIRECTION ( 'NONE',  ( 1.000000000000000000, 0.000000000000000000, 0.000000000000000000 ) ) ;
#2608 = VERTEX_POINT ( 'NONE', #3071 ) ;
#2609 = CARTESIAN_POINT ( 'NONE',  ( 49.50000000000000711, 5.500000000000000000, 0.000000000000000000 ) ) ;
#2610 = VERTEX_POINT ( 'NONE', #4863 ) ;
#2611 = FACE_BOUND ( 'NONE', #4688, .T. ) ;
#2612 = AXIS2_PLACEMENT_3D ( 'NONE', #2597, #5318, #3028 ) ;
#2613 = ADVANCED_FACE ( 'NONE', ( #4839 ), #1328, .F. ) ;
#2614 = ADVANCED_FACE ( 'NONE', ( #3975 ), #884, .T. ) ;
#2615 = LINE ( 'NONE', #4380, #912 ) ;
#2616 = DIRECTION ( 'NONE',  ( 1.000000000000000000, 0.000000000000000000, 0.000000000000000000 ) ) ;
#2617 = VERTEX_POINT ( 'NONE', #458 ) ;
#2618 = CARTESIAN_POINT ( 'NONE',  ( 0.000000000000000000, 1.500000000000001332, 0.000000000000000000 ) ) ;
#2619 = CARTESIAN_POINT ( 'NONE',  ( 16.23161276499841676, 12.99999999999999822, 15.00000000000000178 ) ) ;
#2620 = AXIS2_PLACEMENT_3D ( 'NONE', #3323, #5417, #4214 ) ;
#2621 = CARTESIAN_POINT ( 'NONE',  ( -38.99999999999999289, 5.500000000000000000, 0.000000000000000000 ) ) ;
#2622 = AXIS2_PLACEMENT_3D ( 'NONE', #2972, #2163, #3925 ) ;
#2623 = AXIS2_PLACEMENT_3D ( 'NONE', #2275, #1502, #2297 ) ;
#2624 = CYLINDRICAL_SURFACE ( 'NONE', #1170, 0.5000000000000004441 ) ;
#2625 = EDGE_CURVE ( 'NONE', #4371, #624, #1817, .T. ) ;
#2626 = AXIS2_PLACEMENT_3D ( 'NONE', #5389, #1876, #2282 ) ;
#2627 = EDGE_CURVE ( 'NONE', #3345, #3357, #2133, .T. ) ;
#2628 = EDGE_CURVE ( 'NONE', #5129, #2280, #2866, .T. ) ;
#2629 = AXIS2_PLACEMENT_3D ( 'NONE', #5204, #5150, #2151 ) ;
#2630 = EDGE_LOOP ( 'NONE', ( #4444, #1017, #3583, #2914, #5060 ) ) ;
#2631 = VERTEX_POINT ( 'NONE', #4949 ) ;
#2632 = TOROIDAL_SURFACE ( 'NONE', #4930, 4.500000000000005329, 0.5000000000000000000 ) ;
#2633 = CARTESIAN_POINT ( 'NONE',  ( 18.73161276499842032, 5.062556206516027224, 24.50000000000000000 ) ) ;
#2634 = EDGE_CURVE ( 'NONE', #9, #2272, #24, .T. ) ;
#2635 = VERTEX_POINT ( 'NONE', #3099 ) ;
#2636 = DIRECTION ( 'NONE',  ( 0.000000000000000000, 0.000000000000000000, 1.000000000000000000 ) ) ;
#2637 = ORIENTED_EDGE ( 'NONE', *, *, #4328, .F. ) ;
#2638 = CARTESIAN_POINT ( 'NONE',  ( -49.99999999999999289, 5.500000000000000000, 10.00000000000000178 ) ) ;
#2639 = ORIENTED_EDGE ( 'NONE', *, *, #1825, .T. ) ;
#2640 = VERTEX_POINT ( 'NONE', #3155 ) ;
#2641 = DIRECTION ( 'NONE',  ( -1.000000000000000000, 0.000000000000000000, -0.000000000000000000 ) ) ;
#2642 = DIRECTION ( 'NONE',  ( 1.224646799147353207E-16, 1.000000000000000000, -0.000000000000000000 ) ) ;
#2643 = CARTESIAN_POINT ( 'NONE',  ( 24.00000000000000000, 8.500000000000168754, -25.00000000000000000 ) ) ;
#2644 = ORIENTED_EDGE ( 'NONE', *, *, #2380, .F. ) ;
#2645 = DIRECTION ( 'NONE',  ( 0.000000000000000000, 1.000000000000000000, 0.000000000000000000 ) ) ;
#2646 = DIRECTION ( 'NONE',  ( 0.000000000000000000, 0.000000000000000000, -1.000000000000000000 ) ) ;
#2647 = CARTESIAN_POINT ( 'NONE',  ( -49.99999999999999289, 14.50000000000000000, 10.00000000000000178 ) ) ;
#2648 = DIRECTION ( 'NONE',  ( 1.000000000000000000, -0.000000000000000000, 0.000000000000000000 ) ) ;
#2649 = DIRECTION ( 'NONE',  ( 1.000000000000000000, 0.000000000000000000, 0.000000000000000000 ) ) ;
#2650 = LINE ( 'NONE', #4868, #6 ) ;
#2651 = DIRECTION ( 'NONE',  ( -1.000000000000000000, 0.000000000000000000, 0.000000000000000000 ) ) ;
#2652 = EDGE_CURVE ( 'NONE', #5423, #4196, #1308, .T. ) ;
#2653 = VERTEX_POINT ( 'NONE', #4513 ) ;
#2654 = EDGE_CURVE ( 'NONE', #1351, #5107, #75, .T. ) ;
#2655 = EDGE_CURVE ( 'NONE', #3366, #2848, #4518, .T. ) ;
#2656 = DIRECTION ( 'NONE',  ( 0.000000000000000000, 1.000000000000000000, -0.000000000000000000 ) ) ;
#2657 = ORIENTED_EDGE ( 'NONE', *, *, #2389, .F. ) ;
#2658 = ORIENTED_EDGE ( 'NONE', *, *, #2300, .T. ) ;
#2659 = EDGE_CURVE ( 'NONE', #5470, #297, #1837, .T. ) ;
#2660 = CIRCLE ( 'NONE', #182, 4.000000000000000888 ) ;
#2661 = CARTESIAN_POINT ( 'NONE',  ( 57.50000000000000711, 14.50000000000000000, 6.000000000000000888 ) ) ;
#2662 = EDGE_LOOP ( 'NONE', ( #4899, #5574, #1516, #1014 ) ) ;
#2663 = DIRECTION ( 'NONE',  ( -0.000000000000000000, 0.000000000000000000, 1.000000000000000000 ) ) ;
#2664 = AXIS2_PLACEMENT_3D ( 'NONE', #5633, #4347, #5100 ) ;
#2665 = CARTESIAN_POINT ( 'NONE',  ( 49.50000000000000711, 14.50000000000000000, 0.000000000000000000 ) ) ;
#2666 = DIRECTION ( 'NONE',  ( -1.000000000000000000, 0.000000000000000000, 0.000000000000000000 ) ) ;
#2667 = VERTEX_POINT ( 'NONE', #566 ) ;
#2668 = ORIENTED_EDGE ( 'NONE', *, *, #2659, .F. ) ;
#2669 = DIRECTION ( 'NONE',  ( 0.000000000000000000, 0.000000000000000000, 1.000000000000000000 ) ) ;
#2670 = DIRECTION ( 'NONE',  ( -0.000000000000000000, -0.000000000000000000, 1.000000000000000000 ) ) ;
#2671 = CARTESIAN_POINT ( 'NONE',  ( 44.00000000000000000, 19.00000000000000000, 18.25000000000000355 ) ) ;
#2672 = AXIS2_PLACEMENT_3D ( 'NONE', #1847, #4089, #3165 ) ;
#2673 = CIRCLE ( 'NONE', #193, 0.5000000000000004441 ) ;
#2674 = CARTESIAN_POINT ( 'NONE',  ( 4.500000000000003553, 8.500000000000000000, -24.50000000000000000 ) ) ;
#2675 = CARTESIAN_POINT ( 'NONE',  ( 39.00000000000000711, 1.500000000000001332, 21.99999999999999645 ) ) ;
#2676 = AXIS2_PLACEMENT_3D ( 'NONE', #4436, #4785, #1301 ) ;
#2677 = DIRECTION ( 'NONE',  ( 0.000000000000000000, 0.000000000000000000, 1.000000000000000000 ) ) ;
#2678 = AXIS2_PLACEMENT_3D ( 'NONE', #1348, #2185, #3887 ) ;
#2679 = ORIENTED_EDGE ( 'NONE', *, *, #3766, .T. ) ;
#2680 = EDGE_CURVE ( 'NONE', #3557, #5640, #1588, .T. ) ;
#2681 = EDGE_CURVE ( 'NONE', #297, #2765, #4343, .T. ) ;
#2682 = CARTESIAN_POINT ( 'NONE',  ( -49.49999999999999289, 5.500000000000000000, 0.000000000000000000 ) ) ;
#2683 = ORIENTED_EDGE ( 'NONE', *, *, #4314, .F. ) ;
#2684 = ORIENTED_EDGE ( 'NONE', *, *, #5679, .T. ) ;
#2685 = AXIS2_PLACEMENT_3D ( 'NONE', #361, #4244, #242 ) ;
#2686 = CARTESIAN_POINT ( 'NONE',  ( 44.00000000000000000, 19.00000000000000000, -18.25000000000000355 ) ) ;
#2687 = LINE ( 'NONE', #2237, #3709 ) ;
#2688 = ADVANCED_FACE ( 'NONE', ( #2296 ), #4888, .T. ) ;
#2689 = DIRECTION ( 'NONE',  ( 0.000000000000000000, 0.000000000000000000, 1.000000000000000000 ) ) ;
#2690 = CARTESIAN_POINT ( 'NONE',  ( 50.00000000000000711, 14.50000000000000000, 14.50000000000000178 ) ) ;
#2691 = DIRECTION ( 'NONE',  ( 0.000000000000000000, 0.000000000000000000, -1.000000000000000000 ) ) ;
#2692 = DIRECTION ( 'NONE',  ( -1.000000000000000000, -0.000000000000000000, -0.000000000000000000 ) ) ;
#2693 = EDGE_LOOP ( 'NONE', ( #3725, #849, #3289, #2801 ) ) ;
#2694 = CARTESIAN_POINT ( 'NONE',  ( 44.00000000000000000, 19.00000000000000000, -18.25000000000000355 ) ) ;
#2695 = DIRECTION ( 'NONE',  ( 1.000000000000000000, -0.000000000000000000, 0.000000000000000000 ) ) ;
#2696 = DIRECTION ( 'NONE',  ( 1.000000000000000000, 0.000000000000000000, 0.000000000000000000 ) ) ;
#2697 = CIRCLE ( 'NONE', #4186, 4.000000000000000000 ) ;
#2698 = DIRECTION ( 'NONE',  ( 0.000000000000000000, 1.000000000000000000, 0.000000000000000000 ) ) ;
#2699 = DIRECTION ( 'NONE',  ( 0.000000000000000000, 0.000000000000000000, -1.000000000000000000 ) ) ;
#2700 = DIRECTION ( 'NONE',  ( -1.000000000000000000, 0.000000000000000000, 0.000000000000000000 ) ) ;
#2701 = DIRECTION ( 'NONE',  ( 1.000000000000000000, 0.000000000000000000, 0.000000000000000000 ) ) ;
#2702 = DIRECTION ( 'NONE',  ( 0.000000000000000000, 0.000000000000000000, 1.000000000000000000 ) ) ;
#2703 = CIRCLE ( 'NONE', #2166, 5.000000000000004441 ) ;
#2704 = AXIS2_PLACEMENT_3D ( 'NONE', #348, #5156, #5529 ) ;
#2705 = ORIENTED_EDGE ( 'NONE', *, *, #1202, .F. ) ;
#2706 = CIRCLE ( 'NONE', #2255, 4.500000000000000888 ) ;
#2707 = CIRCLE ( 'NONE', #333, 4.500000000000000888 ) ;
#2708 = DIRECTION ( 'NONE',  ( -0.000000000000000000, -0.000000000000000000, 1.000000000000000000 ) ) ;
#2709 = EDGE_CURVE ( 'NONE', #1311, #4690, #4055, .T. ) ;
#2710 = ORIENTED_EDGE ( 'NONE', *, *, #1548, .T. ) ;
#2711 = ORIENTED_EDGE ( 'NONE', *, *, #4901, .T. ) ;
#2712 = PRODUCT_RELATED_PRODUCT_CATEGORY ( 'detail', '', ( #1730 ) ) ;
#2713 = CARTESIAN_POINT ( 'NONE',  ( -38.99999999999999289, 17.70898593245469499, -12.12882780804699578 ) ) ;
#2714 = ADVANCED_FACE ( 'NONE', ( #5270 ), #1562, .F. ) ;
#2715 = AXIS2_PLACEMENT_3D ( 'NONE', #4997, #5089, #2924 ) ;
#2716 = ORIENTED_EDGE ( 'NONE', *, *, #444, .F. ) ;
#2717 = DIRECTION ( 'NONE',  ( 0.000000000000000000, 0.000000000000000000, 1.000000000000000000 ) ) ;
#2718 = CARTESIAN_POINT ( 'NONE',  ( -19.99999999999999645, 8.500000000000335731, -24.50000000000000000 ) ) ;
#2719 = CARTESIAN_POINT ( 'NONE',  ( 39.50000000000000711, 8.500000000000000000, -25.00000000000000000 ) ) ;
#2720 = EDGE_CURVE ( 'NONE', #1422, #5665, #228, .T. ) ;
#2721 = EDGE_CURVE ( 'NONE', #1686, #4904, #2420, .T. ) ;
#2722 = DIRECTION ( 'NONE',  ( -0.000000000000000000, 1.000000000000000000, 0.000000000000000000 ) ) ;
#2723 = ADVANCED_FACE ( 'NONE', ( #1529 ), #2361, .F. ) ;
#2724 = ORIENTED_EDGE ( 'NONE', *, *, #4410, .F. ) ;
#2725 = DIRECTION ( 'NONE',  ( -0.000000000000000000, 0.000000000000000000, 1.000000000000000000 ) ) ;
#2726 = DIRECTION ( 'NONE',  ( 0.000000000000000000, 0.000000000000000000, -1.000000000000000000 ) ) ;
#2727 = DIRECTION ( 'NONE',  ( -0.000000000000000000, -1.000000000000000000, -0.000000000000000000 ) ) ;
#2728 = ORIENTED_EDGE ( 'NONE', *, *, #3384, .F. ) ;
#2729 = CARTESIAN_POINT ( 'NONE',  ( 50.00000000000000711, 5.291014067545305011, -8.371172191953009545 ) ) ;
#2730 = DIRECTION ( 'NONE',  ( -0.000000000000000000, 1.000000000000000000, -0.000000000000000000 ) ) ;
#2731 = ORIENTED_EDGE ( 'NONE', *, *, #4391, .F. ) ;
#2732 = EDGE_CURVE ( 'NONE', #2757, #5463, #4176, .T. ) ;
#2733 = CARTESIAN_POINT ( 'NONE',  ( -44.00000000000000000, 19.00000000000000000, -18.25000000000000355 ) ) ;
#2734 = CARTESIAN_POINT ( 'NONE',  ( -31.50000000000000000, 17.70898593245469499, -15.12882780804699223 ) ) ;
#2735 = CARTESIAN_POINT ( 'NONE',  ( 49.50000000000000711, 1.791014067545305455, -11.87117219195301132 ) ) ;
#2736 = ORIENTED_EDGE ( 'NONE', *, *, #1747, .T. ) ;
#2737 = AXIS2_PLACEMENT_3D ( 'NONE', #1214, #2075, #3891 ) ;
#2738 = EDGE_LOOP ( 'NONE', ( #2089, #2419 ) ) ;
#2739 = CIRCLE ( 'NONE', #4857, 4.500000000000000888 ) ;
#2740 = ORIENTED_EDGE ( 'NONE', *, *, #1196, .T. ) ;
#2741 = DIRECTION ( 'NONE',  ( 0.000000000000000000, 0.000000000000000000, -1.000000000000000000 ) ) ;
#2742 = ORIENTED_EDGE ( 'NONE', *, *, #4814, .T. ) ;
#2743 = ORIENTED_EDGE ( 'NONE', *, *, #4460, .F. ) ;
#2744 = FACE_BOUND ( 'NONE', #5402, .T. ) ;
#2745 = ORIENTED_EDGE ( 'NONE', *, *, #1784, .T. ) ;
#2746 = DIRECTION ( 'NONE',  ( 0.000000000000000000, 0.000000000000000000, -1.000000000000000000 ) ) ;
#2747 = ADVANCED_FACE ( 'NONE', ( #1466 ), #1122, .T. ) ;
#2748 = ORIENTED_EDGE ( 'NONE', *, *, #3104, .F. ) ;
#2749 = CARTESIAN_POINT ( 'NONE',  ( -49.99999999999999289, 14.50000000000000000, 0.000000000000000000 ) ) ;
#2750 = DIRECTION ( 'NONE',  ( 0.000000000000000000, 0.000000000000000000, -1.000000000000000000 ) ) ;
#2751 = CARTESIAN_POINT ( 'NONE',  ( 17.00000000000000000, 5.291014067545305011, -15.12882780804699223 ) ) ;
#2752 = AXIS2_PLACEMENT_3D ( 'NONE', #2459, #2029, #5490 ) ;
#2753 = VERTEX_POINT ( 'NONE', #1500 ) ;
#2754 = DIRECTION ( 'NONE',  ( -1.000000000000000000, 0.000000000000000000, 0.000000000000000000 ) ) ;
#2755 = EDGE_CURVE ( 'NONE', #1858, #4903, #1020, .T. ) ;
#2756 = DIRECTION ( 'NONE',  ( -0.000000000000000000, -0.000000000000000000, 1.000000000000000000 ) ) ;
#2757 = VERTEX_POINT ( 'NONE', #168 ) ;
#2758 = CARTESIAN_POINT ( 'NONE',  ( 49.50000000000000711, 14.50000000000000000, 10.00000000000000178 ) ) ;
#2759 = CARTESIAN_POINT ( 'NONE',  ( 50.00000000000000711, 14.50000000000000000, 0.000000000000000000 ) ) ;
#2760 = CARTESIAN_POINT ( 'NONE',  ( -23.99999999999999645, 8.500000000000335731, -24.50000000000000000 ) ) ;
#2761 = ORIENTED_EDGE ( 'NONE', *, *, #4447, .T. ) ;
#2762 = CIRCLE ( 'NONE', #5620, 4.000000000000000000 ) ;
#2763 = VECTOR ( 'NONE', #574, 1000.000000000000000 ) ;
#2764 = EDGE_CURVE ( 'NONE', #5069, #5611, #4984, .T. ) ;
#2765 = VERTEX_POINT ( 'NONE', #3657 ) ;
#2766 = AXIS2_PLACEMENT_3D ( 'NONE', #2694, #3542, #2669 ) ;
#2767 = VERTEX_POINT ( 'NONE', #2876 ) ;
#2768 = VERTEX_POINT ( 'NONE', #5008 ) ;
#2769 = DIRECTION ( 'NONE',  ( 0.000000000000000000, 0.000000000000000000, -1.000000000000000000 ) ) ;
#2770 = AXIS2_PLACEMENT_3D ( 'NONE', #986, #4016, #3678 ) ;
#2771 = ORIENTED_EDGE ( 'NONE', *, *, #5366, .F. ) ;
#2772 = VERTEX_POINT ( 'NONE', #2902 ) ;
#2773 = FACE_OUTER_BOUND ( 'NONE', #2871, .T. ) ;
#2774 = VECTOR ( 'NONE', #4188, 1000.000000000000000 ) ;
#2775 = DATE_AND_TIME ( #1022, #3310 ) ;
#2776 = ORIENTED_EDGE ( 'NONE', *, *, #4734, .T. ) ;
#2777 = DIRECTION ( 'NONE',  ( 0.000000000000000000, 0.000000000000000000, -1.000000000000000000 ) ) ;
#2778 = FACE_BOUND ( 'NONE', #3327, .T. ) ;
#2779 = VECTOR ( 'NONE', #2649, 1000.000000000000000 ) ;
#2780 = ORIENTED_EDGE ( 'NONE', *, *, #4630, .T. ) ;
#2781 = DIRECTION ( 'NONE',  ( 0.000000000000000000, 0.000000000000000000, -1.000000000000000000 ) ) ;
#2782 = FACE_OUTER_BOUND ( 'NONE', #4062, .T. ) ;
#2783 = PLANE ( 'NONE',  #3080 ) ;
#2784 = ADVANCED_FACE ( 'NONE', ( #689 ), #3794, .T. ) ;
#2785 = ORIENTED_EDGE ( 'NONE', *, *, #5194, .F. ) ;
#2786 = DIRECTION ( 'NONE',  ( -1.000000000000000000, 0.000000000000000000, 0.000000000000000000 ) ) ;
#2787 = DIRECTION ( 'NONE',  ( -0.000000000000000000, -0.000000000000000000, 1.000000000000000000 ) ) ;
#2788 = DIRECTION ( 'NONE',  ( 0.000000000000000000, 0.000000000000000000, 1.000000000000000000 ) ) ;
#2789 = VECTOR ( 'NONE', #360, 1000.000000000000000 ) ;
#2790 = DIRECTION ( 'NONE',  ( 0.000000000000000000, 0.000000000000000000, -1.000000000000000000 ) ) ;
#2791 = DIRECTION ( 'NONE',  ( -1.000000000000000000, 0.000000000000000000, 0.000000000000000000 ) ) ;
#2792 = ORIENTED_EDGE ( 'NONE', *, *, #4422, .F. ) ;
#2793 = EDGE_CURVE ( 'NONE', #4903, #1858, #2499, .T. ) ;
#2794 = ORIENTED_EDGE ( 'NONE', *, *, #2829, .F. ) ;
#2795 = AXIS2_PLACEMENT_3D ( 'NONE', #4185, #1101, #2852 ) ;
#2796 = CARTESIAN_POINT ( 'NONE',  ( 25.23161276499842742, 12.99999999999999822, 21.99999999999999645 ) ) ;
#2797 = EDGE_CURVE ( 'NONE', #1641, #3371, #2957, .T. ) ;
#2798 = ORIENTED_EDGE ( 'NONE', *, *, #1725, .T. ) ;
#2799 = EDGE_CURVE ( 'NONE', #3316, #4297, #4046, .T. ) ;
#2800 = DIRECTION ( 'NONE',  ( 0.000000000000000000, 0.000000000000000000, 1.000000000000000000 ) ) ;
#2801 = ORIENTED_EDGE ( 'NONE', *, *, #3835, .F. ) ;
#2802 = AXIS2_PLACEMENT_3D ( 'NONE', #1737, #3386, #5140 ) ;
#2803 = EDGE_LOOP ( 'NONE', ( #2232, #4164, #4223, #4976 ) ) ;
#2804 = TOROIDAL_SURFACE ( 'NONE', #44, 3.500000000000000000, 0.5000000000000000000 ) ;
#2805 = AXIS2_PLACEMENT_3D ( 'NONE', #1359, #2299, #518 ) ;
#2806 = EDGE_CURVE ( 'NONE', #4094, #2288, #1155, .T. ) ;
#2807 = DIRECTION ( 'NONE',  ( 0.000000000000000000, 0.000000000000000000, -1.000000000000000000 ) ) ;
#2808 = CIRCLE ( 'NONE', #1538, 4.500000000000000888 ) ;
#2809 = EDGE_CURVE ( 'NONE', #2044, #4755, #2584, .T. ) ;
#2810 =( NAMED_UNIT ( * ) PLANE_ANGLE_UNIT ( ) SI_UNIT ( $, .RADIAN. ) );
#2811 = VECTOR ( 'NONE', #63, 1000.000000000000000 ) ;
#2812 = ORIENTED_EDGE ( 'NONE', *, *, #2106, .F. ) ;
#2813 = CARTESIAN_POINT ( 'NONE',  ( 44.00000000000000000, 19.00000000000000000, -23.24999999999999289 ) ) ;
#2814 = CARTESIAN_POINT ( 'NONE',  ( 19.23161276499841321, 12.99999999999999822, 15.00000000000000178 ) ) ;
#2815 = ORIENTED_EDGE ( 'NONE', *, *, #703, .F. ) ;
#2816 = VECTOR ( 'NONE', #886, 1000.000000000000000 ) ;
#2817 = DIRECTION ( 'NONE',  ( 1.000000000000000000, 0.000000000000000000, 0.000000000000000000 ) ) ;
#2818 = CYLINDRICAL_SURFACE ( 'NONE', #5254, 4.000000000000000000 ) ;
#2819 = LINE ( 'NONE', #4118, #1640 ) ;
#2820 = VERTEX_POINT ( 'NONE', #4545 ) ;
#2821 = DIRECTION ( 'NONE',  ( -0.000000000000000000, -0.000000000000000000, 1.000000000000000000 ) ) ;
#2822 = DIRECTION ( 'NONE',  ( 0.000000000000000000, 0.000000000000000000, 1.000000000000000000 ) ) ;
#2823 = ORIENTED_EDGE ( 'NONE', *, *, #2829, .T. ) ;
#2824 = CARTESIAN_POINT ( 'NONE',  ( -8.673617379884035472E-16, 9.031278103258014056, 25.00000000000000000 ) ) ;
#2825 = CARTESIAN_POINT ( 'NONE',  ( -38.99999999999999289, 1.500000000000001332, 21.99999999999999645 ) ) ;
#2826 = DIRECTION ( 'NONE',  ( -1.000000000000000000, 0.000000000000000000, 0.000000000000000000 ) ) ;
#2827 = EDGE_LOOP ( 'NONE', ( #2683, #5073 ) ) ;
#2828 = CYLINDRICAL_SURFACE ( 'NONE', #2150, 4.000000000000003553 ) ;
#2829 = EDGE_CURVE ( 'NONE', #3110, #5033, #3235, .T. ) ;
#2830 = VERTEX_POINT ( 'NONE', #5471 ) ;
#2831 = DIRECTION ( 'NONE',  ( 0.000000000000000000, 0.000000000000000000, 1.000000000000000000 ) ) ;
#2832 = AXIS2_PLACEMENT_3D ( 'NONE', #5531, #5504, #1536 ) ;
#2833 = LINE ( 'NONE', #5119, #249 ) ;
#2834 = EDGE_LOOP ( 'NONE', ( #4154, #443, #4627, #4259 ) ) ;
#2835 = EDGE_CURVE ( 'NONE', #532, #1023, #2039, .T. ) ;
#2836 = ORIENTED_EDGE ( 'NONE', *, *, #224, .T. ) ;
#2837 = CC_DESIGN_SECURITY_CLASSIFICATION ( #5054, ( #1560 ) ) ;
#2838 = LINE ( 'NONE', #3823, #1859 ) ;
#2839 = EDGE_LOOP ( 'NONE', ( #4967, #4643, #4929, #5650 ) ) ;
#2840 = ADVANCED_FACE ( 'NONE', ( #4606 ), #4721, .F. ) ;
#2841 = VERTEX_POINT ( 'NONE', #2527 ) ;
#2842 = AXIS2_PLACEMENT_3D ( 'NONE', #607, #1932, #5444 ) ;
#2843 = CARTESIAN_POINT ( 'NONE',  ( -36.99999999999999289, 17.00000000000000000, -25.00000000000000000 ) ) ;
#2844 = ORIENTED_EDGE ( 'NONE', *, *, #92, .F. ) ;
#2845 = DIRECTION ( 'NONE',  ( 0.000000000000000000, 0.000000000000000000, 1.000000000000000000 ) ) ;
#2846 = CYLINDRICAL_SURFACE ( 'NONE', #3509, 0.5000000000000004441 ) ;
#2847 = CARTESIAN_POINT ( 'NONE',  ( -10.23161276499843986, 1.500000000000001332, 21.99999999999999645 ) ) ;
#2848 = VERTEX_POINT ( 'NONE', #4260 ) ;
#2849 = FACE_OUTER_BOUND ( 'NONE', #3828, .T. ) ;
#2850 = DIRECTION ( 'NONE',  ( -0.000000000000000000, -0.000000000000000000, 1.000000000000000000 ) ) ;
#2851 = EDGE_LOOP ( 'NONE', ( #2186, #3056, #5589, #2668 ) ) ;
#2852 = DIRECTION ( 'NONE',  ( 0.000000000000000000, 0.000000000000000000, 1.000000000000000000 ) ) ;
#2853 = LINE ( 'NONE', #2428, #2173 ) ;
#2854 = DIRECTION ( 'NONE',  ( 1.000000000000000000, 0.000000000000000000, 0.000000000000000000 ) ) ;
#2855 = LINE ( 'NONE', #731, #3055 ) ;
#2856 = CIRCLE ( 'NONE', #1759, 4.000000000000000000 ) ;
#2857 = CIRCLE ( 'NONE', #2307, 5.000000000000004441 ) ;
#2858 = EDGE_LOOP ( 'NONE', ( #1479, #5291, #5035, #3720 ) ) ;
#2859 = CYLINDRICAL_SURFACE ( 'NONE', #5426, 3.337538412994569992 ) ;
#2860 = VECTOR ( 'NONE', #4958, 1000.000000000000000 ) ;
#2861 = DIRECTION ( 'NONE',  ( 1.000000000000000000, 0.000000000000000000, 0.000000000000000000 ) ) ;
#2862 = ORIENTED_EDGE ( 'NONE', *, *, #1897, .T. ) ;
#2863 = EDGE_CURVE ( 'NONE', #2385, #5040, #3803, .T. ) ;
#2864 = AXIS2_PLACEMENT_3D ( 'NONE', #1869, #5441, #4462 ) ;
#2865 = ADVANCED_FACE ( 'NONE', ( #5557 ), #745, .F. ) ;
#2866 = CIRCLE ( 'NONE', #758, 0.5000000000000004441 ) ;
#2867 = EDGE_LOOP ( 'NONE', ( #4871, #2140 ) ) ;
#2868 = AXIS2_PLACEMENT_3D ( 'NONE', #2008, #219, #2437 ) ;
#2869 = DIRECTION ( 'NONE',  ( 0.000000000000000000, -1.000000000000000000, 0.000000000000000000 ) ) ;
#2870 = EDGE_LOOP ( 'NONE', ( #4141, #680, #5284, #2553 ) ) ;
#2871 = EDGE_LOOP ( 'NONE', ( #3408, #2376, #2644, #4760 ) ) ;
#2872 = AXIS2_PLACEMENT_3D ( 'NONE', #1580, #3340, #4225 ) ;
#2873 = DIRECTION ( 'NONE',  ( -1.387778780781445478E-15, 0.000000000000000000, -1.000000000000000000 ) ) ;
#2874 = ORIENTED_EDGE ( 'NONE', *, *, #2492, .F. ) ;
#2875 = EDGE_CURVE ( 'NONE', #4952, #3236, #2989, .T. ) ;
#2876 = CARTESIAN_POINT ( 'NONE',  ( -19.23161276499844163, 5.062556206516027224, 21.99999999999999645 ) ) ;
#2877 = CARTESIAN_POINT ( 'NONE',  ( -28.49999999999999645, 8.500000000000335731, -25.00000000000000000 ) ) ;
#2878 = LINE ( 'NONE', #4671, #2351 ) ;
#2879 = CIRCLE ( 'NONE', #3524, 0.5000000000000004441 ) ;
#2880 = ORIENTED_EDGE ( 'NONE', *, *, #5328, .F. ) ;
#2881 = DIRECTION ( 'NONE',  ( -1.000000000000000000, -0.000000000000000000, -0.000000000000000000 ) ) ;
#2882 = DIRECTION ( 'NONE',  ( 0.000000000000000000, 0.000000000000000000, -1.000000000000000000 ) ) ;
#2883 = AXIS2_PLACEMENT_3D ( 'NONE', #4704, #759, #5196 ) ;
#2884 = CARTESIAN_POINT ( 'NONE',  ( -45.00000000000000000, 20.00000000000000000, -25.00000000000000000 ) ) ;
#2885 = DIRECTION ( 'NONE',  ( 0.000000000000000000, 0.000000000000000000, -1.000000000000000000 ) ) ;
#2886 = DIRECTION ( 'NONE',  ( 0.000000000000000000, 0.000000000000000000, 1.000000000000000000 ) ) ;
#2887 = CIRCLE ( 'NONE', #944, 2.000000000000001776 ) ;
#2888 = ORIENTED_EDGE ( 'NONE', *, *, #270, .F. ) ;
#2889 = ORIENTED_EDGE ( 'NONE', *, *, #987, .F. ) ;
#2890 = CARTESIAN_POINT ( 'NONE',  ( 13.23161276499840966, 5.062556206516027224, 21.99999999999999645 ) ) ;
#2891 = DIRECTION ( 'NONE',  ( -0.000000000000000000, -0.000000000000000000, 1.000000000000000000 ) ) ;
#2892 = CIRCLE ( 'NONE', #3987, 2.250000000000001776 ) ;
#2893 = VERTEX_POINT ( 'NONE', #3830 ) ;
#2894 = ORIENTED_EDGE ( 'NONE', *, *, #1504, .F. ) ;
#2895 = CARTESIAN_POINT ( 'NONE',  ( -45.00000000000000000, 0.000000000000000000, 20.00000000000000000 ) ) ;
#2896 = AXIS2_PLACEMENT_3D ( 'NONE', #4617, #1036, #3756 ) ;
#2897 = ORIENTED_EDGE ( 'NONE', *, *, #3501, .F. ) ;
#2898 = VECTOR ( 'NONE', #3379, 1000.000000000000000 ) ;
#2899 = DIRECTION ( 'NONE',  ( -0.000000000000000000, 1.000000000000000000, 0.000000000000000000 ) ) ;
#2900 = EDGE_CURVE ( 'NONE', #5149, #1100, #2309, .T. ) ;
#2901 = ORIENTED_EDGE ( 'NONE', *, *, #3448, .T. ) ;
#2902 = CARTESIAN_POINT ( 'NONE',  ( 44.00000000000000000, 21.00000000000000000, -23.24999999999999289 ) ) ;
#2903 = CARTESIAN_POINT ( 'NONE',  ( 39.00000000000000711, 19.00000000000000000, -18.25000000000000355 ) ) ;
#2904 = CIRCLE ( 'NONE', #2626, 2.250000000000001776 ) ;
#2905 = CARTESIAN_POINT ( 'NONE',  ( 39.00000000000000711, 8.500000000000000000, -24.50000000000000000 ) ) ;
#2906 = AXIS2_PLACEMENT_3D ( 'NONE', #399, #4370, #5230 ) ;
#2907 = VERTEX_POINT ( 'NONE', #5132 ) ;
#2908 = LINE ( 'NONE', #1065, #66 ) ;
#2909 = ADVANCED_FACE ( 'NONE', ( #3430 ), #2098, .T. ) ;
#2910 = DIRECTION ( 'NONE',  ( -1.000000000000000000, 0.000000000000000000, 0.000000000000000000 ) ) ;
#2911 = ADVANCED_FACE ( 'NONE', ( #2556 ), #4750, .F. ) ;
#2912 = AXIS2_PLACEMENT_3D ( 'NONE', #3157, #4979, #1870 ) ;
#2913 = DIRECTION ( 'NONE',  ( 0.000000000000000000, 0.000000000000000000, 1.000000000000000000 ) ) ;
#2914 = ORIENTED_EDGE ( 'NONE', *, *, #1918, .F. ) ;
#2915 = DIRECTION ( 'NONE',  ( 0.000000000000000000, 0.000000000000000000, 1.000000000000000000 ) ) ;
#2916 = DIRECTION ( 'NONE',  ( 0.000000000000000000, 0.000000000000000000, 1.000000000000000000 ) ) ;
#2917 = ORIENTED_EDGE ( 'NONE', *, *, #688, .F. ) ;
#2918 = PERSON ( 'UNSPECIFIED', 'UNSPECIFIED', 'UNSPECIFIED', ('UNSPECIFIED'), ('UNSPECIFIED'), ('UNSPECIFIED') ) ;
#2919 = EDGE_CURVE ( 'NONE', #5498, #2757, #835, .T. ) ;
#2920 = DIRECTION ( 'NONE',  ( 0.000000000000000000, 0.000000000000000000, 1.000000000000000000 ) ) ;
#2921 = EDGE_CURVE ( 'NONE', #777, #4446, #3130, .T. ) ;
#2922 = ORIENTED_EDGE ( 'NONE', *, *, #215, .T. ) ;
#2923 = DIRECTION ( 'NONE',  ( 0.000000000000000000, 1.000000000000000000, 0.000000000000000000 ) ) ;
#2924 = DIRECTION ( 'NONE',  ( 0.000000000000000000, 0.000000000000000000, -1.000000000000000000 ) ) ;
#2925 = EDGE_LOOP ( 'NONE', ( #3451, #433, #1926, #4373 ) ) ;
#2926 = EDGE_LOOP ( 'NONE', ( #4583, #3842, #243, #4711 ) ) ;
#2927 = CARTESIAN_POINT ( 'NONE',  ( 50.00000000000000711, 14.70898593245469499, -12.12882780804699223 ) ) ;
#2928 = APPROVAL_DATE_TIME ( #1260, #5287 ) ;
#2929 = EDGE_LOOP ( 'NONE', ( #2550, #1579, #5530, #5050 ) ) ;
#2930 = AXIS2_PLACEMENT_3D ( 'NONE', #3695, #1505, #3260 ) ;
#2931 = FACE_OUTER_BOUND ( 'NONE', #1952, .T. ) ;
#2932 = ORIENTED_EDGE ( 'NONE', *, *, #4955, .T. ) ;
#2933 = DIRECTION ( 'NONE',  ( 0.000000000000000000, 0.000000000000000000, 1.000000000000000000 ) ) ;
#2934 = DIRECTION ( 'NONE',  ( -1.000000000000000000, 0.000000000000000000, 0.000000000000000000 ) ) ;
#2935 = CARTESIAN_POINT ( 'NONE',  ( 49.50000000000000711, 5.500000000000000000, 4.500000000000000888 ) ) ;
#2936 = VERTEX_POINT ( 'NONE', #374 ) ;
#2937 = CYLINDRICAL_SURFACE ( 'NONE', #4947, 4.000000000000000000 ) ;
#2938 = EDGE_CURVE ( 'NONE', #3969, #3246, #4794, .T. ) ;
#2939 = FACE_OUTER_BOUND ( 'NONE', #480, .T. ) ;
#2940 = DIRECTION ( 'NONE',  ( -0.000000000000000000, -0.000000000000000000, -1.000000000000000000 ) ) ;
#2941 = ORIENTED_EDGE ( 'NONE', *, *, #1787, .T. ) ;
#2942 = CARTESIAN_POINT ( 'NONE',  ( -36.99999999999999289, 19.00000000000000355, 0.000000000000000000 ) ) ;
#2943 = DIRECTION ( 'NONE',  ( 0.000000000000000000, 0.000000000000000000, 1.000000000000000000 ) ) ;
#2944 = EDGE_CURVE ( 'NONE', #2002, #1756, #2225, .T. ) ;
#2945 = EDGE_LOOP ( 'NONE', ( #3795, #4915, #2359, #126 ) ) ;
#2946 = CARTESIAN_POINT ( 'NONE',  ( -49.99999999999999289, 1.791014067545306565, 25.00000000000000000 ) ) ;
#2947 = AXIS2_PLACEMENT_3D ( 'NONE', #1769, #2171, #4736 ) ;
#2948 = PLANE ( 'NONE',  #5067 ) ;
#2949 = DIRECTION ( 'NONE',  ( 0.000000000000000000, 0.000000000000000000, -1.000000000000000000 ) ) ;
#2950 = ADVANCED_FACE ( 'NONE', ( #976 ), #4881, .T. ) ;
#2951 = ORIENTED_EDGE ( 'NONE', *, *, #5093, .T. ) ;
#2952 = AXIS2_PLACEMENT_3D ( 'NONE', #2525, #1208, #822 ) ;
#2953 = AXIS2_PLACEMENT_3D ( 'NONE', #2332, #3662, #4581 ) ;
#2954 = ORIENTED_EDGE ( 'NONE', *, *, #1544, .T. ) ;
#2955 = CARTESIAN_POINT ( 'NONE',  ( -31.50000000000000000, 5.500000000000000000, 0.000000000000000000 ) ) ;
#2956 = AXIS2_PLACEMENT_3D ( 'NONE', #299, #4216, #2916 ) ;
#2957 = CIRCLE ( 'NONE', #2406, 3.000000000000004441 ) ;
#2958 = PERSON_AND_ORGANIZATION_ROLE ( 'creator' ) ;
#2959 = ORIENTED_EDGE ( 'NONE', *, *, #4609, .F. ) ;
#2960 = FACE_OUTER_BOUND ( 'NONE', #4128, .T. ) ;
#2961 = EDGE_LOOP ( 'NONE', ( #4479, #2033, #3394, #4964 ) ) ;
#2962 = DIRECTION ( 'NONE',  ( 0.000000000000000000, 0.000000000000000000, -1.000000000000000000 ) ) ;
#2963 = DIRECTION ( 'NONE',  ( 0.000000000000000000, 1.000000000000000000, 0.000000000000000000 ) ) ;
#2964 = DIRECTION ( 'NONE',  ( -0.000000000000000000, -0.000000000000000000, -1.000000000000000000 ) ) ;
#2965 = ORIENTED_EDGE ( 'NONE', *, *, #1332, .F. ) ;
#2966 = DIRECTION ( 'NONE',  ( -1.000000000000000000, 0.000000000000000000, 0.000000000000000000 ) ) ;
#2967 = AXIS2_PLACEMENT_3D ( 'NONE', #5400, #1457, #4539 ) ;
#2968 = VECTOR ( 'NONE', #294, 1000.000000000000000 ) ;
#2969 = LINE ( 'NONE', #4726, #4003 ) ;
#2970 = DIRECTION ( 'NONE',  ( -1.000000000000000000, 0.000000000000000000, -0.000000000000000000 ) ) ;
#2971 = EDGE_LOOP ( 'NONE', ( #747, #721, #3854, #447 ) ) ;
#2972 = CARTESIAN_POINT ( 'NONE',  ( -11.99999999999999645, 8.500000000000168754, -4.999999999999997335 ) ) ;
#2973 = CARTESIAN_POINT ( 'NONE',  ( 49.50000000000000711, 14.50000000000000000, -4.500000000000000888 ) ) ;
#2974 = EDGE_CURVE ( 'NONE', #5182, #2768, #1583, .T. ) ;
#2975 = ORIENTED_EDGE ( 'NONE', *, *, #4973, .T. ) ;
#2976 = AXIS2_PLACEMENT_3D ( 'NONE', #3328, #3814, #2544 ) ;
#2977 = CARTESIAN_POINT ( 'NONE',  ( 39.00000000000000711, 2.291014067545305455, 21.99999999999999645 ) ) ;
#2978 = CARTESIAN_POINT ( 'NONE',  ( 39.00000000000000711, 5.291014067545305011, -11.87117219195301132 ) ) ;
#2979 = DIRECTION ( 'NONE',  ( 0.000000000000000000, 1.000000000000000000, 0.000000000000000000 ) ) ;
#2980 = ORIENTED_EDGE ( 'NONE', *, *, #4637, .F. ) ;
#2981 = EDGE_CURVE ( 'NONE', #4094, #5215, #2650, .T. ) ;
#2982 = EDGE_CURVE ( 'NONE', #3656, #638, #4522, .T. ) ;
#2983 = AXIS2_PLACEMENT_3D ( 'NONE', #534, #812, #2570 ) ;
#2984 = DIRECTION ( 'NONE',  ( 0.000000000000000000, 0.000000000000000000, -1.000000000000000000 ) ) ;
#2985 = ORIENTED_EDGE ( 'NONE', *, *, #819, .F. ) ;
#2986 = EDGE_CURVE ( 'NONE', #2581, #2608, #1003, .T. ) ;
#2987 = DIRECTION ( 'NONE',  ( -1.000000000000000000, 0.000000000000000000, 0.000000000000000000 ) ) ;
#2988 = ORIENTED_EDGE ( 'NONE', *, *, #4632, .T. ) ;
#2989 = LINE ( 'NONE', #773, #4709 ) ;
#2990 = AXIS2_PLACEMENT_3D ( 'NONE', #3005, #2913, #2366 ) ;
#2991 = DIRECTION ( 'NONE',  ( 0.000000000000000000, -1.000000000000000000, 0.000000000000000000 ) ) ;
#2992 = CARTESIAN_POINT ( 'NONE',  ( -49.99999999999999289, 14.50000000000000000, -4.500000000000002665 ) ) ;
#2994 = ORIENTED_EDGE ( 'NONE', *, *, #4262, .T. ) ;
#2993 = AXIS2_PLACEMENT_3D ( 'NONE', #1443, #4465, #4083 ) ;
#2995 = ORIENTED_EDGE ( 'NONE', *, *, #5367, .F. ) ;
#2996 = CARTESIAN_POINT ( 'NONE',  ( 39.00000000000000711, 17.70898593245469499, -11.87117219195301132 ) ) ;
#2997 = AXIS2_PLACEMENT_3D ( 'NONE', #5219, #4782, #4354 ) ;
#2998 = DIRECTION ( 'NONE',  ( 1.000000000000000000, -0.000000000000000000, -0.000000000000000000 ) ) ;
#2999 = AXIS2_PLACEMENT_3D ( 'NONE', #3486, #3867, #4757 ) ;
#3000 = DIRECTION ( 'NONE',  ( 0.000000000000000000, 0.000000000000000000, 1.000000000000000000 ) ) ;
#3001 = TOROIDAL_SURFACE ( 'NONE', #505, 4.500000000000000888, 0.5000000000000000000 ) ;
#3002 = ORIENTED_EDGE ( 'NONE', *, *, #629, .T. ) ;
#3003 = FACE_OUTER_BOUND ( 'NONE', #4228, .T. ) ;
#3004 = DIRECTION ( 'NONE',  ( 0.000000000000000000, 1.000000000000000000, 0.000000000000000000 ) ) ;
#3005 = CARTESIAN_POINT ( 'NONE',  ( -31.50000000000000000, 2.291014067545305455, -8.871172191953011321 ) ) ;
#3006 = CIRCLE ( 'NONE', #1806, 0.5000000000000004441 ) ;
#3007 = DIRECTION ( 'NONE',  ( 0.000000000000000000, 0.000000000000000000, 1.000000000000000000 ) ) ;
#3008 = CARTESIAN_POINT ( 'NONE',  ( 49.50000000000000711, 5.500000000000000000, 10.00000000000000178 ) ) ;
#3009 = AXIS2_PLACEMENT_3D ( 'NONE', #1228, #363, #3126 ) ;
#3010 = VERTEX_POINT ( 'NONE', #1767 ) ;
#3011 = EDGE_CURVE ( 'NONE', #4010, #717, #3883, .T. ) ;
#3012 = DIRECTION ( 'NONE',  ( -1.000000000000000000, -0.000000000000000000, -0.000000000000000000 ) ) ;
#3013 = EDGE_CURVE ( 'NONE', #51, #5112, #1, .T. ) ;
#3014 = ORIENTED_EDGE ( 'NONE', *, *, #916, .T. ) ;
#3015 = DIRECTION ( 'NONE',  ( 0.000000000000000000, -1.000000000000000000, 0.000000000000000000 ) ) ;
#3016 = ORIENTED_EDGE ( 'NONE', *, *, #4945, .F. ) ;
#3017 = CARTESIAN_POINT ( 'NONE',  ( 12.00000000000000000, 8.500000000000168754, -4.999999999999997335 ) ) ;
#3018 = AXIS2_PLACEMENT_3D ( 'NONE', #3484, #4805, #4298 ) ;
#3019 = EDGE_CURVE ( 'NONE', #4478, #3236, #96, .T. ) ;
#3020 = ORIENTED_EDGE ( 'NONE', *, *, #571, .T. ) ;
#3021 = ORIENTED_EDGE ( 'NONE', *, *, #3514, .F. ) ;
#3022 = DIRECTION ( 'NONE',  ( -0.000000000000000000, -0.000000000000000000, 1.000000000000000000 ) ) ;
#3023 = DIRECTION ( 'NONE',  ( 0.000000000000000000, 0.000000000000000000, 1.000000000000000000 ) ) ;
#3024 = DIRECTION ( 'NONE',  ( -0.000000000000000000, -0.000000000000000000, 1.000000000000000000 ) ) ;
#3025 = EDGE_LOOP ( 'NONE', ( #302, #5517, #1615, #3313 ) ) ;
#3026 = CYLINDRICAL_SURFACE ( 'NONE', #2622, 4.000000000000000000 ) ;
#3027 = CARTESIAN_POINT ( 'NONE',  ( -49.99999999999999289, 14.50000000000000000, 10.00000000000000178 ) ) ;
#3028 = DIRECTION ( 'NONE',  ( 0.000000000000000000, 0.000000000000000000, 1.000000000000000000 ) ) ;
#3029 = DIRECTION ( 'NONE',  ( -0.000000000000000000, 0.000000000000000000, 1.000000000000000000 ) ) ;
#3030 = DIRECTION ( 'NONE',  ( -0.000000000000000000, -0.000000000000000000, 1.000000000000000000 ) ) ;
#3031 = VERTEX_POINT ( 'NONE', #3197 ) ;
#3032 = EDGE_LOOP ( 'NONE', ( #2094, #1049 ) ) ;
#3033 = CARTESIAN_POINT ( 'NONE',  ( -16.73161276499844163, 5.062556206516027224, 24.50000000000000000 ) ) ;
#3034 = VECTOR ( 'NONE', #4319, 1000.000000000000000 ) ;
#3035 = EDGE_CURVE ( 'NONE', #5423, #2401, #4615, .T. ) ;
#3036 = ADVANCED_FACE ( 'NONE', ( #3163 ), #5077, .T. ) ;
#3037 = VERTEX_POINT ( 'NONE', #3522 ) ;
#3038 = CARTESIAN_POINT ( 'NONE',  ( -31.23161276499841676, 9.031278103258014056, 24.50000000000000000 ) ) ;
#3039 = ORIENTED_EDGE ( 'NONE', *, *, #3273, .F. ) ;
#3040 = AXIS2_PLACEMENT_3D ( 'NONE', #4239, #1221, #3300 ) ;
#3041 = LINE ( 'NONE', #4803, #4715 ) ;
#3042 = EDGE_LOOP ( 'NONE', ( #3651, #3421, #1816, #1907 ) ) ;
#3043 = CARTESIAN_POINT ( 'NONE',  ( -22.23161276499844519, 12.99999999999999822, 15.00000000000000178 ) ) ;
#3044 = AXIS2_PLACEMENT_3D ( 'NONE', #2569, #4812, #857 ) ;
#3045 = CARTESIAN_POINT ( 'NONE',  ( 50.00000000000000711, 5.291014067545305011, -15.62882780804699223 ) ) ;
#3046 = AXIS2_PLACEMENT_3D ( 'NONE', #5440, #3220, #4576 ) ;
#3047 = EDGE_CURVE ( 'NONE', #217, #4094, #5277, .T. ) ;
#3048 = CARTESIAN_POINT ( 'NONE',  ( -27.99999999999999645, 8.500000000000335731, -22.00000000000000355 ) ) ;
#3049 = ORIENTED_EDGE ( 'NONE', *, *, #5137, .F. ) ;
#3050 = LINE ( 'NONE', #2540, #4092 ) ;
#3051 = DIRECTION ( 'NONE',  ( -0.000000000000000000, -1.000000000000000000, -0.000000000000000000 ) ) ;
#3052 = VECTOR ( 'NONE', #346, 1000.000000000000000 ) ;
#3053 = DIRECTION ( 'NONE',  ( 0.000000000000000000, 0.000000000000000000, 1.000000000000000000 ) ) ;
#3054 = PLANE ( 'NONE',  #337 ) ;
#3055 = VECTOR ( 'NONE', #1690, 1000.000000000000000 ) ;
#3056 = ORIENTED_EDGE ( 'NONE', *, *, #4820, .F. ) ;
#3057 = VERTEX_POINT ( 'NONE', #60 ) ;
#3058 = AXIS2_PLACEMENT_3D ( 'NONE', #1333, #59, #3007 ) ;
#3059 = ORIENTED_EDGE ( 'NONE', *, *, #1399, .F. ) ;
#3060 = DIRECTION ( 'NONE',  ( -1.000000000000000000, 0.000000000000000000, 0.000000000000000000 ) ) ;
#3061 = VERTEX_POINT ( 'NONE', #890 ) ;
#3062 = CARTESIAN_POINT ( 'NONE',  ( -18.73161276499844163, 20.00000000000000000, 25.00000000000000000 ) ) ;
#3063 = ORIENTED_EDGE ( 'NONE', *, *, #2316, .F. ) ;
#3064 = ORIENTED_EDGE ( 'NONE', *, *, #2875, .F. ) ;
#3065 = DIRECTION ( 'NONE',  ( -0.000000000000000000, 1.000000000000000000, -0.000000000000000000 ) ) ;
#3066 = DIRECTION ( 'NONE',  ( 0.000000000000000000, 0.000000000000000000, 1.000000000000000000 ) ) ;
#3067 = ADVANCED_FACE ( 'NONE', ( #464 ), #30, .F. ) ;
#3068 = AXIS2_PLACEMENT_3D ( 'NONE', #4728, #2940, #3407 ) ;
#3069 = FACE_OUTER_BOUND ( 'NONE', #2945, .T. ) ;
#3070 = EDGE_LOOP ( 'NONE', ( #4940, #5365, #965, #2745, #1653 ) ) ;
#3071 = CARTESIAN_POINT ( 'NONE',  ( 49.50000000000000711, 5.291014067545305011, -8.871172191953011321 ) ) ;
#3072 = DIRECTION ( 'NONE',  ( 0.000000000000000000, 1.000000000000000000, 0.000000000000000000 ) ) ;
#3073 = CYLINDRICAL_SURFACE ( 'NONE', #2000, 4.999999999999990230 ) ;
#3074 = EDGE_CURVE ( 'NONE', #2152, #422, #1795, .T. ) ;
#3075 = CARTESIAN_POINT ( 'NONE',  ( 44.00000000000000000, 21.00000000000000000, 13.25000000000001243 ) ) ;
#3076 = VECTOR ( 'NONE', #599, 1000.000000000000000 ) ;
#3077 = EDGE_CURVE ( 'NONE', #3879, #4572, #1765, .T. ) ;
#3078 = LINE ( 'NONE', #2168, #3809 ) ;
#3079 = AXIS2_PLACEMENT_3D ( 'NONE', #917, #491, #2677 ) ;
#3080 = AXIS2_PLACEMENT_3D ( 'NONE', #5010, #4515, #3626 ) ;
#3081 = DIRECTION ( 'NONE',  ( 1.000000000000000000, 0.000000000000000000, 0.000000000000000000 ) ) ;
#3082 = CIRCLE ( 'NONE', #142, 3.000000000000000888 ) ;
#3083 = EDGE_CURVE ( 'NONE', #5112, #4541, #3789, .T. ) ;
#3084 = CIRCLE ( 'NONE', #4566, 4.999999999999990230 ) ;
#3085 = EDGE_CURVE ( 'NONE', #5187, #5607, #1304, .T. ) ;
#3086 = ORIENTED_EDGE ( 'NONE', *, *, #4174, .F. ) ;
#3087 = AXIS2_PLACEMENT_3D ( 'NONE', #3393, #5147, #5600 ) ;
#3088 = LINE ( 'NONE', #4902, #4661 ) ;
#3089 = VERTEX_POINT ( 'NONE', #4058 ) ;
#3090 = ORIENTED_EDGE ( 'NONE', *, *, #5648, .T. ) ;
#3091 = DIRECTION ( 'NONE',  ( 0.000000000000000000, 1.000000000000000000, 0.000000000000000000 ) ) ;
#3092 = DIRECTION ( 'NONE',  ( -0.000000000000000000, -1.000000000000000000, -0.000000000000000000 ) ) ;
#3093 = ORIENTED_EDGE ( 'NONE', *, *, #4848, .T. ) ;
#3094 = DIRECTION ( 'NONE',  ( 0.000000000000000000, 1.000000000000000000, 0.000000000000000000 ) ) ;
#3095 = CARTESIAN_POINT ( 'NONE',  ( 13.23161276499841321, 12.99999999999999822, 21.99999999999999645 ) ) ;
#3096 = DIRECTION ( 'NONE',  ( 1.000000000000000000, 0.000000000000000000, 0.000000000000000000 ) ) ;
#3097 = CIRCLE ( 'NONE', #4220, 0.5000000000000004441 ) ;
#3098 = ORIENTED_EDGE ( 'NONE', *, *, #3477, .T. ) ;
#3099 = CARTESIAN_POINT ( 'NONE',  ( -49.99999999999999289, 19.00000000000000000, 10.00000000000000178 ) ) ;
#3100 = LINE ( 'NONE', #1740, #3121 ) ;
#3101 = FACE_OUTER_BOUND ( 'NONE', #177, .T. ) ;
#3102 = EDGE_CURVE ( 'NONE', #2397, #4077, #4510, .T. ) ;
#3103 = CARTESIAN_POINT ( 'NONE',  ( -44.00000000000000000, 0.000000000000000000, -20.50000000000000355 ) ) ;
#3104 = EDGE_CURVE ( 'NONE', #1518, #3233, #5020, .T. ) ;
#3105 = CIRCLE ( 'NONE', #4030, 3.000000000000004441 ) ;
#3106 = CARTESIAN_POINT ( 'NONE',  ( 45.00000000000000711, 19.00000000000000000, -25.00000000000000000 ) ) ;
#3107 = DIRECTION ( 'NONE',  ( -1.000000000000000000, 0.000000000000000000, 0.000000000000000000 ) ) ;
#3108 = DIRECTION ( 'NONE',  ( 0.000000000000000000, 0.000000000000000000, 1.000000000000000000 ) ) ;
#3109 = ADVANCED_FACE ( 'NONE', ( #209 ), #1947, .T. ) ;
#3110 = VERTEX_POINT ( 'NONE', #947 ) ;
#3111 = EDGE_CURVE ( 'NONE', #3747, #1497, #2673, .T. ) ;
#3112 = EDGE_LOOP ( 'NONE', ( #2450, #149 ) ) ;
#3113 = DIRECTION ( 'NONE',  ( 0.000000000000000000, 1.000000000000000000, 0.000000000000000000 ) ) ;
#3114 = ORIENTED_EDGE ( 'NONE', *, *, #5237, .F. ) ;
#3115 = DIRECTION ( 'NONE',  ( 0.000000000000000000, 0.000000000000000000, 1.000000000000000000 ) ) ;
#3116 = AXIS2_PLACEMENT_3D ( 'NONE', #3963, #477, #1913 ) ;
#3117 = FACE_BOUND ( 'NONE', #3397, .T. ) ;
#3118 = CARTESIAN_POINT ( 'NONE',  ( -49.49999999999999289, 5.500000000000000888, 6.000000000000000888 ) ) ;
#3119 = DIRECTION ( 'NONE',  ( -1.000000000000000000, -0.000000000000000000, -0.000000000000000000 ) ) ;
#3120 = CARTESIAN_POINT ( 'NONE',  ( 39.00000000000000711, 5.500000000000000000, 6.000000000000000888 ) ) ;
#3121 = VECTOR ( 'NONE', #3051, 1000.000000000000000 ) ;
#3122 = FACE_OUTER_BOUND ( 'NONE', #2184, .T. ) ;
#3123 = EDGE_LOOP ( 'NONE', ( #2339, #4320, #5507, #68 ) ) ;
#3124 = DIRECTION ( 'NONE',  ( 1.000000000000000000, 0.000000000000000000, 0.000000000000000000 ) ) ;
#3125 = CARTESIAN_POINT ( 'NONE',  ( 49.50000000000000711, 14.70898593245469499, -12.12882780804699223 ) ) ;
#3126 = DIRECTION ( 'NONE',  ( -1.000000000000000000, 0.000000000000000000, 0.000000000000000000 ) ) ;
#3127 = ORIENTED_EDGE ( 'NONE', *, *, #3311, .F. ) ;
#3128 = FACE_OUTER_BOUND ( 'NONE', #1844, .T. ) ;
#3129 = AXIS2_PLACEMENT_3D ( 'NONE', #2619, #2138, #3516 ) ;
#3130 = CIRCLE ( 'NONE', #1487, 2.000000000000001776 ) ;
#3131 = DIRECTION ( 'NONE',  ( 0.000000000000000000, 0.000000000000000000, -1.000000000000000000 ) ) ;
#3132 = CARTESIAN_POINT ( 'NONE',  ( 25.23161276499842742, 1.500000000000001332, 21.99999999999999645 ) ) ;
#3133 = EDGE_CURVE ( 'NONE', #844, #1991, #3634, .T. ) ;
#3134 = CIRCLE ( 'NONE', #1121, 0.5000000000000004441 ) ;
#3135 = CYLINDRICAL_SURFACE ( 'NONE', #4752, 4.000000000000000000 ) ;
#3136 = DIRECTION ( 'NONE',  ( 0.000000000000000000, 1.000000000000000000, 1.224646799147353207E-16 ) ) ;
#3137 = CIRCLE ( 'NONE', #396, 4.000000000000000888 ) ;
#3138 = VERTEX_POINT ( 'NONE', #5390 ) ;
#3139 = EDGE_CURVE ( 'NONE', #4590, #3426, #2762, .T. ) ;
#3140 = CARTESIAN_POINT ( 'NONE',  ( 39.00000000000000711, 5.500000000000000000, 0.000000000000000000 ) ) ;
#3141 = ORIENTED_EDGE ( 'NONE', *, *, #171, .F. ) ;
#3142 = VERTEX_POINT ( 'NONE', #1448 ) ;
#3143 = EDGE_CURVE ( 'NONE', #5235, #677, #644, .T. ) ;
#3144 = ORIENTED_EDGE ( 'NONE', *, *, #896, .F. ) ;
#3145 = EDGE_CURVE ( 'NONE', #1445, #50, #147, .T. ) ;
#3146 = CIRCLE ( 'NONE', #4355, 4.500000000000000888 ) ;
#3147 = DIRECTION ( 'NONE',  ( -0.000000000000000000, -0.000000000000000000, -1.000000000000000000 ) ) ;
#3148 = ORIENTED_EDGE ( 'NONE', *, *, #1040, .T. ) ;
#3149 = CARTESIAN_POINT ( 'NONE',  ( -31.50000000000000000, 5.500000000000000000, 14.00000000000000178 ) ) ;
#3150 = DIRECTION ( 'NONE',  ( -0.000000000000000000, 0.000000000000000000, 1.000000000000000000 ) ) ;
#3151 = EDGE_CURVE ( 'NONE', #3142, #51, #3330, .T. ) ;
#3152 = FACE_OUTER_BOUND ( 'NONE', #4159, .T. ) ;
#3153 = CARTESIAN_POINT ( 'NONE',  ( 50.00000000000000711, 14.50000000000000000, 0.000000000000000000 ) ) ;
#3154 = VERTEX_POINT ( 'NONE', #4525 ) ;
#3155 = CARTESIAN_POINT ( 'NONE',  ( 19.23161276499841321, 12.99999999999999822, 24.50000000000000000 ) ) ;
#3156 = DIRECTION ( 'NONE',  ( 0.000000000000000000, -1.000000000000000000, 0.000000000000000000 ) ) ;
#3157 = CARTESIAN_POINT ( 'NONE',  ( 45.00000000000000711, 0.000000000000000000, -20.00000000000000000 ) ) ;
#3158 = TOROIDAL_SURFACE ( 'NONE', #686, 4.500000000000002665, 0.5000000000000000000 ) ;
#3159 = ORIENTED_EDGE ( 'NONE', *, *, #3133, .F. ) ;
#3160 = CARTESIAN_POINT ( 'NONE',  ( -25.23161276499845229, 5.062556206516027224, 24.50000000000000000 ) ) ;
#3161 = CARTESIAN_POINT ( 'NONE',  ( -38.99999999999999289, 1.500000000000001332, 21.99999999999999645 ) ) ;
#3162 = ORIENTED_EDGE ( 'NONE', *, *, #2793, .T. ) ;
#3163 = FACE_OUTER_BOUND ( 'NONE', #3458, .T. ) ;
#3164 = DIRECTION ( 'NONE',  ( -0.000000000000000000, -0.000000000000000000, 1.000000000000000000 ) ) ;
#3165 = DIRECTION ( 'NONE',  ( -1.000000000000000000, 0.000000000000000000, 0.000000000000000000 ) ) ;
#3166 = ORIENTED_EDGE ( 'NONE', *, *, #1040, .F. ) ;
#3167 = CIRCLE ( 'NONE', #4821, 0.5000000000000004441 ) ;
#3168 = CIRCLE ( 'NONE', #699, 0.5000000000000004441 ) ;
#3169 = DIRECTION ( 'NONE',  ( 1.000000000000000000, 0.000000000000000000, 0.000000000000000000 ) ) ;
#3170 = CC_DESIGN_PERSON_AND_ORGANIZATION_ASSIGNMENT ( #5553, #2958, ( #1560 ) ) ;
#3171 = ORIENTED_EDGE ( 'NONE', *, *, #859, .F. ) ;
#3172 = AXIS2_PLACEMENT_3D ( 'NONE', #1220, #4811, #5192 ) ;
#3173 = VERTEX_POINT ( 'NONE', #3666 ) ;
#3174 = FACE_OUTER_BOUND ( 'NONE', #551, .T. ) ;
#3175 = VECTOR ( 'NONE', #5310, 1000.000000000000000 ) ;
#3176 = ORIENTED_EDGE ( 'NONE', *, *, #710, .F. ) ;
#3177 = ORIENTED_EDGE ( 'NONE', *, *, #2277, .T. ) ;
#3178 = EDGE_CURVE ( 'NONE', #1561, #2907, #3787, .T. ) ;
#3179 = VERTEX_POINT ( 'NONE', #2396 ) ;
#3180 = TOROIDAL_SURFACE ( 'NONE', #2088, 4.500000000000000888, 0.5000000000000000000 ) ;
#3181 = DIRECTION ( 'NONE',  ( 0.000000000000000000, 0.000000000000000000, -1.000000000000000000 ) ) ;
#3182 = ADVANCED_FACE ( 'NONE', ( #1508 ), #1486, .T. ) ;
#3183 = ORIENTED_EDGE ( 'NONE', *, *, #1162, .F. ) ;
#3184 = CARTESIAN_POINT ( 'NONE',  ( 4.500000000000000000, 9.031278103258014056, 25.00000000000000000 ) ) ;
#3185 = DIRECTION ( 'NONE',  ( 0.000000000000000000, 0.000000000000000000, -1.000000000000000000 ) ) ;
#3186 = FACE_OUTER_BOUND ( 'NONE', #1144, .T. ) ;
#3187 = DIRECTION ( 'NONE',  ( 0.000000000000000000, 0.000000000000000000, 1.000000000000000000 ) ) ;
#3188 = EDGE_LOOP ( 'NONE', ( #3261, #1630, #4023, #1679, #5399, #5321, #2889, #4685 ) ) ;
#3189 = EDGE_CURVE ( 'NONE', #906, #135, #1015, .T. ) ;
#3190 = DIRECTION ( 'NONE',  ( 0.000000000000000000, -1.000000000000000000, 0.000000000000000000 ) ) ;
#3191 = CARTESIAN_POINT ( 'NONE',  ( -38.99999999999999289, 1.500000000000001332, 21.99999999999999645 ) ) ;
#3192 = CARTESIAN_POINT ( 'NONE',  ( 49.50000000000000711, 14.70898593245469499, -11.87117219195301132 ) ) ;
#3193 = ORIENTED_EDGE ( 'NONE', *, *, #3571, .T. ) ;
#3194 = DIRECTION ( 'NONE',  ( 0.000000000000000000, 0.000000000000000000, 1.000000000000000000 ) ) ;
#3195 = LINE ( 'NONE', #5329, #1604 ) ;
#3196 = ORIENTED_EDGE ( 'NONE', *, *, #797, .T. ) ;
#3197 = CARTESIAN_POINT ( 'NONE',  ( 28.00000000000000000, 8.500000000000168754, -22.00000000000000355 ) ) ;
#3198 = DIRECTION ( 'NONE',  ( -1.000000000000000000, -0.000000000000000000, -0.000000000000000000 ) ) ;
#3199 = DIRECTION ( 'NONE',  ( 0.000000000000000000, 0.000000000000000000, 1.000000000000000000 ) ) ;
#3200 = ORIENTED_EDGE ( 'NONE', *, *, #5652, .F. ) ;
#3201 = VECTOR ( 'NONE', #693, 1000.000000000000000 ) ;
#3202 = EDGE_LOOP ( 'NONE', ( #1871, #4165, #4237, #3093 ) ) ;
#3203 = VECTOR ( 'NONE', #2850, 1000.000000000000000 ) ;
#3204 = AXIS2_PLACEMENT_3D ( 'NONE', #2240, #2641, #4400 ) ;
#3205 = ORIENTED_EDGE ( 'NONE', *, *, #4480, .F. ) ;
#3206 = VERTEX_POINT ( 'NONE', #577 ) ;
#3207 = DIRECTION ( 'NONE',  ( 0.000000000000000000, 0.000000000000000000, -1.000000000000000000 ) ) ;
#3208 = ORIENTED_EDGE ( 'NONE', *, *, #3894, .F. ) ;
#3209 = ORIENTED_EDGE ( 'NONE', *, *, #3819, .T. ) ;
#3210 = EDGE_CURVE ( 'NONE', #3320, #2483, #1581, .T. ) ;
#3211 = DIRECTION ( 'NONE',  ( -0.000000000000000000, -0.000000000000000000, -1.000000000000000000 ) ) ;
#3212 = ADVANCED_FACE ( 'NONE', ( #4498 ), #4961, .F. ) ;
#3213 = ORIENTED_EDGE ( 'NONE', *, *, #2172, .T. ) ;
#3214 = COORDINATED_UNIVERSAL_TIME_OFFSET ( 1, 0, .AHEAD. ) ;
#3215 = ORIENTED_EDGE ( 'NONE', *, *, #3302, .T. ) ;
#3216 = DIRECTION ( 'NONE',  ( 0.000000000000000000, 0.000000000000000000, 1.000000000000000000 ) ) ;
#3217 = VECTOR ( 'NONE', #4129, 1000.000000000000000 ) ;
#3218 = LINE ( 'NONE', #3773, #5619 ) ;
#3219 = ORIENTED_EDGE ( 'NONE', *, *, #4222, .T. ) ;
#3220 = DIRECTION ( 'NONE',  ( 1.000000000000000000, -0.000000000000000000, 0.000000000000000000 ) ) ;
#3221 = CARTESIAN_POINT ( 'NONE',  ( -49.49999999999999289, 14.70898593245469499, -12.12882780804699223 ) ) ;
#3222 = FACE_OUTER_BOUND ( 'NONE', #3943, .T. ) ;
#3223 = CIRCLE ( 'NONE', #915, 0.5000000000000004441 ) ;
#3224 = EDGE_LOOP ( 'NONE', ( #616, #2954, #1602, #581 ) ) ;
#3225 = CARTESIAN_POINT ( 'NONE',  ( 22.23161276499842387, 5.062556206516027224, 24.50000000000000000 ) ) ;
#3226 = ADVANCED_FACE ( 'NONE', ( #3232 ), #469, .T. ) ;
#3227 = CARTESIAN_POINT ( 'NONE',  ( 45.00000000000000711, 20.00000000000000000, -20.00000000000000000 ) ) ;
#3228 = EDGE_CURVE ( 'NONE', #782, #5180, #95, .T. ) ;
#3229 = ORIENTED_EDGE ( 'NONE', *, *, #4589, .F. ) ;
#3230 = CARTESIAN_POINT ( 'NONE',  ( -49.99999999999999289, 5.291014067545305011, -12.12882780804699223 ) ) ;
#3231 = CARTESIAN_POINT ( 'NONE',  ( 31.23161276499841676, 9.031278103258014056, 24.50000000000000000 ) ) ;
#3232 = FACE_OUTER_BOUND ( 'NONE', #1917, .T. ) ;
#3233 = VERTEX_POINT ( 'NONE', #4125 ) ;
#3234 = AXIS2_PLACEMENT_3D ( 'NONE', #2456, #3359, #1543 ) ;
#3235 = CIRCLE ( 'NONE', #920, 4.000000000000001776 ) ;
#3236 = VERTEX_POINT ( 'NONE', #4701 ) ;
#3237 = EDGE_CURVE ( 'NONE', #17, #867, #5250, .T. ) ;
#3238 = AXIS2_PLACEMENT_3D ( 'NONE', #2046, #4692, #4670 ) ;
#3239 = AXIS2_PLACEMENT_3D ( 'NONE', #4977, #635, #2446 ) ;
#3240 = ORIENTED_EDGE ( 'NONE', *, *, #5145, .F. ) ;
#3241 = DIRECTION ( 'NONE',  ( 1.000000000000000000, -0.000000000000000000, -0.000000000000000000 ) ) ;
#3242 = EDGE_LOOP ( 'NONE', ( #2382, #2175, #4963, #1239 ) ) ;
#3243 = LINE ( 'NONE', #1575, #432 ) ;
#3244 = AXIS2_PLACEMENT_3D ( 'NONE', #3017, #4775, #2155 ) ;
#3245 = ORIENTED_EDGE ( 'NONE', *, *, #5510, .F. ) ;
#3246 = VERTEX_POINT ( 'NONE', #2429 ) ;
#3247 = ORIENTED_EDGE ( 'NONE', *, *, #3639, .T. ) ;
#3248 = DIRECTION ( 'NONE',  ( -1.000000000000000000, 0.000000000000000000, 0.000000000000000000 ) ) ;
#3249 = DIRECTION ( 'NONE',  ( 1.000000000000000000, 0.000000000000000000, 0.000000000000000000 ) ) ;
#3250 = ORIENTED_EDGE ( 'NONE', *, *, #1047, .F. ) ;
#3251 = DIRECTION ( 'NONE',  ( 0.000000000000000000, 1.000000000000000000, -0.000000000000000000 ) ) ;
#3252 = CYLINDRICAL_SURFACE ( 'NONE', #2489, 4.000000000000000000 ) ;
#3253 = AXIS2_PLACEMENT_3D ( 'NONE', #3161, #1066, #1444 ) ;
#3254 = ORIENTED_EDGE ( 'NONE', *, *, #4095, .F. ) ;
#3255 = DIRECTION ( 'NONE',  ( 1.000000000000000000, 0.000000000000000000, 0.000000000000000000 ) ) ;
#3256 = DIRECTION ( 'NONE',  ( 0.000000000000000000, 0.000000000000000000, -1.000000000000000000 ) ) ;
#3257 = CARTESIAN_POINT ( 'NONE',  ( -11.99999999999999645, 8.500000000000168754, -24.50000000000000000 ) ) ;
#3258 = DIRECTION ( 'NONE',  ( -0.000000000000000000, 1.000000000000000000, 0.000000000000000000 ) ) ;
#3259 = EDGE_CURVE ( 'NONE', #327, #3777, #5436, .T. ) ;
#3260 = DIRECTION ( 'NONE',  ( -1.000000000000000000, 0.000000000000000000, 0.000000000000000000 ) ) ;
#3261 = ORIENTED_EDGE ( 'NONE', *, *, #1119, .F. ) ;
#3262 = DIRECTION ( 'NONE',  ( -0.000000000000000000, -0.000000000000000000, -1.000000000000000000 ) ) ;
#3263 = AXIS2_PLACEMENT_3D ( 'NONE', #3946, #5293, #5686 ) ;
#3264 = VERTEX_POINT ( 'NONE', #5537 ) ;
#3265 = CARTESIAN_POINT ( 'NONE',  ( 49.50000000000000711, 5.500000000000000000, 10.00000000000000178 ) ) ;
#3266 = CARTESIAN_POINT ( 'NONE',  ( 13.23161276499841321, 12.99999999999999822, 24.50000000000000000 ) ) ;
#3267 = EDGE_CURVE ( 'NONE', #5012, #5233, #3782, .T. ) ;
#3268 = ORIENTED_EDGE ( 'NONE', *, *, #5093, .F. ) ;
#3269 = ORIENTED_EDGE ( 'NONE', *, *, #3440, .T. ) ;
#3270 = AXIS2_PLACEMENT_3D ( 'NONE', #5051, #673, #4123 ) ;
#3271 = CARTESIAN_POINT ( 'NONE',  ( -22.23161276499845229, 5.062556206516027224, 24.50000000000000000 ) ) ;
#3272 = DIRECTION ( 'NONE',  ( 0.000000000000000000, 0.000000000000000000, -1.000000000000000000 ) ) ;
#3273 = EDGE_CURVE ( 'NONE', #708, #4428, #3410, .T. ) ;
#3274 = CIRCLE ( 'NONE', #1523, 0.5000000000000004441 ) ;
#3275 = EDGE_LOOP ( 'NONE', ( #3268, #4344, #4071, #5681 ) ) ;
#3276 = ORIENTED_EDGE ( 'NONE', *, *, #3717, .T. ) ;
#3277 = CIRCLE ( 'NONE', #4743, 4.499999999999997335 ) ;
#3278 = ORIENTED_EDGE ( 'NONE', *, *, #3514, .T. ) ;
#3279 = AXIS2_PLACEMENT_3D ( 'NONE', #1656, #780, #3724 ) ;
#3280 = VECTOR ( 'NONE', #700, 1000.000000000000000 ) ;
#3281 = DIRECTION ( 'NONE',  ( 0.000000000000000000, 0.000000000000000000, 1.000000000000000000 ) ) ;
#3282 = CIRCLE ( 'NONE', #3378, 0.5000000000000004441 ) ;
#3283 = LINE ( 'NONE', #5037, #2197 ) ;
#3284 = TOROIDAL_SURFACE ( 'NONE', #1895, 3.500000000000002665, 0.5000000000000000000 ) ;
#3285 = ORIENTED_EDGE ( 'NONE', *, *, #13, .T. ) ;
#3286 = CARTESIAN_POINT ( 'NONE',  ( -38.99999999999999289, 1.500000000000001332, 21.99999999999999645 ) ) ;
#3287 = ORIENTED_EDGE ( 'NONE', *, *, #312, .F. ) ;
#3288 = CARTESIAN_POINT ( 'NONE',  ( 16.00000000000000000, 8.500000000000168754, -24.50000000000000000 ) ) ;
#3289 = ORIENTED_EDGE ( 'NONE', *, *, #4110, .F. ) ;
#3290 = TOROIDAL_SURFACE ( 'NONE', #2715, 4.500000000000000888, 0.5000000000000000000 ) ;
#3291 = CARTESIAN_POINT ( 'NONE',  ( 50.00000000000000711, 14.50000000000000000, 10.00000000000000178 ) ) ;
#3292 = FACE_OUTER_BOUND ( 'NONE', #189, .T. ) ;
#3293 = CARTESIAN_POINT ( 'NONE',  ( -9.731612764998439857, 20.00000000000000000, 25.00000000000000000 ) ) ;
#3294 = ORIENTED_EDGE ( 'NONE', *, *, #2064, .F. ) ;
#3295 = CYLINDRICAL_SURFACE ( 'NONE', #4121, 5.000000000000000888 ) ;
#3296 = FACE_OUTER_BOUND ( 'NONE', #1955, .T. ) ;
#3297 = ORIENTED_EDGE ( 'NONE', *, *, #5029, .F. ) ;
#3298 = CARTESIAN_POINT ( 'NONE',  ( 44.00000000000000000, 21.00000000000000000, 18.25000000000000355 ) ) ;
#3299 = DIRECTION ( 'NONE',  ( -1.000000000000000000, 0.000000000000000000, -0.000000000000000000 ) ) ;
#3300 = DIRECTION ( 'NONE',  ( -1.000000000000000000, 0.000000000000000000, 0.000000000000000000 ) ) ;
#3301 = ADVANCED_FACE ( 'NONE', ( #1600 ), #749, .T. ) ;
#3302 = EDGE_CURVE ( 'NONE', #1695, #4428, #4045, .T. ) ;
#3303 = ORIENTED_EDGE ( 'NONE', *, *, #270, .T. ) ;
#3304 = ORIENTED_EDGE ( 'NONE', *, *, #3384, .T. ) ;
#3305 = FACE_OUTER_BOUND ( 'NONE', #3513, .T. ) ;
#3306 = CIRCLE ( 'NONE', #4769, 3.000000000000002665 ) ;
#3307 = FACE_OUTER_BOUND ( 'NONE', #1398, .T. ) ;
#3308 = ORIENTED_EDGE ( 'NONE', *, *, #766, .F. ) ;
#3309 = ORIENTED_EDGE ( 'NONE', *, *, #4282, .T. ) ;
#3310 = LOCAL_TIME ( 13, 57, 8.000000000000000000, #3214 ) ;
#3311 = EDGE_CURVE ( 'NONE', #5033, #5094, #3503, .T. ) ;
#3312 = DIRECTION ( 'NONE',  ( 0.000000000000000000, 0.000000000000000000, -1.000000000000000000 ) ) ;
#3313 = ORIENTED_EDGE ( 'NONE', *, *, #4944, .F. ) ;
#3314 = ORIENTED_EDGE ( 'NONE', *, *, #521, .T. ) ;
#3315 = CARTESIAN_POINT ( 'NONE',  ( 39.00000000000000711, 2.291014067545305455, -12.12882780804699223 ) ) ;
#3316 = VERTEX_POINT ( 'NONE', #675 ) ;
#3317 = DIRECTION ( 'NONE',  ( 0.000000000000000000, 0.000000000000000000, 1.000000000000000000 ) ) ;
#3318 = DIRECTION ( 'NONE',  ( -0.000000000000000000, -0.000000000000000000, -1.000000000000000000 ) ) ;
#3319 = DIRECTION ( 'NONE',  ( -1.000000000000000000, -0.000000000000000000, -0.000000000000000000 ) ) ;
#3320 = VERTEX_POINT ( 'NONE', #326 ) ;
#3321 = FACE_OUTER_BOUND ( 'NONE', #1830, .T. ) ;
#3322 = DIRECTION ( 'NONE',  ( -1.000000000000000000, 0.000000000000000000, 0.000000000000000000 ) ) ;
#3323 = CARTESIAN_POINT ( 'NONE',  ( -44.00000000000000000, 0.000000000000000000, -18.25000000000000355 ) ) ;
#3324 = DIRECTION ( 'NONE',  ( 1.000000000000000000, 0.000000000000000000, 0.000000000000000000 ) ) ;
#3325 = CARTESIAN_POINT ( 'NONE',  ( 31.23161276499841676, 9.031278103258014056, 25.00000000000000000 ) ) ;
#3326 = VECTOR ( 'NONE', #2153, 1000.000000000000000 ) ;
#3327 = EDGE_LOOP ( 'NONE', ( #2431, #3615 ) ) ;
#3328 = CARTESIAN_POINT ( 'NONE',  ( -13.23161276499844163, 12.99999999999999822, 24.50000000000000000 ) ) ;
#3329 = EDGE_CURVE ( 'NONE', #2285, #3706, #2125, .T. ) ;
#3330 = CIRCLE ( 'NONE', #2672, 4.000000000000000000 ) ;
#3331 = ORIENTED_EDGE ( 'NONE', *, *, #1510, .T. ) ;
#3332 = CYLINDRICAL_SURFACE ( 'NONE', #461, 5.000000000000004441 ) ;
#3333 = AXIS2_PLACEMENT_3D ( 'NONE', #4640, #2016, #3774 ) ;
#3334 = CARTESIAN_POINT ( 'NONE',  ( -30.49999999999999289, 8.500000000000000000, -24.50000000000000000 ) ) ;
#3335 = AXIS2_PLACEMENT_3D ( 'NONE', #5667, #5300, #4864 ) ;
#3336 = AXIS2_PLACEMENT_3D ( 'NONE', #5378, #2725, #907 ) ;
#3337 = ORIENTED_EDGE ( 'NONE', *, *, #3273, .T. ) ;
#3338 = EDGE_CURVE ( 'NONE', #74, #5087, #1946, .T. ) ;
#3339 = CIRCLE ( 'NONE', #2228, 4.500000000000000888 ) ;
#3340 = DIRECTION ( 'NONE',  ( -1.000000000000000000, 0.000000000000000000, 0.000000000000000000 ) ) ;
#3341 = EDGE_CURVE ( 'NONE', #3206, #324, #4246, .T. ) ;
#3342 = ORIENTED_EDGE ( 'NONE', *, *, #4167, .F. ) ;
#3343 = EDGE_CURVE ( 'NONE', #3653, #9, #1764, .T. ) ;
#3344 = DATE_AND_TIME ( #1584, #5316 ) ;
#3345 = VERTEX_POINT ( 'NONE', #5165 ) ;
#3346 = TOROIDAL_SURFACE ( 'NONE', #5352, 4.500000000000000888, 0.5000000000000000000 ) ;
#3347 = DIRECTION ( 'NONE',  ( 1.000000000000000000, 0.000000000000000000, 0.000000000000000000 ) ) ;
#3348 = EDGE_LOOP ( 'NONE', ( #921, #5083, #4986, #1957 ) ) ;
#3349 = FACE_OUTER_BOUND ( 'NONE', #5674, .T. ) ;
#3350 = FACE_OUTER_BOUND ( 'NONE', #2028, .T. ) ;
#3351 = EDGE_CURVE ( 'NONE', #5180, #4448, #4613, .T. ) ;
#3352 = VERTEX_POINT ( 'NONE', #3389 ) ;
#3353 = DIRECTION ( 'NONE',  ( 0.000000000000000000, 1.000000000000000000, 0.000000000000000000 ) ) ;
#3354 = LINE ( 'NONE', #3755, #5179 ) ;
#3355 = CIRCLE ( 'NONE', #4538, 4.500000000000000888 ) ;
#3356 = DIRECTION ( 'NONE',  ( 0.000000000000000000, 0.000000000000000000, 1.000000000000000000 ) ) ;
#3357 = VERTEX_POINT ( 'NONE', #1194 ) ;
#3358 = LINE ( 'NONE', #4124, #2536 ) ;
#3359 = DIRECTION ( 'NONE',  ( -0.000000000000000000, 0.000000000000000000, 1.000000000000000000 ) ) ;
#3360 = CIRCLE ( 'NONE', #4636, 4.000000000000000000 ) ;
#3361 = DIRECTION ( 'NONE',  ( -1.000000000000000000, 0.000000000000000000, 0.000000000000000000 ) ) ;
#3362 = ORIENTED_EDGE ( 'NONE', *, *, #3906, .T. ) ;
#3363 = CARTESIAN_POINT ( 'NONE',  ( 12.00000000000000000, 8.500000000000168754, -24.50000000000000000 ) ) ;
#3364 = DIRECTION ( 'NONE',  ( 0.000000000000000000, 0.000000000000000000, -1.000000000000000000 ) ) ;
#3365 = AXIS2_PLACEMENT_3D ( 'NONE', #47, #4787, #3927 ) ;
#3366 = VERTEX_POINT ( 'NONE', #1137 ) ;
#3367 = CARTESIAN_POINT ( 'NONE',  ( -49.99999999999999289, 14.50000000000000000, 10.00000000000000178 ) ) ;
#3368 = EDGE_CURVE ( 'NONE', #1709, #4932, #5169, .T. ) ;
#3369 = CIRCLE ( 'NONE', #5476, 2.999999999999999112 ) ;
#3370 = AXIS2_PLACEMENT_3D ( 'NONE', #2942, #1739, #4700 ) ;
#3371 = VERTEX_POINT ( 'NONE', #3844 ) ;
#3372 = VECTOR ( 'NONE', #1212, 1000.000000000000000 ) ;
#3373 = ADVANCED_FACE ( 'NONE', ( #5482 ), #3423, .T. ) ;
#3374 = CYLINDRICAL_SURFACE ( 'NONE', #2664, 4.000000000000000000 ) ;
#3375 = ORIENTED_EDGE ( 'NONE', *, *, #160, .F. ) ;
#3376 = CARTESIAN_POINT ( 'NONE',  ( 12.00000000000000000, 8.500000000000168754, -22.00000000000000355 ) ) ;
#3377 = CARTESIAN_POINT ( 'NONE',  ( 22.23161276499841676, 12.99999999999999822, 24.50000000000000000 ) ) ;
#3378 = AXIS2_PLACEMENT_3D ( 'NONE', #3847, #1665, #2572 ) ;
#3379 = DIRECTION ( 'NONE',  ( -0.000000000000000000, -0.000000000000000000, 1.000000000000000000 ) ) ;
#3380 = CIRCLE ( 'NONE', #873, 0.5000000000000004441 ) ;
#3381 = ORIENTED_EDGE ( 'NONE', *, *, #240, .T. ) ;
#3382 = CARTESIAN_POINT ( 'NONE',  ( 16.73161276499842032, 12.99999999999999822, 24.50000000000000000 ) ) ;
#3383 = DIRECTION ( 'NONE',  ( -1.000000000000000000, 0.000000000000000000, 0.000000000000000000 ) ) ;
#3384 = EDGE_CURVE ( 'NONE', #2152, #5187, #356, .T. ) ;
#3385 = AXIS2_PLACEMENT_3D ( 'NONE', #3192, #2363, #77 ) ;
#3386 = DIRECTION ( 'NONE',  ( 0.000000000000000000, 0.000000000000000000, 1.000000000000000000 ) ) ;
#3387 = ORIENTED_EDGE ( 'NONE', *, *, #2025, .T. ) ;
#3388 = DIRECTION ( 'NONE',  ( 0.000000000000000000, -0.000000000000000000, -1.000000000000000000 ) ) ;
#3389 = CARTESIAN_POINT ( 'NONE',  ( 39.00000000000000711, 19.00000000000000000, 18.25000000000000355 ) ) ;
#3390 = CARTESIAN_POINT ( 'NONE',  ( 27.39407435200384811, 9.031278103258014056, 25.00000000000000000 ) ) ;
#3391 = VERTEX_POINT ( 'NONE', #2110 ) ;
#3392 = DIRECTION ( 'NONE',  ( 1.000000000000000000, 0.000000000000000000, 0.000000000000000000 ) ) ;
#3393 = CARTESIAN_POINT ( 'NONE',  ( -44.00000000000000000, 19.00000000000000000, 18.25000000000000355 ) ) ;
#3394 = ORIENTED_EDGE ( 'NONE', *, *, #5363, .F. ) ;
#3395 = AXIS2_PLACEMENT_3D ( 'NONE', #1832, #1352, #1811 ) ;
#3396 = FACE_OUTER_BOUND ( 'NONE', #5632, .T. ) ;
#3397 = EDGE_LOOP ( 'NONE', ( #4195, #2684 ) ) ;
#3398 = EDGE_CURVE ( 'NONE', #3233, #2176, #919, .T. ) ;
#3399 = DIRECTION ( 'NONE',  ( 1.000000000000000000, -0.000000000000000000, 0.000000000000000000 ) ) ;
#3400 = ORIENTED_EDGE ( 'NONE', *, *, #927, .F. ) ;
#3401 = CARTESIAN_POINT ( 'NONE',  ( -36.99999999999999289, 19.00000000000000355, -22.00000000000000355 ) ) ;
#3402 = DIRECTION ( 'NONE',  ( 0.000000000000000000, -1.000000000000000000, 0.000000000000000000 ) ) ;
#3403 = LINE ( 'NONE', #4178, #1629 ) ;
#3404 = ORIENTED_EDGE ( 'NONE', *, *, #3143, .T. ) ;
#3405 = CARTESIAN_POINT ( 'NONE',  ( 12.00000000000000000, 8.500000000000168754, -4.999999999999997335 ) ) ;
#3406 = CARTESIAN_POINT ( 'NONE',  ( 19.23161276499841321, 12.99999999999999822, 15.00000000000000178 ) ) ;
#3407 = DIRECTION ( 'NONE',  ( 1.000000000000000000, 0.000000000000000000, 0.000000000000000000 ) ) ;
#3408 = ORIENTED_EDGE ( 'NONE', *, *, #3267, .T. ) ;
#3409 = DIRECTION ( 'NONE',  ( 0.000000000000000000, 0.000000000000000000, -1.000000000000000000 ) ) ;
#3410 = LINE ( 'NONE', #268, #3702 ) ;
#3411 = EDGE_CURVE ( 'NONE', #5611, #3969, #1682, .T. ) ;
#3412 = ADVANCED_FACE ( 'NONE', ( #1711 ), #3439, .F. ) ;
#3413 = EDGE_CURVE ( 'NONE', #4057, #5526, #3100, .T. ) ;
#3414 = FACE_OUTER_BOUND ( 'NONE', #5356, .T. ) ;
#3415 = AXIS2_PLACEMENT_3D ( 'NONE', #153, #5258, #845 ) ;
#3416 = CARTESIAN_POINT ( 'NONE',  ( -9.731612764998438081, 12.99999999999999822, 24.50000000000000000 ) ) ;
#3417 = DIRECTION ( 'NONE',  ( 0.000000000000000000, 0.000000000000000000, -1.000000000000000000 ) ) ;
#3418 = ORIENTED_EDGE ( 'NONE', *, *, #2764, .F. ) ;
#3419 = AXIS2_PLACEMENT_3D ( 'NONE', #1559, #1527, #2444 ) ;
#3420 = AXIS2_PLACEMENT_3D ( 'NONE', #203, #640, #3131 ) ;
#3421 = ORIENTED_EDGE ( 'NONE', *, *, #653, .T. ) ;
#3422 = DIRECTION ( 'NONE',  ( 0.000000000000000000, 0.000000000000000000, 1.000000000000000000 ) ) ;
#3423 = TOROIDAL_SURFACE ( 'NONE', #4793, 4.500000000000000888, 0.5000000000000000000 ) ;
#3424 = VECTOR ( 'NONE', #614, 1000.000000000000000 ) ;
#3425 = COORDINATED_UNIVERSAL_TIME_OFFSET ( 1, 0, .AHEAD. ) ;
#3426 = VERTEX_POINT ( 'NONE', #4386 ) ;
#3427 = AXIS2_PLACEMENT_3D ( 'NONE', #3125, #567, #3595 ) ;
#3428 = LINE ( 'NONE', #3801, #3878 ) ;
#3429 = ORIENTED_EDGE ( 'NONE', *, *, #1253, .F. ) ;
#3430 = FACE_OUTER_BOUND ( 'NONE', #2377, .T. ) ;
#3431 = CARTESIAN_POINT ( 'NONE',  ( 44.00000000000000000, 0.000000000000000000, 18.25000000000000355 ) ) ;
#3432 = DIRECTION ( 'NONE',  ( -0.000000000000000000, -0.000000000000000000, -1.000000000000000000 ) ) ;
#3433 = VERTEX_POINT ( 'NONE', #4332 ) ;
#3434 = AXIS2_PLACEMENT_3D ( 'NONE', #4108, #1920, #1860 ) ;
#3435 = CARTESIAN_POINT ( 'NONE',  ( -19.49999999999999645, 8.500000000000335731, -25.00000000000000000 ) ) ;
#3436 = CARTESIAN_POINT ( 'NONE',  ( 17.00000000000000000, 5.500000000000000000, -4.000000000000000000 ) ) ;
#3437 = ORIENTED_EDGE ( 'NONE', *, *, #2416, .T. ) ;
#3438 = CARTESIAN_POINT ( 'NONE',  ( 50.00000000000000711, 5.500000000000001776, 5.500000000000001776 ) ) ;
#3439 = PLANE ( 'NONE',  #3129 ) ;
#3440 = EDGE_CURVE ( 'NONE', #1777, #4904, #1388, .T. ) ;
#3441 = DIRECTION ( 'NONE',  ( -1.000000000000000000, 0.000000000000000000, 0.000000000000000000 ) ) ;
#3442 = DIRECTION ( 'NONE',  ( 1.000000000000000000, 0.000000000000000000, 0.000000000000000000 ) ) ;
#3443 = EDGE_CURVE ( 'NONE', #2907, #1561, #2857, .T. ) ;
#3444 = CARTESIAN_POINT ( 'NONE',  ( 50.00000000000000000, 19.00000000000000000, -19.99999999999999645 ) ) ;
#3445 = DIRECTION ( 'NONE',  ( -0.000000000000000000, -0.000000000000000000, 1.000000000000000000 ) ) ;
#3446 = EDGE_LOOP ( 'NONE', ( #428, #1454, #3985, #5191, #4968, #579, #565, #4804, #594, #625, #4012, #4032, #821, #3309, #5046, #3219, #3579, #2780, #383, #4318 ) ) ;
#3447 = EDGE_LOOP ( 'NONE', ( #2740, #692, #5494, #4628 ) ) ;
#3448 = EDGE_CURVE ( 'NONE', #5397, #1777, #4762, .T. ) ;
#3449 = CIRCLE ( 'NONE', #3263, 3.499999999999999556 ) ;
#3450 = CARTESIAN_POINT ( 'NONE',  ( -31.50000000000000000, 5.500000000000000000, 0.000000000000000000 ) ) ;
#3451 = ORIENTED_EDGE ( 'NONE', *, *, #1723, .F. ) ;
#3452 = CARTESIAN_POINT ( 'NONE',  ( 3.469446951953614189E-15, 8.500000000000000000, -24.50000000000000000 ) ) ;
#3453 = ORIENTED_EDGE ( 'NONE', *, *, #3145, .F. ) ;
#3454 = VECTOR ( 'NONE', #1597, 1000.000000000000000 ) ;
#3455 = CARTESIAN_POINT ( 'NONE',  ( 17.00000000000000000, 5.291014067545305011, -12.12882780804699223 ) ) ;
#3457 = EDGE_LOOP ( 'NONE', ( #5630, #4106 ) ) ;
#3456 = VECTOR ( 'NONE', #4516, 1000.000000000000000 ) ;
#3458 = EDGE_LOOP ( 'NONE', ( #2874, #2162, #183, #3502, #5042 ) ) ;
#3459 = DIRECTION ( 'NONE',  ( 0.000000000000000000, 0.000000000000000000, -1.000000000000000000 ) ) ;
#3460 = TOROIDAL_SURFACE ( 'NONE', #2802, 4.500000000000005329, 0.5000000000000000000 ) ;
#3461 = CARTESIAN_POINT ( 'NONE',  ( -49.49999999999999289, 14.70898593245469499, -15.12882780804699223 ) ) ;
#3462 = AXIS2_PLACEMENT_3D ( 'NONE', #754, #5221, #1245 ) ;
#3463 = FACE_OUTER_BOUND ( 'NONE', #4104, .T. ) ;
#3464 = ORIENTED_EDGE ( 'NONE', *, *, #569, .F. ) ;
#3465 = CARTESIAN_POINT ( 'NONE',  ( 39.00000000000000711, 1.500000000000001332, -15.12882780804699223 ) ) ;
#3466 = DIRECTION ( 'NONE',  ( 1.000000000000000000, -0.000000000000000000, 0.000000000000000000 ) ) ;
#3467 = ORIENTED_EDGE ( 'NONE', *, *, #43, .T. ) ;
#3468 = DIRECTION ( 'NONE',  ( -1.000000000000000000, 0.000000000000000000, 0.000000000000000000 ) ) ;
#3469 = CIRCLE ( 'NONE', #1434, 0.5000000000000004441 ) ;
#3470 = DIRECTION ( 'NONE',  ( 0.000000000000000000, 0.000000000000000000, 1.000000000000000000 ) ) ;
#3471 = EDGE_CURVE ( 'NONE', #2176, #3246, #3590, .T. ) ;
#3472 = EDGE_CURVE ( 'NONE', #1848, #3352, #4339, .T. ) ;
#3473 = DIRECTION ( 'NONE',  ( 0.000000000000000000, 0.000000000000000000, 1.000000000000000000 ) ) ;
#3474 = CIRCLE ( 'NONE', #973, 4.030830943431200630 ) ;
#3475 = ORIENTED_EDGE ( 'NONE', *, *, #1472, .T. ) ;
#3476 = DIRECTION ( 'NONE',  ( 0.000000000000000000, 1.000000000000000000, 0.000000000000000000 ) ) ;
#3477 = EDGE_CURVE ( 'NONE', #1522, #2124, #2595, .T. ) ;
#3478 = ORIENTED_EDGE ( 'NONE', *, *, #4420, .T. ) ;
#3479 = DIRECTION ( 'NONE',  ( 0.000000000000000000, 0.000000000000000000, 1.000000000000000000 ) ) ;
#3480 = ORIENTED_EDGE ( 'NONE', *, *, #5334, .F. ) ;
#3481 = LINE ( 'NONE', #3062, #4799 ) ;
#3482 = AXIS2_PLACEMENT_3D ( 'NONE', #1189, #3459, #5240 ) ;
#3483 = ORIENTED_EDGE ( 'NONE', *, *, #4598, .F. ) ;
#3484 = CARTESIAN_POINT ( 'NONE',  ( 3.469446951953614189E-15, 8.500000000000000000, -25.00000000000000000 ) ) ;
#3485 = AXIS2_PLACEMENT_3D ( 'NONE', #5591, #4674, #5048 ) ;
#3486 = CARTESIAN_POINT ( 'NONE',  ( 44.00000000000000000, 0.000000000000000000, 18.25000000000000355 ) ) ;
#3487 = ORGANIZATION ( 'UNSPECIFIED', 'UNSPECIFIED', '' ) ;
#3488 = CYLINDRICAL_SURFACE ( 'NONE', #1160, 2.250000000000001776 ) ;
#3489 = ORIENTED_EDGE ( 'NONE', *, *, #5056, .F. ) ;
#3490 = DIRECTION ( 'NONE',  ( -0.000000000000000000, 1.000000000000000000, -0.000000000000000000 ) ) ;
#3491 = DIRECTION ( 'NONE',  ( 0.000000000000000000, 0.000000000000000000, 1.000000000000000000 ) ) ;
#3492 = CARTESIAN_POINT ( 'NONE',  ( -38.99999999999999289, 1.500000000000001332, 21.99999999999999645 ) ) ;
#3493 = CARTESIAN_POINT ( 'NONE',  ( -49.99999999999999289, 14.50000000000000000, 14.50000000000000178 ) ) ;
#3494 = ORIENTED_EDGE ( 'NONE', *, *, #2442, .T. ) ;
#3495 = AXIS2_PLACEMENT_3D ( 'NONE', #4655, #4247, #761 ) ;
#3496 = CC_DESIGN_PERSON_AND_ORGANIZATION_ASSIGNMENT ( #2522, #369, ( #5054 ) ) ;
#3497 = DIRECTION ( 'NONE',  ( 0.000000000000000000, 0.000000000000000000, 1.000000000000000000 ) ) ;
#3498 = ADVANCED_FACE ( 'NONE', ( #385 ), #1358, .T. ) ;
#3499 = EDGE_LOOP ( 'NONE', ( #3418, #2776, #4434, #4536, #4 ) ) ;
#3500 = CARTESIAN_POINT ( 'NONE',  ( 50.00000000000000711, 10.00000000000000000, 0.000000000000000000 ) ) ;
#3501 = EDGE_CURVE ( 'NONE', #4264, #1311, #1018, .T. ) ;
#3502 = ORIENTED_EDGE ( 'NONE', *, *, #2835, .F. ) ;
#3503 = CIRCLE ( 'NONE', #4706, 0.5000000000000004441 ) ;
#3504 = LINE ( 'NONE', #1290, #1131 ) ;
#3505 = EDGE_CURVE ( 'NONE', #4682, #1140, #202, .T. ) ;
#3506 = AXIS2_PLACEMENT_3D ( 'NONE', #5330, #4895, #1384 ) ;
#3507 = VERTEX_POINT ( 'NONE', #486 ) ;
#3508 = LINE ( 'NONE', #3536, #893 ) ;
#3509 = AXIS2_PLACEMENT_3D ( 'NONE', #1156, #3402, #2071 ) ;
#3510 = CARTESIAN_POINT ( 'NONE',  ( 44.00000000000000000, 19.00000000000000000, 13.25000000000001243 ) ) ;
#3511 = VECTOR ( 'NONE', #1987, 1000.000000000000000 ) ;
#3512 = CARTESIAN_POINT ( 'NONE',  ( 44.00000000000000000, 19.00000000000000000, 23.24999999999999289 ) ) ;
#3513 = EDGE_LOOP ( 'NONE', ( #641, #280 ) ) ;
#3514 = EDGE_CURVE ( 'NONE', #4817, #422, #2588, .T. ) ;
#3515 = CARTESIAN_POINT ( 'NONE',  ( -35.76244370842962184, 9.031278103258014056, 24.50000000000000000 ) ) ;
#3516 = DIRECTION ( 'NONE',  ( 0.000000000000000000, 0.000000000000000000, -1.000000000000000000 ) ) ;
#3517 = EDGE_CURVE ( 'NONE', #3233, #4937, #838, .T. ) ;
#3518 = VECTOR ( 'NONE', #719, 1000.000000000000000 ) ;
#3519 = FACE_OUTER_BOUND ( 'NONE', #2254, .T. ) ;
#3520 = ADVANCED_FACE ( 'NONE', ( #885, #1688 ), #833, .F. ) ;
#3521 = DIRECTION ( 'NONE',  ( 0.000000000000000000, 0.000000000000000000, -1.000000000000000000 ) ) ;
#3522 = CARTESIAN_POINT ( 'NONE',  ( 50.00000000000000711, 0.000000000000000000, -19.99999999999999645 ) ) ;
#3523 = DIRECTION ( 'NONE',  ( -1.000000000000000000, 0.000000000000000000, -0.000000000000000000 ) ) ;
#3524 = AXIS2_PLACEMENT_3D ( 'NONE', #786, #5624, #2458 ) ;
#3525 = EDGE_LOOP ( 'NONE', ( #2917, #3815, #1483, #4768, #1945 ) ) ;
#3526 = CIRCLE ( 'NONE', #3058, 4.000000000000000000 ) ;
#3527 = DIRECTION ( 'NONE',  ( 0.000000000000000000, 1.000000000000000000, 0.000000000000000000 ) ) ;
#3528 = EDGE_LOOP ( 'NONE', ( #5135, #2710, #3437, #1188, #1732 ) ) ;
#3529 = EDGE_LOOP ( 'NONE', ( #4096, #1978, #3671, #451, #2812 ) ) ;
#3530 = CARTESIAN_POINT ( 'NONE',  ( 44.00000000000000000, 21.00000000000000000, 18.25000000000000355 ) ) ;
#3531 = EDGE_CURVE ( 'NONE', #677, #2440, #5629, .T. ) ;
#3532 = ORIENTED_EDGE ( 'NONE', *, *, #2654, .T. ) ;
#3533 = CARTESIAN_POINT ( 'NONE',  ( 8.000000000000000000, 8.500000000000168754, -24.50000000000000000 ) ) ;
#3534 = VERTEX_POINT ( 'NONE', #1276 ) ;
#3535 = ORIENTED_EDGE ( 'NONE', *, *, #5131, .T. ) ;
#3536 = CARTESIAN_POINT ( 'NONE',  ( 39.00000000000000711, 19.00000000000000000, 21.99999999999999645 ) ) ;
#3537 = EDGE_CURVE ( 'NONE', #2497, #194, #5538, .T. ) ;
#3538 = DIRECTION ( 'NONE',  ( -1.000000000000000000, 0.000000000000000000, 0.000000000000000000 ) ) ;
#3539 = AXIS2_PLACEMENT_3D ( 'NONE', #3230, #1069, #3726 ) ;
#3540 = CYLINDRICAL_SURFACE ( 'NONE', #2347, 4.000000000000007105 ) ;
#3541 = ORIENTED_EDGE ( 'NONE', *, *, #3581, .F. ) ;
#3542 = DIRECTION ( 'NONE',  ( -0.000000000000000000, 1.000000000000000000, -0.000000000000000000 ) ) ;
#3543 = DIRECTION ( 'NONE',  ( -1.000000000000000000, 0.000000000000000000, 0.000000000000000000 ) ) ;
#3544 = CARTESIAN_POINT ( 'NONE',  ( -16.23161276499844519, 5.062556206516027224, 15.00000000000000178 ) ) ;
#3545 = LINE ( 'NONE', #5303, #3456 ) ;
#3546 = AXIS2_PLACEMENT_3D ( 'NONE', #3947, #483, #3994 ) ;
#3547 = EDGE_CURVE ( 'NONE', #3357, #395, #3926, .T. ) ;
#3548 = CARTESIAN_POINT ( 'NONE',  ( -38.99999999999999289, 19.00000000000000000, 21.99999999999999645 ) ) ;
#3549 = CIRCLE ( 'NONE', #959, 0.5000000000000004441 ) ;
#3550 = CIRCLE ( 'NONE', #4741, 4.000000000000003553 ) ;
#3551 = CARTESIAN_POINT ( 'NONE',  ( -49.99999999999999289, 5.291014067545305011, -8.871172191953011321 ) ) ;
#3552 = CARTESIAN_POINT ( 'NONE',  ( 49.50000000000000711, 14.50000000000000000, 0.000000000000000000 ) ) ;
#3553 = AXIS2_PLACEMENT_3D ( 'NONE', #84, #4497, #1796 ) ;
#3554 = ORIENTED_EDGE ( 'NONE', *, *, #4833, .F. ) ;
#3555 = VECTOR ( 'NONE', #1791, 1000.000000000000000 ) ;
#3556 = LINE ( 'NONE', #4069, #2811 ) ;
#3557 = VERTEX_POINT ( 'NONE', #1411 ) ;
#3558 = CARTESIAN_POINT ( 'NONE',  ( 39.00000000000000711, 1.500000000000001332, 21.99999999999999645 ) ) ;
#3559 = DIRECTION ( 'NONE',  ( -1.000000000000000000, -0.000000000000000000, -0.000000000000000000 ) ) ;
#3560 = AXIS2_PLACEMENT_3D ( 'NONE', #852, #2642, #1242 ) ;
#3561 = CARTESIAN_POINT ( 'NONE',  ( 49.50000000000000711, 14.50000000000000000, 4.000000000000000888 ) ) ;
#3562 = EDGE_CURVE ( 'NONE', #5215, #5311, #3599, .T. ) ;
#3563 = LINE ( 'NONE', #5435, #321 ) ;
#3564 = CARTESIAN_POINT ( 'NONE',  ( -34.99999999999999289, 8.500000000000000000, -24.50000000000000000 ) ) ;
#3565 = CIRCLE ( 'NONE', #2373, 0.5000000000000004441 ) ;
#3566 = ORIENTED_EDGE ( 'NONE', *, *, #380, .T. ) ;
#3567 = CARTESIAN_POINT ( 'NONE',  ( 16.73161276499842032, 12.99999999999999822, 24.50000000000000000 ) ) ;
#3568 = DIRECTION ( 'NONE',  ( 0.000000000000000000, -1.000000000000000000, 0.000000000000000000 ) ) ;
#3569 = CYLINDRICAL_SURFACE ( 'NONE', #5017, 3.000000000000004441 ) ;
#3570 = DIRECTION ( 'NONE',  ( 0.000000000000000000, 0.000000000000000000, -1.000000000000000000 ) ) ;
#3571 = EDGE_CURVE ( 'NONE', #2280, #4077, #4982, .T. ) ;
#3572 = DIRECTION ( 'NONE',  ( 0.000000000000000000, 1.000000000000000000, -0.000000000000000000 ) ) ;
#3573 = DIRECTION ( 'NONE',  ( 0.000000000000000000, 0.000000000000000000, 1.000000000000000000 ) ) ;
#3574 = EDGE_CURVE ( 'NONE', #4772, #3677, #2274, .T. ) ;
#3575 = ADVANCED_FACE ( 'NONE', ( #995 ), #2818, .F. ) ;
#3576 = ADVANCED_FACE ( 'NONE', ( #4490 ), #1441, .F. ) ;
#3577 = ORIENTED_EDGE ( 'NONE', *, *, #1083, .T. ) ;
#3578 = TOROIDAL_SURFACE ( 'NONE', #5313, 4.499999999999999112, 0.5000000000000000000 ) ;
#3579 = ORIENTED_EDGE ( 'NONE', *, *, #2411, .T. ) ;
#3580 = DIRECTION ( 'NONE',  ( 1.000000000000000000, 0.000000000000000000, 0.000000000000000000 ) ) ;
#3581 = EDGE_CURVE ( 'NONE', #883, #4488, #1029, .T. ) ;
#3582 = ORIENTED_EDGE ( 'NONE', *, *, #1572, .T. ) ;
#3583 = ORIENTED_EDGE ( 'NONE', *, *, #5648, .F. ) ;
#3584 = AXIS2_PLACEMENT_3D ( 'NONE', #3038, #39, #3060 ) ;
#3585 = FACE_OUTER_BOUND ( 'NONE', #1637, .T. ) ;
#3586 = ORIENTED_EDGE ( 'NONE', *, *, #1747, .F. ) ;
#3587 = DIRECTION ( 'NONE',  ( 0.000000000000000000, 0.000000000000000000, 1.000000000000000000 ) ) ;
#3588 = CARTESIAN_POINT ( 'NONE',  ( 45.00000000000001421, 0.000000000000000000, 20.00000000000000000 ) ) ;
#3589 = CARTESIAN_POINT ( 'NONE',  ( -16.23161276499844519, 12.99999999999999822, 21.99999999999999645 ) ) ;
#3590 = CIRCLE ( 'NONE', #1115, 4.500000000000000888 ) ;
#3591 = AXIS2_PLACEMENT_3D ( 'NONE', #5586, #801, #1649 ) ;
#3592 = FACE_OUTER_BOUND ( 'NONE', #1327, .T. ) ;
#3593 = ORIENTED_EDGE ( 'NONE', *, *, #4391, .T. ) ;
#3594 = DIRECTION ( 'NONE',  ( 0.000000000000000000, 0.000000000000000000, -1.000000000000000000 ) ) ;
#3595 = DIRECTION ( 'NONE',  ( 0.000000000000000000, 0.000000000000000000, 1.000000000000000000 ) ) ;
#3596 = LINE ( 'NONE', #1960, #5024 ) ;
#3597 = ORIENTED_EDGE ( 'NONE', *, *, #985, .T. ) ;
#3598 = DIRECTION ( 'NONE',  ( -1.000000000000000000, -0.000000000000000000, -0.000000000000000000 ) ) ;
#3599 = CIRCLE ( 'NONE', #4158, 4.000000000000007105 ) ;
#3600 = AXIS2_PLACEMENT_3D ( 'NONE', #1410, #539, #3124 ) ;
#3601 = PLANE ( 'NONE',  #3253 ) ;
#3602 = EDGE_LOOP ( 'NONE', ( #1473, #4453, #152, #3768, #3964 ) ) ;
#3603 = DIRECTION ( 'NONE',  ( 1.224646799147353207E-16, 1.000000000000000000, -0.000000000000000000 ) ) ;
#3604 = CIRCLE ( 'NONE', #207, 3.837538412994570436 ) ;
#3605 = FACE_OUTER_BOUND ( 'NONE', #4526, .T. ) ;
#3606 = DIRECTION ( 'NONE',  ( 0.000000000000000000, 1.000000000000000000, 0.000000000000000000 ) ) ;
#3607 = ORIENTED_EDGE ( 'NONE', *, *, #2095, .T. ) ;
#3608 = EDGE_CURVE ( 'NONE', #2288, #1667, #1379, .T. ) ;
#3609 = CIRCLE ( 'NONE', #2145, 0.5000000000000004441 ) ;
#3610 = VERTEX_POINT ( 'NONE', #2246 ) ;
#3611 = ADVANCED_FACE ( 'NONE', ( #3999 ), #1306, .T. ) ;
#3612 = ORIENTED_EDGE ( 'NONE', *, *, #3562, .T. ) ;
#3613 = CARTESIAN_POINT ( 'NONE',  ( -49.49999999999999289, 5.500000000000000000, 10.00000000000000178 ) ) ;
#3614 = VERTEX_POINT ( 'NONE', #5379 ) ;
#3615 = ORIENTED_EDGE ( 'NONE', *, *, #4133, .T. ) ;
#3616 = AXIS2_PLACEMENT_3D ( 'NONE', #3492, #1742, #3029 ) ;
#3617 = EDGE_CURVE ( 'NONE', #5032, #823, #1490, .T. ) ;
#3618 = FACE_BOUND ( 'NONE', #2136, .T. ) ;
#3619 = CYLINDRICAL_SURFACE ( 'NONE', #5049, 0.5000000000000004441 ) ;
#3620 = DIRECTION ( 'NONE',  ( 0.000000000000000000, 0.000000000000000000, -1.000000000000000000 ) ) ;
#3621 = DIRECTION ( 'NONE',  ( 1.000000000000000000, 0.000000000000000000, 0.000000000000000000 ) ) ;
#3622 = CARTESIAN_POINT ( 'NONE',  ( -44.00000000000000000, 21.00000000000000000, -18.25000000000000355 ) ) ;
#3623 = ORIENTED_EDGE ( 'NONE', *, *, #3562, .F. ) ;
#3624 = DIRECTION ( 'NONE',  ( -1.000000000000000000, 0.000000000000000000, 0.000000000000000000 ) ) ;
#3625 = DIRECTION ( 'NONE',  ( 1.000000000000000000, 0.000000000000000000, 0.000000000000000000 ) ) ;
#3626 = DIRECTION ( 'NONE',  ( 0.000000000000000000, -0.000000000000000000, 1.000000000000000000 ) ) ;
#3627 = AXIS2_PLACEMENT_3D ( 'NONE', #2241, #48, #631 ) ;
#3628 = EDGE_LOOP ( 'NONE', ( #1610, #2985, #2407, #2108 ) ) ;
#3629 = DIRECTION ( 'NONE',  ( 0.000000000000000000, 1.000000000000000000, 0.000000000000000000 ) ) ;
#3630 = CARTESIAN_POINT ( 'NONE',  ( -38.99999999999999289, 5.500000000000000000, 0.000000000000000000 ) ) ;
#3631 = VERTEX_POINT ( 'NONE', #54 ) ;
#3632 = CARTESIAN_POINT ( 'NONE',  ( -31.23161276499841676, 9.031278103258014056, 24.50000000000000000 ) ) ;
#3633 = CARTESIAN_POINT ( 'NONE',  ( 25.23161276499842032, 12.99999999999999822, 24.50000000000000000 ) ) ;
#3634 = LINE ( 'NONE', #524, #3424 ) ;
#3635 = CIRCLE ( 'NONE', #4468, 2.999999999999999112 ) ;
#3636 = AXIS2_PLACEMENT_3D ( 'NONE', #1157, #5558, #4753 ) ;
#3637 = CARTESIAN_POINT ( 'NONE',  ( 27.89407435200384811, 9.031278103258014056, 21.99999999999999645 ) ) ;
#3638 = EDGE_CURVE ( 'NONE', #1590, #1882, #1768, .T. ) ;
#3639 = EDGE_CURVE ( 'NONE', #5215, #3681, #1818, .T. ) ;
#3640 = ORIENTED_EDGE ( 'NONE', *, *, #3047, .F. ) ;
#3641 = TOROIDAL_SURFACE ( 'NONE', #2542, 4.500000000000000888, 0.5000000000000000000 ) ;
#3642 = ORIENTED_EDGE ( 'NONE', *, *, #2292, .F. ) ;
#3643 = DIRECTION ( 'NONE',  ( 1.000000000000000000, -0.000000000000000000, -0.000000000000000000 ) ) ;
#3644 = AXIS2_PLACEMENT_3D ( 'NONE', #3450, #3012, #1011 ) ;
#3645 = ORIENTED_EDGE ( 'NONE', *, *, #2982, .T. ) ;
#3646 = ORIENTED_EDGE ( 'NONE', *, *, #3829, .F. ) ;
#3647 = ORIENTED_EDGE ( 'NONE', *, *, #2315, .F. ) ;
#3648 = FACE_OUTER_BOUND ( 'NONE', #3675, .T. ) ;
#3649 = ADVANCED_FACE ( 'NONE', ( #2782 ), #5445, .T. ) ;
#3650 = EDGE_CURVE ( 'NONE', #3426, #1023, #3134, .T. ) ;
#3651 = ORIENTED_EDGE ( 'NONE', *, *, #273, .T. ) ;
#3652 = DIRECTION ( 'NONE',  ( 0.000000000000000000, 0.000000000000000000, 1.000000000000000000 ) ) ;
#3653 = VERTEX_POINT ( 'NONE', #4117 ) ;
#3654 = DIRECTION ( 'NONE',  ( -0.000000000000000000, -0.000000000000000000, -1.000000000000000000 ) ) ;
#3655 = CARTESIAN_POINT ( 'NONE',  ( 17.00000000000000000, 5.500000000000000888, 14.00000000000000178 ) ) ;
#3656 = VERTEX_POINT ( 'NONE', #169 ) ;
#3657 = CARTESIAN_POINT ( 'NONE',  ( 39.00000000000000711, 19.00000000000000355, -25.00000000000000000 ) ) ;
#3658 = DIRECTION ( 'NONE',  ( -1.000000000000000000, 0.000000000000000000, 0.000000000000000000 ) ) ;
#3659 = CARTESIAN_POINT ( 'NONE',  ( 50.00000000000000711, 14.50000000000000000, -4.500000000000000888 ) ) ;
#3660 = ORIENTED_EDGE ( 'NONE', *, *, #4533, .T. ) ;
#3661 = LINE ( 'NONE', #4580, #1651 ) ;
#3662 = DIRECTION ( 'NONE',  ( 0.000000000000000000, 0.000000000000000000, -1.000000000000000000 ) ) ;
#3663 = ORIENTED_EDGE ( 'NONE', *, *, #3178, .F. ) ;
#3664 = CARTESIAN_POINT ( 'NONE',  ( 57.50000000000000711, 14.50000000000000000, 4.000000000000000888 ) ) ;
#3665 = DIRECTION ( 'NONE',  ( -0.000000000000000000, 0.000000000000000000, -1.000000000000000000 ) ) ;
#3666 = CARTESIAN_POINT ( 'NONE',  ( 45.00000000000000711, 0.000000000000000000, -25.00000000000000000 ) ) ;
#3667 = ORIENTED_EDGE ( 'NONE', *, *, #4132, .F. ) ;
#3668 = AXIS2_PLACEMENT_3D ( 'NONE', #5109, #1132, #2452 ) ;
#3669 = ORIENTED_EDGE ( 'NONE', *, *, #1299, .F. ) ;
#3670 = CYLINDRICAL_SURFACE ( 'NONE', #3415, 2.250000000000001776 ) ;
#3671 = ORIENTED_EDGE ( 'NONE', *, *, #3845, .F. ) ;
#3672 = DIRECTION ( 'NONE',  ( 0.000000000000000000, 0.000000000000000000, -1.000000000000000000 ) ) ;
#3673 = ORIENTED_EDGE ( 'NONE', *, *, #3766, .F. ) ;
#3674 = EDGE_LOOP ( 'NONE', ( #623, #1317, #3818, #1166, #3478, #5391, #5220, #5209 ) ) ;
#3675 = EDGE_LOOP ( 'NONE', ( #2374, #1829, #549, #252 ) ) ;
#3676 = APPROVAL ( #163, 'UNSPECIFIED' ) ;
#3677 = VERTEX_POINT ( 'NONE', #4081 ) ;
#3678 = DIRECTION ( 'NONE',  ( 0.000000000000000000, 0.000000000000000000, 1.000000000000000000 ) ) ;
#3679 = EDGE_CURVE ( 'NONE', #4448, #782, #1689, .T. ) ;
#3680 = ORIENTED_EDGE ( 'NONE', *, *, #4167, .T. ) ;
#3681 = VERTEX_POINT ( 'NONE', #108 ) ;
#3682 = DIRECTION ( 'NONE',  ( -1.000000000000000000, -0.000000000000000000, -0.000000000000000000 ) ) ;
#3684 = EDGE_CURVE ( 'NONE', #2348, #1981, #671, .T. ) ;
#3683 = AXIS2_PLACEMENT_3D ( 'NONE', #4591, #709, #4219 ) ;
#3685 = EDGE_CURVE ( 'NONE', #3089, #3879, #1391, .T. ) ;
#3686 = DIRECTION ( 'NONE',  ( 1.000000000000000000, 0.000000000000000000, 0.000000000000000000 ) ) ;
#3687 = EDGE_LOOP ( 'NONE', ( #3098, #618, #5312, #3806 ) ) ;
#3688 = DIRECTION ( 'NONE',  ( -0.000000000000000000, -0.000000000000000000, -1.000000000000000000 ) ) ;
#3689 = CARTESIAN_POINT ( 'NONE',  ( 49.50000000000000711, 14.50000000000000000, 14.50000000000000178 ) ) ;
#3690 = DIRECTION ( 'NONE',  ( 0.000000000000000000, 0.000000000000000000, 1.000000000000000000 ) ) ;
#3691 = AXIS2_PLACEMENT_3D ( 'NONE', #1123, #1985, #2873 ) ;
#3692 = CIRCLE ( 'NONE', #3420, 5.000000000000000888 ) ;
#3693 = ORIENTED_EDGE ( 'NONE', *, *, #2628, .F. ) ;
#3694 = LINE ( 'NONE', #5414, #5325 ) ;
#3695 = CARTESIAN_POINT ( 'NONE',  ( 24.00000000000000000, 8.500000000000168754, -4.999999999999997335 ) ) ;
#3696 = ADVANCED_FACE ( 'NONE', ( #1186, #4607, #3775, #2503 ), #4261, .F. ) ;
#3697 = VERTEX_POINT ( 'NONE', #5104 ) ;
#3698 = CARTESIAN_POINT ( 'NONE',  ( 44.00000000000000000, 0.000000000000000000, -20.50000000000000355 ) ) ;
#3699 = LINE ( 'NONE', #2825, #4376 ) ;
#3700 = DIRECTION ( 'NONE',  ( 0.000000000000000000, 0.000000000000000000, -1.000000000000000000 ) ) ;
#3701 = ORIENTED_EDGE ( 'NONE', *, *, #5363, .T. ) ;
#3702 = VECTOR ( 'NONE', #5080, 1000.000000000000000 ) ;
#3703 = AXIS2_PLACEMENT_3D ( 'NONE', #1910, #4153, #2826 ) ;
#3704 = VERTEX_POINT ( 'NONE', #2877 ) ;
#3705 = VECTOR ( 'NONE', #4950, 1000.000000000000000 ) ;
#3706 = VERTEX_POINT ( 'NONE', #2421 ) ;
#3707 = FACE_OUTER_BOUND ( 'NONE', #1704, .T. ) ;
#3708 = DIRECTION ( 'NONE',  ( 0.000000000000000000, 1.000000000000000000, 0.000000000000000000 ) ) ;
#3709 = VECTOR ( 'NONE', #3147, 1000.000000000000000 ) ;
#3710 = ORIENTED_EDGE ( 'NONE', *, *, #703, .T. ) ;
#3711 = EDGE_LOOP ( 'NONE', ( #611, #3612, #1517, #3247, #2466, #216, #2007, #4512, #606, #1068, #4397, #354 ) ) ;
#3712 = CARTESIAN_POINT ( 'NONE',  ( 31.23161276499841676, 9.031278103258014056, 25.00000000000000000 ) ) ;
#3713 = CIRCLE ( 'NONE', #936, 0.5000000000000004441 ) ;
#3714 = APPLICATION_PROTOCOL_DEFINITION ( 'international standard', 'config_control_design', 1994, #4934 ) ;
#3715 = ORIENTED_EDGE ( 'NONE', *, *, #3267, .F. ) ;
#3716 = DIRECTION ( 'NONE',  ( 0.000000000000000000, 0.000000000000000000, -1.000000000000000000 ) ) ;
#3717 = EDGE_CURVE ( 'NONE', #2631, #2772, #2226, .T. ) ;
#3718 = ADVANCED_FACE ( 'NONE', ( #3349 ), #2846, .T. ) ;
#3719 = FACE_BOUND ( 'NONE', #588, .T. ) ;
#3720 = ORIENTED_EDGE ( 'NONE', *, *, #795, .F. ) ;
#3721 = DIRECTION ( 'NONE',  ( -0.000000000000000000, -0.000000000000000000, 1.000000000000000000 ) ) ;
#3722 = DIRECTION ( 'NONE',  ( 0.000000000000000000, 0.000000000000000000, 1.000000000000000000 ) ) ;
#3723 = CARTESIAN_POINT ( 'NONE',  ( -7.499999999999998224, 8.500000000000168754, -25.00000000000000000 ) ) ;
#3724 = DIRECTION ( 'NONE',  ( 0.000000000000000000, 0.000000000000000000, -1.000000000000000000 ) ) ;
#3725 = ORIENTED_EDGE ( 'NONE', *, *, #118, .T. ) ;
#3726 = DIRECTION ( 'NONE',  ( 0.000000000000000000, 0.000000000000000000, -1.000000000000000000 ) ) ;
#3727 = VECTOR ( 'NONE', #836, 1000.000000000000000 ) ;
#3728 = CARTESIAN_POINT ( 'NONE',  ( -19.23161276499844163, 12.99999999999999822, 21.99999999999999645 ) ) ;
#3729 = DIRECTION ( 'NONE',  ( -1.000000000000000000, 0.000000000000000000, 0.000000000000000000 ) ) ;
#3730 = EDGE_CURVE ( 'NONE', #3031, #3057, #3882, .T. ) ;
#3731 = ORIENTED_EDGE ( 'NONE', *, *, #4142, .T. ) ;
#3732 = ORIENTED_EDGE ( 'NONE', *, *, #3833, .T. ) ;
#3733 = CIRCLE ( 'NONE', #3915, 2.250000000000001776 ) ;
#3734 = CARTESIAN_POINT ( 'NONE',  ( -31.50000000000000000, 2.291014067545305455, -15.12882780804699223 ) ) ;
#3735 = DIRECTION ( 'NONE',  ( 1.000000000000000000, 0.000000000000000000, 0.000000000000000000 ) ) ;
#3736 = AXIS2_PLACEMENT_3D ( 'NONE', #570, #1331, #972 ) ;
#3737 = VECTOR ( 'NONE', #5320, 1000.000000000000000 ) ;
#3738 = ORIENTED_EDGE ( 'NONE', *, *, #4598, .T. ) ;
#3739 = AXIS2_PLACEMENT_3D ( 'NONE', #2479, #1542, #2915 ) ;
#3740 = VECTOR ( 'NONE', #4407, 1000.000000000000000 ) ;
#3741 = DIRECTION ( 'NONE',  ( 0.000000000000000000, 0.000000000000000000, -1.000000000000000000 ) ) ;
#3742 = ORIENTED_EDGE ( 'NONE', *, *, #1032, .F. ) ;
#3743 = CIRCLE ( 'NONE', #4474, 0.5000000000000004441 ) ;
#3744 = ORIENTED_EDGE ( 'NONE', *, *, #5448, .F. ) ;
#3745 = ORIENTED_EDGE ( 'NONE', *, *, #765, .T. ) ;
#3746 = CARTESIAN_POINT ( 'NONE',  ( -38.99999999999999289, 14.50000000000000000, 14.00000000000000178 ) ) ;
#3747 = VERTEX_POINT ( 'NONE', #1988 ) ;
#3748 = AXIS2_PLACEMENT_3D ( 'NONE', #276, #3790, #1046 ) ;
#3749 = CARTESIAN_POINT ( 'NONE',  ( -34.99999999999999289, 8.500000000000000000, -25.00000000000000000 ) ) ;
#3750 = FACE_OUTER_BOUND ( 'NONE', #4713, .T. ) ;
#3751 = CARTESIAN_POINT ( 'NONE',  ( -49.49999999999999289, 14.50000000000000000, -4.000000000000001776 ) ) ;
#3752 = EDGE_CURVE ( 'NONE', #3154, #1059, #4620, .T. ) ;
#3753 = VERTEX_POINT ( 'NONE', #2903 ) ;
#3754 = DIRECTION ( 'NONE',  ( 0.000000000000000000, -1.000000000000000000, 0.000000000000000000 ) ) ;
#3755 = CARTESIAN_POINT ( 'NONE',  ( -44.00000000000000000, 19.00000000000000000, 13.24999999999999822 ) ) ;
#3756 = DIRECTION ( 'NONE',  ( 0.000000000000000000, 0.000000000000000000, 1.000000000000000000 ) ) ;
#3757 = CARTESIAN_POINT ( 'NONE',  ( -49.49999999999999289, 14.50000000000000000, 10.00000000000000178 ) ) ;
#3758 = DIRECTION ( 'NONE',  ( -1.000000000000000000, 0.000000000000000000, 0.000000000000000000 ) ) ;
#3759 = ORIENTED_EDGE ( 'NONE', *, *, #2034, .F. ) ;
#3760 = ADVANCED_FACE ( 'NONE', ( #3750 ), #5501, .F. ) ;
#3761 = CARTESIAN_POINT ( 'NONE',  ( 50.00000000000000711, 14.50000000000000000, 4.500000000000000888 ) ) ;
#3762 = ORIENTED_EDGE ( 'NONE', *, *, #2203, .F. ) ;
#3763 = DIRECTION ( 'NONE',  ( -1.000000000000000000, 0.000000000000000000, 0.000000000000000000 ) ) ;
#3764 = EDGE_CURVE ( 'NONE', #1055, #5336, #3831, .T. ) ;
#3765 = CIRCLE ( 'NONE', #984, 0.5000000000000004441 ) ;
#3766 = EDGE_CURVE ( 'NONE', #2765, #227, #2471, .T. ) ;
#3767 = CARTESIAN_POINT ( 'NONE',  ( 34.56915117799298542, 9.031278103258014056, 24.50000000000000000 ) ) ;
#3768 = ORIENTED_EDGE ( 'NONE', *, *, #3145, .T. ) ;
#3769 = ADVANCED_FACE ( 'NONE', ( #198 ), #5155, .F. ) ;
#3770 = ORIENTED_EDGE ( 'NONE', *, *, #1578, .F. ) ;
#3771 =( LENGTH_UNIT ( ) NAMED_UNIT ( * ) SI_UNIT ( .MILLI., .METRE. ) );
#3772 = ORIENTED_EDGE ( 'NONE', *, *, #710, .T. ) ;
#3773 = CARTESIAN_POINT ( 'NONE',  ( 17.00000000000000000, 2.291014067545305455, -11.87117219195301132 ) ) ;
#3774 = DIRECTION ( 'NONE',  ( 1.000000000000000000, 0.000000000000000000, 0.000000000000000000 ) ) ;
#3775 = FACE_BOUND ( 'NONE', #997, .T. ) ;
#3776 = CARTESIAN_POINT ( 'NONE',  ( 35.06915117799298542, 9.031278103258014056, 25.00000000000000000 ) ) ;
#3777 = VERTEX_POINT ( 'NONE', #2017 ) ;
#3778 = LINE ( 'NONE', #1595, #159 ) ;
#3779 = CARTESIAN_POINT ( 'NONE',  ( -34.99999999999999289, 8.500000000000000000, -22.00000000000000355 ) ) ;
#3780 = LINE ( 'NONE', #174, #1886 ) ;
#3781 = DIRECTION ( 'NONE',  ( 0.000000000000000000, -1.000000000000000000, 0.000000000000000000 ) ) ;
#3782 = LINE ( 'NONE', #1104, #293 ) ;
#3783 = CIRCLE ( 'NONE', #5524, 5.000000000000018652 ) ;
#3784 = LINE ( 'NONE', #2977, #309 ) ;
#3785 = ORIENTED_EDGE ( 'NONE', *, *, #23, .T. ) ;
#3786 = EDGE_CURVE ( 'NONE', #4499, #173, #8, .T. ) ;
#3787 = CIRCLE ( 'NONE', #4425, 5.000000000000004441 ) ;
#3788 = DIRECTION ( 'NONE',  ( -1.000000000000000000, 0.000000000000000000, 0.000000000000000000 ) ) ;
#3789 = CIRCLE ( 'NONE', #3966, 0.5000000000000004441 ) ;
#3790 = DIRECTION ( 'NONE',  ( 0.000000000000000000, 0.000000000000000000, 1.000000000000000000 ) ) ;
#3791 = EDGE_LOOP ( 'NONE', ( #1799, #4699, #1896, #3669, #4039 ) ) ;
#3792 = VECTOR ( 'NONE', #2362, 1000.000000000000000 ) ;
#3793 = EDGE_CURVE ( 'NONE', #3747, #5235, #473, .T. ) ;
#3794 = TOROIDAL_SURFACE ( 'NONE', #3239, 4.500000000000002665, 0.5000000000000000000 ) ;
#3795 = ORIENTED_EDGE ( 'NONE', *, *, #4035, .F. ) ;
#3796 = VECTOR ( 'NONE', #5236, 1000.000000000000000 ) ;
#3797 = DIRECTION ( 'NONE',  ( -1.000000000000000000, 0.000000000000000000, 0.000000000000000000 ) ) ;
#3798 = DATE_AND_TIME ( #3911, #4126 ) ;
#3799 = ADVANCED_FACE ( 'NONE', ( #3292 ), #98, .T. ) ;
#3800 = EDGE_LOOP ( 'NONE', ( #342, #744, #3586, #5122 ) ) ;
#3801 = CARTESIAN_POINT ( 'NONE',  ( -25.73161276499844874, 20.00000000000000000, 25.00000000000000000 ) ) ;
#3802 = ORIENTED_EDGE ( 'NONE', *, *, #2875, .T. ) ;
#3803 = LINE ( 'NONE', #1617, #4156 ) ;
#3804 = DIRECTION ( 'NONE',  ( -1.000000000000000000, 0.000000000000000000, 0.000000000000000000 ) ) ;
#3805 = DIRECTION ( 'NONE',  ( 0.000000000000000000, 0.000000000000000000, -1.000000000000000000 ) ) ;
#3806 = ORIENTED_EDGE ( 'NONE', *, *, #1432, .F. ) ;
#3807 = FACE_BOUND ( 'NONE', #1867, .T. ) ;
#3808 = CARTESIAN_POINT ( 'NONE',  ( -23.99999999999999645, 8.500000000000335731, -24.50000000000000000 ) ) ;
#3809 = VECTOR ( 'NONE', #4844, 1000.000000000000000 ) ;
#3810 = CARTESIAN_POINT ( 'NONE',  ( -44.00000000000000000, 20.00000000000000000, -18.25000000000000355 ) ) ;
#3811 = ORIENTED_EDGE ( 'NONE', *, *, #2062, .F. ) ;
#3812 = PLANE ( 'NONE',  #4197 ) ;
#3813 = DIRECTION ( 'NONE',  ( 1.000000000000000000, 0.000000000000000000, 0.000000000000000000 ) ) ;
#3814 = DIRECTION ( 'NONE',  ( -0.000000000000000000, -0.000000000000000000, 1.000000000000000000 ) ) ;
#3815 = ORIENTED_EDGE ( 'NONE', *, *, #3368, .T. ) ;
#3816 = DIRECTION ( 'NONE',  ( -1.000000000000000000, 0.000000000000000000, 0.000000000000000000 ) ) ;
#3817 = FACE_OUTER_BOUND ( 'NONE', #1051, .T. ) ;
#3818 = ORIENTED_EDGE ( 'NONE', *, *, #2806, .T. ) ;
#3819 = EDGE_CURVE ( 'NONE', #1313, #993, #1530, .T. ) ;
#3820 = ADVANCED_FACE ( 'NONE', ( #1095 ), #1691, .T. ) ;
#3821 = ORIENTED_EDGE ( 'NONE', *, *, #1364, .T. ) ;
#3822 = AXIS2_PLACEMENT_3D ( 'NONE', #2022, #1967, #642 ) ;
#3823 = CARTESIAN_POINT ( 'NONE',  ( 39.00000000000000711, 19.00000000000000000, 21.99999999999999645 ) ) ;
#3824 = AXIS2_PLACEMENT_3D ( 'NONE', #1899, #632, #5041 ) ;
#3825 = VECTOR ( 'NONE', #1599, 1000.000000000000000 ) ;
#3826 = ORIENTED_EDGE ( 'NONE', *, *, #2627, .T. ) ;
#3827 = FACE_OUTER_BOUND ( 'NONE', #1293, .T. ) ;
#3828 = EDGE_LOOP ( 'NONE', ( #1043, #3884, #90, #2031 ) ) ;
#3829 = EDGE_CURVE ( 'NONE', #596, #4817, #1619, .T. ) ;
#3830 = CARTESIAN_POINT ( 'NONE',  ( -38.99999999999999289, 5.291014067545305011, -15.12882780804699223 ) ) ;
#3831 = LINE ( 'NONE', #5071, #1852 ) ;
#3832 = VECTOR ( 'NONE', #2304, 1000.000000000000000 ) ;
#3833 = EDGE_CURVE ( 'NONE', #2401, #1641, #4292, .T. ) ;
#3834 = LINE ( 'NONE', #2847, #4657 ) ;
#3835 = EDGE_CURVE ( 'NONE', #624, #554, #3504, .T. ) ;
#3836 = CIRCLE ( 'NONE', #2355, 3.337538412994569992 ) ;
#3837 = ORIENTED_EDGE ( 'NONE', *, *, #188, .T. ) ;
#3838 = FACE_OUTER_BOUND ( 'NONE', #4324, .T. ) ;
#3839 = PLANE ( 'NONE',  #1255 ) ;
#3840 = VECTOR ( 'NONE', #170, 1000.000000000000000 ) ;
#3841 = CARTESIAN_POINT ( 'NONE',  ( -49.49999999999999289, 14.50000000000000000, 0.000000000000000000 ) ) ;
#3842 = ORIENTED_EDGE ( 'NONE', *, *, #2982, .F. ) ;
#3843 = DIRECTION ( 'NONE',  ( 1.000000000000000000, -0.000000000000000000, 0.000000000000000000 ) ) ;
#3844 = CARTESIAN_POINT ( 'NONE',  ( 16.23161276499841676, 5.062556206516027224, 24.50000000000000000 ) ) ;
#3845 = EDGE_CURVE ( 'NONE', #4690, #926, #1953, .T. ) ;
#3846 = DIRECTION ( 'NONE',  ( 0.000000000000000000, 0.000000000000000000, -1.000000000000000000 ) ) ;
#3847 = CARTESIAN_POINT ( 'NONE',  ( -49.49999999999999289, 5.500000000000000000, -4.500000000000000888 ) ) ;
#3848 = CARTESIAN_POINT ( 'NONE',  ( 35.00000000000000000, 8.500000000000000000, -22.00000000000000355 ) ) ;
#3849 = ORIENTED_EDGE ( 'NONE', *, *, #697, .T. ) ;
#3850 = ORIENTED_EDGE ( 'NONE', *, *, #3684, .T. ) ;
#3851 = CIRCLE ( 'NONE', #3942, 0.5000000000000004441 ) ;
#3852 = CARTESIAN_POINT ( 'NONE',  ( 44.00000000000000000, 21.00000000000000000, -18.25000000000000355 ) ) ;
#3853 = CIRCLE ( 'NONE', #3204, 4.000000000000000888 ) ;
#3854 = ORIENTED_EDGE ( 'NONE', *, *, #1083, .F. ) ;
#3855 = ORIENTED_EDGE ( 'NONE', *, *, #3793, .F. ) ;
#3856 = CARTESIAN_POINT ( 'NONE',  ( -22.23161276499845229, 5.062556206516027224, 25.00000000000000000 ) ) ;
#3857 = EDGE_CURVE ( 'NONE', #3236, #4478, #4162, .T. ) ;
#3858 = ORIENTED_EDGE ( 'NONE', *, *, #3685, .T. ) ;
#3859 = DIRECTION ( 'NONE',  ( 0.000000000000000000, -0.000000000000000000, -1.000000000000000000 ) ) ;
#3860 = DIRECTION ( 'NONE',  ( 1.000000000000000000, 0.000000000000000000, 0.000000000000000000 ) ) ;
#3861 = DIRECTION ( 'NONE',  ( 1.000000000000000000, -0.000000000000000000, -0.000000000000000000 ) ) ;
#3862 = VERTEX_POINT ( 'NONE', #847 ) ;
#3863 = ORIENTED_EDGE ( 'NONE', *, *, #261, .T. ) ;
#3864 = DIRECTION ( 'NONE',  ( -1.000000000000000000, 0.000000000000000000, 0.000000000000000000 ) ) ;
#3865 = VECTOR ( 'NONE', #4941, 1000.000000000000000 ) ;
#3866 = EDGE_CURVE ( 'NONE', #2820, #5640, #3041, .T. ) ;
#3867 = DIRECTION ( 'NONE',  ( 0.000000000000000000, 1.000000000000000000, 0.000000000000000000 ) ) ;
#3868 = CARTESIAN_POINT ( 'NONE',  ( -38.99999999999999289, 14.70898593245469499, -12.12882780804699223 ) ) ;
#3869 = VERTEX_POINT ( 'NONE', #774 ) ;
#3870 = DIRECTION ( 'NONE',  ( -1.000000000000000000, 0.000000000000000000, -0.000000000000000000 ) ) ;
#3871 = DIRECTION ( 'NONE',  ( -1.000000000000000000, 0.000000000000000000, -0.000000000000000000 ) ) ;
#3872 = DIRECTION ( 'NONE',  ( 0.000000000000000000, 0.000000000000000000, -1.000000000000000000 ) ) ;
#3873 = EDGE_CURVE ( 'NONE', #5112, #5339, #303, .T. ) ;
#3874 = DIRECTION ( 'NONE',  ( 0.000000000000000000, 0.000000000000000000, 1.000000000000000000 ) ) ;
#3875 = VECTOR ( 'NONE', #3241, 1000.000000000000000 ) ;
#3876 = DIRECTION ( 'NONE',  ( -0.000000000000000000, 0.000000000000000000, 1.000000000000000000 ) ) ;
#3877 = CARTESIAN_POINT ( 'NONE',  ( -44.00000000000000000, 0.000000000000000000, 18.25000000000000355 ) ) ;
#3878 = VECTOR ( 'NONE', #1589, 1000.000000000000000 ) ;
#3879 = VERTEX_POINT ( 'NONE', #3965 ) ;
#3880 = VECTOR ( 'NONE', #4304, 1000.000000000000000 ) ;
#3881 = DIRECTION ( 'NONE',  ( 1.000000000000000000, 0.000000000000000000, 0.000000000000000000 ) ) ;
#3882 = CIRCLE ( 'NONE', #392, 4.000000000000000000 ) ;
#3883 = CIRCLE ( 'NONE', #1118, 0.5000000000000004441 ) ;
#3884 = ORIENTED_EDGE ( 'NONE', *, *, #2900, .F. ) ;
#3885 = AXIS2_PLACEMENT_3D ( 'NONE', #515, #4546, #602 ) ;
#3886 = CARTESIAN_POINT ( 'NONE',  ( 12.00000000000000000, 8.500000000000168754, -24.50000000000000000 ) ) ;
#3887 = DIRECTION ( 'NONE',  ( -1.000000000000000000, 0.000000000000000000, 0.000000000000000000 ) ) ;
#3888 = DIRECTION ( 'NONE',  ( -1.224646799147353207E-16, 1.000000000000000000, 0.000000000000000000 ) ) ;
#3889 = VERTEX_POINT ( 'NONE', #3533 ) ;
#3890 = ORIENTED_EDGE ( 'NONE', *, *, #1197, .T. ) ;
#3891 = DIRECTION ( 'NONE',  ( -1.000000000000000000, 0.000000000000000000, 0.000000000000000000 ) ) ;
#3892 = CIRCLE ( 'NONE', #1856, 4.000000000000003553 ) ;
#3893 = CIRCLE ( 'NONE', #2146, 4.000000000000003553 ) ;
#3894 = EDGE_CURVE ( 'NONE', #4297, #3316, #2596, .T. ) ;
#3895 = EDGE_CURVE ( 'NONE', #3246, #3631, #3339, .T. ) ;
#3896 = DIRECTION ( 'NONE',  ( -1.000000000000000000, 0.000000000000000000, 0.000000000000000000 ) ) ;
#3897 = DIRECTION ( 'NONE',  ( 1.000000000000000000, -0.000000000000000000, -0.000000000000000000 ) ) ;
#3898 = VERTEX_POINT ( 'NONE', #2126 ) ;
#3899 = CARTESIAN_POINT ( 'NONE',  ( 44.00000000000000000, 21.00000000000000000, 18.25000000000000355 ) ) ;
#3900 = DIRECTION ( 'NONE',  ( -0.000000000000000000, -0.000000000000000000, 1.000000000000000000 ) ) ;
#3901 = DIRECTION ( 'NONE',  ( 0.000000000000000000, 0.000000000000000000, 1.000000000000000000 ) ) ;
#3902 = CIRCLE ( 'NONE', #1408, 0.5000000000000004441 ) ;
#3903 = FACE_OUTER_BOUND ( 'NONE', #2318, .T. ) ;
#3904 = FACE_OUTER_BOUND ( 'NONE', #4998, .T. ) ;
#3905 = ADVANCED_FACE ( 'NONE', ( #5635 ), #5286, .F. ) ;
#3906 = EDGE_CURVE ( 'NONE', #5526, #993, #4523, .T. ) ;
#3907 = EDGE_LOOP ( 'NONE', ( #397, #600, #5478, #4134 ) ) ;
#3908 = ORIENTED_EDGE ( 'NONE', *, *, #4451, .T. ) ;
#3909 = AXIS2_PLACEMENT_3D ( 'NONE', #4885, #1924, #5346 ) ;
#3910 = CARTESIAN_POINT ( 'NONE',  ( -45.00000000000000000, 20.00000000000000000, 20.00000000000000000 ) ) ;
#3911 = CALENDAR_DATE ( 2026, 20, 3 ) ;
#3912 = EDGE_LOOP ( 'NONE', ( #2295, #982 ) ) ;
#3913 = CARTESIAN_POINT ( 'NONE',  ( -49.99999999999999289, 14.50000000000000000, 5.500000000000001776 ) ) ;
#3914 = ORIENTED_EDGE ( 'NONE', *, *, #4242, .F. ) ;
#3915 = AXIS2_PLACEMENT_3D ( 'NONE', #2454, #266, #3356 ) ;
#3916 = CARTESIAN_POINT ( 'NONE',  ( 44.00000000000000000, 19.00000000000000000, 18.25000000000000355 ) ) ;
#3918 = ORIENTED_EDGE ( 'NONE', *, *, #2625, .T. ) ;
#3917 = CIRCLE ( 'NONE', #1428, 4.499999999999997335 ) ;
#3919 = ORIENTED_EDGE ( 'NONE', *, *, #4777, .F. ) ;
#3920 = DIRECTION ( 'NONE',  ( 1.000000000000000000, 0.000000000000000000, 0.000000000000000000 ) ) ;
#3921 = CARTESIAN_POINT ( 'NONE',  ( -49.49999999999999289, 2.291014067545305455, -12.12882780804699223 ) ) ;
#3922 = DIRECTION ( 'NONE',  ( -1.000000000000000000, -0.000000000000000000, -0.000000000000000000 ) ) ;
#3923 = ORIENTED_EDGE ( 'NONE', *, *, #5621, .T. ) ;
#3924 = CIRCLE ( 'NONE', #1995, 4.500000000000003553 ) ;
#3925 = DIRECTION ( 'NONE',  ( -1.000000000000000000, 0.000000000000000000, 0.000000000000000000 ) ) ;
#3926 = LINE ( 'NONE', #3976, #1587 ) ;
#3927 = DIRECTION ( 'NONE',  ( -1.000000000000000000, 0.000000000000000000, 0.000000000000000000 ) ) ;
#3928 = CIRCLE ( 'NONE', #4843, 0.5000000000000004441 ) ;
#3929 = FACE_BOUND ( 'NONE', #5661, .T. ) ;
#3930 = DIRECTION ( 'NONE',  ( -1.000000000000000000, 0.000000000000000000, 0.000000000000000000 ) ) ;
#3931 = ADVANCED_FACE ( 'NONE', ( #404 ), #3941, .F. ) ;
#3932 = ORIENTED_EDGE ( 'NONE', *, *, #966, .T. ) ;
#3933 = ADVANCED_FACE ( 'NONE', ( #5212 ), #1268, .F. ) ;
#3934 = ADVANCED_FACE ( 'NONE', ( #824 ), #5682, .F. ) ;
#3935 = FACE_OUTER_BOUND ( 'NONE', #5421, .T. ) ;
#3936 = ORIENTED_EDGE ( 'NONE', *, *, #3938, .T. ) ;
#3937 = EDGE_CURVE ( 'NONE', #1445, #1848, #1400, .T. ) ;
#3938 = EDGE_CURVE ( 'NONE', #5032, #4010, #3892, .T. ) ;
#3939 = FACE_OUTER_BOUND ( 'NONE', #2858, .T. ) ;
#3940 = ORIENTED_EDGE ( 'NONE', *, *, #1392, .F. ) ;
#3941 = CYLINDRICAL_SURFACE ( 'NONE', #103, 3.000000000000000888 ) ;
#3942 = AXIS2_PLACEMENT_3D ( 'NONE', #748, #351, #378 ) ;
#3943 = EDGE_LOOP ( 'NONE', ( #878, #5678, #181, #5452 ) ) ;
#3944 = FACE_OUTER_BOUND ( 'NONE', #5394, .T. ) ;
#3945 = CIRCLE ( 'NONE', #3668, 2.250000000000001776 ) ;
#3946 = CARTESIAN_POINT ( 'NONE',  ( 50.00000000000000711, 5.291014067545305011, -12.12882780804699223 ) ) ;
#3947 = CARTESIAN_POINT ( 'NONE',  ( -44.00000000000000000, 0.000000000000000000, -18.25000000000000355 ) ) ;
#3948 = ORIENTED_EDGE ( 'NONE', *, *, #380, .F. ) ;
#3949 = FACE_OUTER_BOUND ( 'NONE', #3674, .T. ) ;
#3950 = CARTESIAN_POINT ( 'NONE',  ( -49.99999999999999289, 20.00000000000000000, 25.00000000000000000 ) ) ;
#3951 = LINE ( 'NONE', #3548, #4073 ) ;
#3952 = DIRECTION ( 'NONE',  ( 1.000000000000000000, -0.000000000000000000, -0.000000000000000000 ) ) ;
#3953 = CYLINDRICAL_SURFACE ( 'NONE', #49, 0.5000000000000004441 ) ;
#3954 = ORIENTED_EDGE ( 'NONE', *, *, #4991, .T. ) ;
#3955 = AXIS2_PLACEMENT_3D ( 'NONE', #2500, #743, #402 ) ;
#3956 = EDGE_CURVE ( 'NONE', #315, #1265, #3481, .T. ) ;
#3957 = AXIS2_PLACEMENT_3D ( 'NONE', #1596, #2882, #3383 ) ;
#3958 = CARTESIAN_POINT ( 'NONE',  ( 50.00000000000000711, 20.00000000000000000, -19.99999999999999645 ) ) ;
#3959 = AXIS2_PLACEMENT_3D ( 'NONE', #4773, #1153, #3347 ) ;
#3960 = ADVANCED_FACE ( 'NONE', ( #15, #1831, #3117, #1019, #3618, #2744, #901, #3585 ), #1808, .F. ) ;
#3961 = ORIENTED_EDGE ( 'NONE', *, *, #4035, .T. ) ;
#3962 = ORIENTED_EDGE ( 'NONE', *, *, #1332, .T. ) ;
#3963 = CARTESIAN_POINT ( 'NONE',  ( 17.00000000000000000, 5.500000000000000000, 10.00000000000000178 ) ) ;
#3964 = ORIENTED_EDGE ( 'NONE', *, *, #1842, .F. ) ;
#3965 = CARTESIAN_POINT ( 'NONE',  ( -44.00000000000000000, 19.00000000000000000, -23.25000000000002132 ) ) ;
#3966 = AXIS2_PLACEMENT_3D ( 'NONE', #83, #2281, #4033 ) ;
#3967 = EDGE_CURVE ( 'NONE', #4590, #324, #4074, .T. ) ;
#3968 = ORIENTED_EDGE ( 'NONE', *, *, #2797, .T. ) ;
#3969 = VERTEX_POINT ( 'NONE', #559 ) ;
#3970 = DIRECTION ( 'NONE',  ( 0.000000000000000000, -1.000000000000000000, 0.000000000000000000 ) ) ;
#3971 = DIRECTION ( 'NONE',  ( 0.000000000000000000, 0.000000000000000000, -1.000000000000000000 ) ) ;
#3972 = AXIS2_PLACEMENT_3D ( 'NONE', #136, #1125, #5070 ) ;
#3973 = LINE ( 'NONE', #5296, #5569 ) ;
#3974 = ORIENTED_EDGE ( 'NONE', *, *, #2279, .T. ) ;
#3975 = FACE_OUTER_BOUND ( 'NONE', #4270, .T. ) ;
#3976 = CARTESIAN_POINT ( 'NONE',  ( -44.00000000000000000, 20.00000000000000000, 20.50000000000000355 ) ) ;
#3977 = LINE ( 'NONE', #3544, #2816 ) ;
#3978 = FACE_OUTER_BOUND ( 'NONE', #3628, .T. ) ;
#3979 = DIRECTION ( 'NONE',  ( -0.000000000000000000, -0.000000000000000000, -1.000000000000000000 ) ) ;
#3980 = CARTESIAN_POINT ( 'NONE',  ( 49.50000000000000711, 5.500000000000000000, 0.000000000000000000 ) ) ;
#3981 = ORIENTED_EDGE ( 'NONE', *, *, #3764, .F. ) ;
#3982 = AXIS2_PLACEMENT_3D ( 'NONE', #3227, #1963, #4894 ) ;
#3983 = CYLINDRICAL_SURFACE ( 'NONE', #4300, 4.000000000000001776 ) ;
#3984 = ADVANCED_FACE ( 'NONE', ( #2773 ), #1372, .F. ) ;
#3985 = ORIENTED_EDGE ( 'NONE', *, *, #5401, .T. ) ;
#3986 = ORIENTED_EDGE ( 'NONE', *, *, #1039, .F. ) ;
#3987 = AXIS2_PLACEMENT_3D ( 'NONE', #991, #5005, #4112 ) ;
#3988 = CARTESIAN_POINT ( 'NONE',  ( 44.00000000000000000, 19.00000000000000000, -13.25000000000001243 ) ) ;
#3989 = DIRECTION ( 'NONE',  ( -1.000000000000000000, 0.000000000000000000, 0.000000000000000000 ) ) ;
#3990 = ORIENTED_EDGE ( 'NONE', *, *, #2755, .T. ) ;
#3991 = LINE ( 'NONE', #4859, #3865 ) ;
#3992 = DIRECTION ( 'NONE',  ( 0.000000000000000000, 0.000000000000000000, 1.000000000000000000 ) ) ;
#3993 = VECTOR ( 'NONE', #3000, 1000.000000000000000 ) ;
#3994 = DIRECTION ( 'NONE',  ( 0.000000000000000000, 0.000000000000000000, 1.000000000000000000 ) ) ;
#3995 = EDGE_CURVE ( 'NONE', #4755, #5498, #4452, .T. ) ;
#3996 = ADVANCED_FACE ( 'NONE', ( #3648 ), #4880, .F. ) ;
#3997 = ORIENTED_EDGE ( 'NONE', *, *, #2981, .F. ) ;
#3998 = CARTESIAN_POINT ( 'NONE',  ( 9.731612764998413212, 20.00000000000000000, 25.00000000000000000 ) ) ;
#3999 = FACE_OUTER_BOUND ( 'NONE', #1013, .T. ) ;
#4000 = CARTESIAN_POINT ( 'NONE',  ( -49.49999999999999289, 5.500000000000000000, 10.00000000000000178 ) ) ;
#4001 = DIRECTION ( 'NONE',  ( 0.000000000000000000, 0.000000000000000000, 1.000000000000000000 ) ) ;
#4002 = AXIS2_PLACEMENT_3D ( 'NONE', #4236, #436, #3096 ) ;
#4003 = VECTOR ( 'NONE', #4299, 1000.000000000000000 ) ;
#4004 = DIRECTION ( 'NONE',  ( 0.000000000000000000, 0.000000000000000000, 1.000000000000000000 ) ) ;
#4005 = CIRCLE ( 'NONE', #5486, 4.000000000000000000 ) ;
#4006 = AXIS2_PLACEMENT_3D ( 'NONE', #5074, #3258, #1992 ) ;
#4007 = CARTESIAN_POINT ( 'NONE',  ( -3.999999999999996447, 8.500000000000000000, -4.999999999999997335 ) ) ;
#4008 = AXIS2_PLACEMENT_3D ( 'NONE', #862, #393, #5170 ) ;
#4009 = AXIS2_PLACEMENT_3D ( 'NONE', #3613, #2231, #2741 ) ;
#4010 = VERTEX_POINT ( 'NONE', #4041 ) ;
#4011 = AXIS2_PLACEMENT_3D ( 'NONE', #3848, #2949, #1330 ) ;
#4012 = ORIENTED_EDGE ( 'NONE', *, *, #4679, .T. ) ;
#4013 = CARTESIAN_POINT ( 'NONE',  ( 39.00000000000000711, 1.500000000000001332, 21.99999999999999645 ) ) ;
#4014 = ORIENTED_EDGE ( 'NONE', *, *, #3505, .T. ) ;
#4015 = ORIENTED_EDGE ( 'NONE', *, *, #5398, .F. ) ;
#4016 = DIRECTION ( 'NONE',  ( 0.000000000000000000, 1.000000000000000000, 0.000000000000000000 ) ) ;
#4017 = CARTESIAN_POINT ( 'NONE',  ( -44.00000000000000000, 21.00000000000000000, -18.25000000000000355 ) ) ;
#4018 = LINE ( 'NONE', #4333, #3727 ) ;
#4019 = CARTESIAN_POINT ( 'NONE',  ( -38.99999999999999289, 5.500000000000000000, 10.00000000000000178 ) ) ;
#4020 = ADVANCED_FACE ( 'NONE', ( #1401 ), #501, .F. ) ;
#4021 = CARTESIAN_POINT ( 'NONE',  ( -49.99999999999999289, 0.000000000000000000, -19.99999999999999645 ) ) ;
#4022 = CIRCLE ( 'NONE', #265, 4.500000000000000888 ) ;
#4023 = ORIENTED_EDGE ( 'NONE', *, *, #5302, .F. ) ;
#4024 = CARTESIAN_POINT ( 'NONE',  ( -44.00000000000000000, 21.00000000000000000, 18.25000000000000355 ) ) ;
#4025 = DIRECTION ( 'NONE',  ( -1.000000000000000000, 0.000000000000000000, 0.000000000000000000 ) ) ;
#4026 = CYLINDRICAL_SURFACE ( 'NONE', #1901, 0.5000000000000004441 ) ;
#4027 = ORIENTED_EDGE ( 'NONE', *, *, #4847, .F. ) ;
#4028 = DIRECTION ( 'NONE',  ( -0.000000000000000000, -1.000000000000000000, -0.000000000000000000 ) ) ;
#4029 = ADVANCED_FACE ( 'NONE', ( #4856 ), #530, .F. ) ;
#4030 = AXIS2_PLACEMENT_3D ( 'NONE', #595, #130, #2322 ) ;
#4031 = CARTESIAN_POINT ( 'NONE',  ( -10.23161276499843986, 12.99999999999999822, 21.99999999999999645 ) ) ;
#4032 = ORIENTED_EDGE ( 'NONE', *, *, #3471, .T. ) ;
#4033 = DIRECTION ( 'NONE',  ( -1.000000000000000000, 0.000000000000000000, 0.000000000000000000 ) ) ;
#4034 = CARTESIAN_POINT ( 'NONE',  ( 50.00000000000000711, 20.00000000000000000, -8.371172191953011321 ) ) ;
#4035 = EDGE_CURVE ( 'NONE', #5215, #5032, #2687, .T. ) ;
#4036 = ORIENTED_EDGE ( 'NONE', *, *, #5592, .F. ) ;
#4037 = LINE ( 'NONE', #494, #3175 ) ;
#4038 = EDGE_LOOP ( 'NONE', ( #457, #4822, #2423, #4378 ) ) ;
#4039 = ORIENTED_EDGE ( 'NONE', *, *, #86, .F. ) ;
#4040 = VECTOR ( 'NONE', #2235, 1000.000000000000000 ) ;
#4041 = CARTESIAN_POINT ( 'NONE',  ( 30.99999999999999645, 8.500000000000000000, -24.50000000000000000 ) ) ;
#4042 = DIRECTION ( 'NONE',  ( 0.000000000000000000, 0.000000000000000000, 1.000000000000000000 ) ) ;
#4043 = CARTESIAN_POINT ( 'NONE',  ( 17.00000000000000000, 17.70898593245469499, -11.87117219195301132 ) ) ;
#4044 = LINE ( 'NONE', #72, #1048 ) ;
#4045 = CIRCLE ( 'NONE', #1303, 4.000000000000000000 ) ;
#4046 = CIRCLE ( 'NONE', #2127, 4.000000000000000000 ) ;
#4047 = CARTESIAN_POINT ( 'NONE',  ( -7.999999999999996447, 8.500000000000168754, -24.50000000000000000 ) ) ;
#4048 = ORIENTED_EDGE ( 'NONE', *, *, #3786, .T. ) ;
#4049 = CARTESIAN_POINT ( 'NONE',  ( 44.00000000000000000, 19.00000000000000000, 18.25000000000000355 ) ) ;
#4050 = CARTESIAN_POINT ( 'NONE',  ( 13.23161276499840966, 5.062556206516027224, 15.00000000000000178 ) ) ;
#4051 = DIRECTION ( 'NONE',  ( 1.000000000000000000, -0.000000000000000000, -0.000000000000000000 ) ) ;
#4052 = EDGE_CURVE ( 'NONE', #5311, #4010, #2265, .T. ) ;
#4053 = AXIS2_PLACEMENT_3D ( 'NONE', #4050, #1929, #1061 ) ;
#4054 = EDGE_CURVE ( 'NONE', #5575, #1158, #2139, .T. ) ;
#4055 = CIRCLE ( 'NONE', #1853, 4.500000000000002665 ) ;
#4056 = FACE_BOUND ( 'NONE', #517, .T. ) ;
#4057 = VERTEX_POINT ( 'NONE', #2321 ) ;
#4058 = CARTESIAN_POINT ( 'NONE',  ( -38.99999999999997868, 19.00000000000000000, -18.25000000000000355 ) ) ;
#4059 = AXIS2_PLACEMENT_3D ( 'NONE', #2609, #1778, #452 ) ;
#4060 = CARTESIAN_POINT ( 'NONE',  ( -35.76244370842962184, 9.031278103258014056, 25.00000000000000000 ) ) ;
#4061 = CARTESIAN_POINT ( 'NONE',  ( 39.00000000000000711, 5.500000000000000000, 10.00000000000000178 ) ) ;
#4062 = EDGE_LOOP ( 'NONE', ( #2577, #1397, #770, #4537 ) ) ;
#4063 = FACE_OUTER_BOUND ( 'NONE', #2578, .T. ) ;
#4064 = EDGE_CURVE ( 'NONE', #777, #5470, #2352, .T. ) ;
#4065 = EDGE_LOOP ( 'NONE', ( #200, #2586, #2724, #1309 ) ) ;
#4066 = VERTEX_POINT ( 'NONE', #2713 ) ;
#4067 = AXIS2_PLACEMENT_3D ( 'NONE', #1139, #2482, #3874 ) ;
#4068 = ADVANCED_FACE ( 'NONE', ( #5315 ), #99, .T. ) ;
#4069 = CARTESIAN_POINT ( 'NONE',  ( 44.00000000000000000, 19.00000000000000000, -23.24999999999999289 ) ) ;
#4070 = ORIENTED_EDGE ( 'NONE', *, *, #13, .F. ) ;
#4071 = ORIENTED_EDGE ( 'NONE', *, *, #1786, .T. ) ;
#4072 = EDGE_LOOP ( 'NONE', ( #3483, #4802, #1027, #3693 ) ) ;
#4073 = VECTOR ( 'NONE', #5693, 1000.000000000000000 ) ;
#4074 = LINE ( 'NONE', #2661, #2050 ) ;
#4075 = ORIENTED_EDGE ( 'NONE', *, *, #4254, .F. ) ;
#4076 = PERSON_AND_ORGANIZATION_ROLE ( 'creator' ) ;
#4077 = VERTEX_POINT ( 'NONE', #1429 ) ;
#4078 = DIRECTION ( 'NONE',  ( -1.000000000000000000, 0.000000000000000000, -0.000000000000000000 ) ) ;
#4079 = ORIENTED_EDGE ( 'NONE', *, *, #4872, .F. ) ;
#4080 = DIRECTION ( 'NONE',  ( -0.000000000000000000, -1.000000000000000000, -0.000000000000000000 ) ) ;
#4081 = CARTESIAN_POINT ( 'NONE',  ( -49.99999999999999289, 14.70898593245469499, -15.62882780804699223 ) ) ;
#4082 = CARTESIAN_POINT ( 'NONE',  ( 4.000000000000000000, 9.031278103258014056, 24.50000000000000000 ) ) ;
#4083 = DIRECTION ( 'NONE',  ( -1.000000000000000000, 0.000000000000000000, -0.000000000000000000 ) ) ;
#4084 = VECTOR ( 'NONE', #1628, 1000.000000000000000 ) ;
#4085 = LINE ( 'NONE', #141, #2467 ) ;
#4086 = EDGE_LOOP ( 'NONE', ( #5554, #658 ) ) ;
#4087 = CARTESIAN_POINT ( 'NONE',  ( -44.00000000000000000, 19.00000000000000000, 18.25000000000000355 ) ) ;
#4088 = CARTESIAN_POINT ( 'NONE',  ( -49.49999999999999289, 1.791014067545305455, -12.12882780804699223 ) ) ;
#4089 = DIRECTION ( 'NONE',  ( 0.000000000000000000, 0.000000000000000000, -1.000000000000000000 ) ) ;
#4090 = ORIENTED_EDGE ( 'NONE', *, *, #1148, .T. ) ;
#4091 = AXIS2_PLACEMENT_3D ( 'NONE', #2269, #3150, #2291 ) ;
#4092 = VECTOR ( 'NONE', #3490, 1000.000000000000000 ) ;
#4093 = CIRCLE ( 'NONE', #1064, 4.499999999999999112 ) ;
#4094 = VERTEX_POINT ( 'NONE', #4938 ) ;
#4095 = EDGE_CURVE ( 'NONE', #975, #638, #1225, .T. ) ;
#4096 = ORIENTED_EDGE ( 'NONE', *, *, #3302, .F. ) ;
#4097 = CYLINDRICAL_SURFACE ( 'NONE', #4413, 0.5000000000000004441 ) ;
#4098 = CIRCLE ( 'NONE', #1989, 4.000000000000000888 ) ;
#4099 = VERTEX_POINT ( 'NONE', #67 ) ;
#4100 = CARTESIAN_POINT ( 'NONE',  ( -19.99999999999999645, 8.500000000000335731, -4.999999999999997335 ) ) ;
#4101 = CIRCLE ( 'NONE', #4202, 0.5000000000000004441 ) ;
#4102 = ORIENTED_EDGE ( 'NONE', *, *, #335, .F. ) ;
#4103 = EDGE_CURVE ( 'NONE', #1882, #405, #1024, .T. ) ;
#4104 = EDGE_LOOP ( 'NONE', ( #3141, #2792, #573, #2066 ) ) ;
#4105 = EDGE_CURVE ( 'NONE', #554, #2893, #1554, .T. ) ;
#4106 = ORIENTED_EDGE ( 'NONE', *, *, #5511, .T. ) ;
#4107 = CIRCLE ( 'NONE', #1439, 4.500000000000000888 ) ;
#4108 = CARTESIAN_POINT ( 'NONE',  ( -25.73161276499844874, 12.99999999999999822, 24.50000000000000000 ) ) ;
#4109 = PERSON_AND_ORGANIZATION ( #2918, #3487 ) ;
#4110 = EDGE_CURVE ( 'NONE', #554, #4772, #5177, .T. ) ;
#4111 = ORIENTED_EDGE ( 'NONE', *, *, #503, .F. ) ;
#4112 = DIRECTION ( 'NONE',  ( 0.000000000000000000, 0.000000000000000000, 1.000000000000000000 ) ) ;
#4113 = ORIENTED_EDGE ( 'NONE', *, *, #665, .F. ) ;
#4114 = DIRECTION ( 'NONE',  ( 1.000000000000000000, 0.000000000000000000, 0.000000000000000000 ) ) ;
#4115 = VERTEX_POINT ( 'NONE', #1979 ) ;
#4116 = CARTESIAN_POINT ( 'NONE',  ( 3.469446951953614189E-15, 8.500000000000000000, -4.999999999999997335 ) ) ;
#4117 = CARTESIAN_POINT ( 'NONE',  ( -49.99999999999999289, 18.20898593245469499, -11.87117219195301132 ) ) ;
#4118 = CARTESIAN_POINT ( 'NONE',  ( 39.00000000000000711, 19.00000000000000355, 21.99999999999999645 ) ) ;
#4119 = DIRECTION ( 'NONE',  ( 0.000000000000000000, 0.000000000000000000, 1.000000000000000000 ) ) ;
#4120 = FACE_BOUND ( 'NONE', #2298, .T. ) ;
#4121 = AXIS2_PLACEMENT_3D ( 'NONE', #722, #2474, #5047 ) ;
#4122 = EDGE_LOOP ( 'NONE', ( #553, #1045, #1912, #5466 ) ) ;
#4123 = DIRECTION ( 'NONE',  ( 1.000000000000000000, 0.000000000000000000, -0.000000000000000000 ) ) ;
#4124 = CARTESIAN_POINT ( 'NONE',  ( -25.23161276499844874, 12.99999999999999822, 24.50000000000000000 ) ) ;
#4125 = CARTESIAN_POINT ( 'NONE',  ( -49.49999999999999289, 14.50000000000000000, 14.00000000000000178 ) ) ;
#4126 = LOCAL_TIME ( 13, 57, 8.000000000000000000, #3425 ) ;
#4127 = ORIENTED_EDGE ( 'NONE', *, *, #409, .F. ) ;
#4128 = EDGE_LOOP ( 'NONE', ( #3667, #2901, #3269, #1609 ) ) ;
#4129 = DIRECTION ( 'NONE',  ( -1.000000000000000000, -0.000000000000000000, -0.000000000000000000 ) ) ;
#4130 = DIRECTION ( 'NONE',  ( 0.000000000000000000, 0.000000000000000000, 1.000000000000000000 ) ) ;
#4131 = ORIENTED_EDGE ( 'NONE', *, *, #3472, .F. ) ;
#4132 = EDGE_CURVE ( 'NONE', #5397, #1686, #3137, .T. ) ;
#4133 = EDGE_CURVE ( 'NONE', #5087, #74, #3604, .T. ) ;
#4134 = ORIENTED_EDGE ( 'NONE', *, *, #5302, .T. ) ;
#4135 = DIRECTION ( 'NONE',  ( 1.000000000000000000, 0.000000000000000000, 0.000000000000000000 ) ) ;
#4136 = EDGE_CURVE ( 'NONE', #2772, #2631, #5086, .T. ) ;
#4137 = LINE ( 'NONE', #5497, #4316 ) ;
#4138 = ORIENTED_EDGE ( 'NONE', *, *, #224, .F. ) ;
#4139 = CARTESIAN_POINT ( 'NONE',  ( -49.99999999999999289, 14.50000000000000000, 0.000000000000000000 ) ) ;
#4140 = FACE_BOUND ( 'NONE', #2662, .T. ) ;
#4141 = ORIENTED_EDGE ( 'NONE', *, *, #3102, .F. ) ;
#4142 = EDGE_CURVE ( 'NONE', #277, #4196, #4346, .T. ) ;
#4143 = DIRECTION ( 'NONE',  ( 1.000000000000000000, -0.000000000000000000, -0.000000000000000000 ) ) ;
#4144 = DIRECTION ( 'NONE',  ( -0.000000000000000000, -0.000000000000000000, -1.000000000000000000 ) ) ;
#4145 = CARTESIAN_POINT ( 'NONE',  ( -22.23161276499845229, 5.062556206516027224, 21.99999999999999645 ) ) ;
#4146 = CIRCLE ( 'NONE', #1941, 4.000000000000000000 ) ;
#4147 = ORIENTED_EDGE ( 'NONE', *, *, #1181, .F. ) ;
#4148 = CARTESIAN_POINT ( 'NONE',  ( -49.99999999999999289, 0.000000000000000000, 25.00000000000000000 ) ) ;
#4149 = FACE_BOUND ( 'NONE', #283, .T. ) ;
#4150 = VERTEX_POINT ( 'NONE', #5095 ) ;
#4151 = LINE ( 'NONE', #3664, #497 ) ;
#4152 = FACE_OUTER_BOUND ( 'NONE', #3242, .T. ) ;
#4153 = DIRECTION ( 'NONE',  ( -1.224646799147353207E-16, 1.000000000000000000, 0.000000000000000000 ) ) ;
#4154 = ORIENTED_EDGE ( 'NONE', *, *, #4703, .T. ) ;
#4155 = AXIS2_PLACEMENT_3D ( 'NONE', #1998, #5053, #5509 ) ;
#4156 = VECTOR ( 'NONE', #4691, 1000.000000000000000 ) ;
#4157 = ORIENTED_EDGE ( 'NONE', *, *, #421, .T. ) ;
#4158 = AXIS2_PLACEMENT_3D ( 'NONE', #5350, #2750, #969 ) ;
#4159 = EDGE_LOOP ( 'NONE', ( #3701, #5174, #3948, #5636 ) ) ;
#4160 = DIRECTION ( 'NONE',  ( 1.000000000000000000, -0.000000000000000000, -0.000000000000000000 ) ) ;
#4161 = DIRECTION ( 'NONE',  ( -0.000000000000000000, -1.000000000000000000, -0.000000000000000000 ) ) ;
#4162 = CIRCLE ( 'NONE', #1310, 4.000000000000007105 ) ;
#4163 = AXIS2_PLACEMENT_3D ( 'NONE', #2475, #1099, #4235 ) ;
#4164 = ORIENTED_EDGE ( 'NONE', *, *, #4315, .F. ) ;
#4165 = ORIENTED_EDGE ( 'NONE', *, *, #1585, .F. ) ;
#4166 = VERTEX_POINT ( 'NONE', #1519 ) ;
#4167 = EDGE_CURVE ( 'NONE', #1528, #3352, #2838, .T. ) ;
#4168 = FACE_OUTER_BOUND ( 'NONE', #4849, .T. ) ;
#4169 = ORIENTED_EDGE ( 'NONE', *, *, #4460, .T. ) ;
#4170 = CIRCLE ( 'NONE', #1697, 4.999999999999990230 ) ;
#4171 = CARTESIAN_POINT ( 'NONE',  ( -49.99999999999999289, 0.000000000000000000, 20.00000000000000000 ) ) ;
#4172 = ORIENTED_EDGE ( 'NONE', *, *, #5029, .T. ) ;
#4173 = CARTESIAN_POINT ( 'NONE',  ( 28.00000000000000000, 8.500000000000168754, -4.999999999999997335 ) ) ;
#4174 = EDGE_CURVE ( 'NONE', #2610, #1991, #3609, .T. ) ;
#4175 = ORIENTED_EDGE ( 'NONE', *, *, #569, .T. ) ;
#4176 = LINE ( 'NONE', #257, #3511 ) ;
#4177 = DIRECTION ( 'NONE',  ( 0.000000000000000000, 0.000000000000000000, 1.000000000000000000 ) ) ;
#4178 = CARTESIAN_POINT ( 'NONE',  ( -31.50000000000000000, 5.500000000000000000, 4.000000000000000000 ) ) ;
#4179 = CIRCLE ( 'NONE', #5672, 3.000000000000004441 ) ;
#4180 = ORIENTED_EDGE ( 'NONE', *, *, #933, .F. ) ;
#4181 = FACE_OUTER_BOUND ( 'NONE', #3529, .T. ) ;
#4182 = CARTESIAN_POINT ( 'NONE',  ( -49.99999999999999289, 20.00000000000000000, 20.00000000000000000 ) ) ;
#4183 = ADVANCED_FACE ( 'NONE', ( #4168 ), #626, .F. ) ;
#4184 = ADVANCED_FACE ( 'NONE', ( #1085 ), #3346, .T. ) ;
#4185 = CARTESIAN_POINT ( 'NONE',  ( 50.00000000000000711, 5.500000000000000000, 10.00000000000000178 ) ) ;
#4186 = AXIS2_PLACEMENT_3D ( 'NONE', #1813, #5405, #3621 ) ;
#4187 = DIRECTION ( 'NONE',  ( -1.000000000000000000, 0.000000000000000000, -0.000000000000000000 ) ) ;
#4188 = DIRECTION ( 'NONE',  ( -0.000000000000000000, 1.000000000000000000, -0.000000000000000000 ) ) ;
#4189 = ADVANCED_FACE ( 'NONE', ( #4595 ), #398, .T. ) ;
#4190 = ORIENTED_EDGE ( 'NONE', *, *, #2974, .T. ) ;
#4191 = CIRCLE ( 'NONE', #5117, 5.000000000000000888 ) ;
#4192 = DIRECTION ( 'NONE',  ( -0.000000000000000000, 0.000000000000000000, 1.000000000000000000 ) ) ;
#4193 = CARTESIAN_POINT ( 'NONE',  ( 9.731612764998407883, 5.062556206516027224, 24.50000000000000000 ) ) ;
#4194 = AXIS2_PLACEMENT_3D ( 'NONE', #4842, #4866, #2754 ) ;
#4195 = ORIENTED_EDGE ( 'NONE', *, *, #5367, .T. ) ;
#4196 = VERTEX_POINT ( 'NONE', #5001 ) ;
#4197 = AXIS2_PLACEMENT_3D ( 'NONE', #1631, #5481, #2885 ) ;
#4198 = CIRCLE ( 'NONE', #5577, 0.5000000000000004441 ) ;
#4199 = DIRECTION ( 'NONE',  ( 1.000000000000000000, -0.000000000000000000, -0.000000000000000000 ) ) ;
#4200 = EDGE_LOOP ( 'NONE', ( #5658, #3464, #3532, #3196 ) ) ;
#4201 = APPROVAL_STATUS ( 'not_yet_approved' ) ;
#4202 = AXIS2_PLACEMENT_3D ( 'NONE', #2633, #3476, #3497 ) ;
#4203 = ORIENTED_EDGE ( 'NONE', *, *, #80, .F. ) ;
#4204 = CARTESIAN_POINT ( 'NONE',  ( 19.23161276499841321, 12.99999999999999822, 24.50000000000000000 ) ) ;
#4205 = ORIENTED_EDGE ( 'NONE', *, *, #2493, .F. ) ;
#4206 = AXIS2_PLACEMENT_3D ( 'NONE', #55, #909, #2087 ) ;
#4207 = CARTESIAN_POINT ( 'NONE',  ( 57.50000000000000711, 14.50000000000000000, 10.00000000000000178 ) ) ;
#4208 = CARTESIAN_POINT ( 'NONE',  ( 35.00000000000000000, 8.500000000000000000, -4.999999999999997335 ) ) ;
#4209 = CYLINDRICAL_SURFACE ( 'NONE', #1165, 2.999999999999999112 ) ;
#4210 = ORIENTED_EDGE ( 'NONE', *, *, #3730, .F. ) ;
#4211 = DIRECTION ( 'NONE',  ( -1.000000000000000000, 0.000000000000000000, 0.000000000000000000 ) ) ;
#4212 = EDGE_CURVE ( 'NONE', #1140, #319, #1611, .T. ) ;
#4213 = CARTESIAN_POINT ( 'NONE',  ( 37.00000000000000711, 19.00000000000000355, 0.000000000000000000 ) ) ;
#4214 = DIRECTION ( 'NONE',  ( 0.000000000000000000, 0.000000000000000000, 1.000000000000000000 ) ) ;
#4215 = LINE ( 'NONE', #2367, #5386 ) ;
#4216 = DIRECTION ( 'NONE',  ( -1.000000000000000000, 0.000000000000000000, 0.000000000000000000 ) ) ;
#4217 = EDGE_CURVE ( 'NONE', #319, #5665, #4351, .T. ) ;
#4218 = CARTESIAN_POINT ( 'NONE',  ( 17.00000000000000000, 5.500000000000000888, 4.000000000000000000 ) ) ;
#4219 = DIRECTION ( 'NONE',  ( 0.000000000000000000, 0.000000000000000000, -1.000000000000000000 ) ) ;
#4220 = AXIS2_PLACEMENT_3D ( 'NONE', #826, #2131, #1624 ) ;
#4221 = CARTESIAN_POINT ( 'NONE',  ( 49.50000000000000711, 14.70898593245469499, -15.12882780804699223 ) ) ;
#4222 = EDGE_CURVE ( 'NONE', #3246, #1702, #967, .T. ) ;
#4223 = ORIENTED_EDGE ( 'NONE', *, *, #2721, .T. ) ;
#4224 = EDGE_LOOP ( 'NONE', ( #5021, #1146, #5269, #2284 ) ) ;
#4225 = DIRECTION ( 'NONE',  ( 0.000000000000000000, 0.000000000000000000, 1.000000000000000000 ) ) ;
#4226 = EDGE_LOOP ( 'NONE', ( #1535, #5362, #4102, #1350 ) ) ;
#4227 = DIRECTION ( 'NONE',  ( 1.000000000000000000, 0.000000000000000000, 0.000000000000000000 ) ) ;
#4228 = EDGE_LOOP ( 'NONE', ( #4252, #983, #4015, #4027 ) ) ;
#4229 = CARTESIAN_POINT ( 'NONE',  ( -49.99999999999999289, 5.500000000000000000, 10.00000000000000178 ) ) ;
#4230 = DIRECTION ( 'NONE',  ( 0.000000000000000000, 0.000000000000000000, -1.000000000000000000 ) ) ;
#4231 = DIRECTION ( 'NONE',  ( -0.000000000000000000, 1.000000000000000000, -0.000000000000000000 ) ) ;
#4232 = ORIENTED_EDGE ( 'NONE', *, *, #2755, .F. ) ;
#4233 = FACE_OUTER_BOUND ( 'NONE', #2074, .T. ) ;
#4234 = AXIS2_PLACEMENT_3D ( 'NONE', #3363, #5570, #1077 ) ;
#4235 = DIRECTION ( 'NONE',  ( 0.000000000000000000, 0.000000000000000000, 1.000000000000000000 ) ) ;
#4236 = CARTESIAN_POINT ( 'NONE',  ( -31.23161276499841676, 9.031278103258014056, 21.99999999999999645 ) ) ;
#4237 = ORIENTED_EDGE ( 'NONE', *, *, #3764, .T. ) ;
#4238 = CARTESIAN_POINT ( 'NONE',  ( -49.49999999999999289, 5.291014067545305011, -12.12882780804699223 ) ) ;
#4239 = CARTESIAN_POINT ( 'NONE',  ( -8.673617379884035472E-16, 9.031278103258014056, 24.50000000000000000 ) ) ;
#4240 = CIRCLE ( 'NONE', #3691, 5.000000000000000888 ) ;
#4241 = TOROIDAL_SURFACE ( 'NONE', #2953, 4.530830943431200630, 0.5000000000000000000 ) ;
#4242 = EDGE_CURVE ( 'NONE', #2848, #3656, #2174, .T. ) ;
#4243 = ADVANCED_FACE ( 'NONE', ( #2494 ), #3284, .T. ) ;
#4244 = DIRECTION ( 'NONE',  ( 1.000000000000000000, 0.000000000000000000, 0.000000000000000000 ) ) ;
#4245 = VERTEX_POINT ( 'NONE', #310 ) ;
#4246 = CIRCLE ( 'NONE', #2956, 4.000000000000000000 ) ;
#4247 = DIRECTION ( 'NONE',  ( 0.000000000000000000, 0.000000000000000000, -1.000000000000000000 ) ) ;
#4248 = VECTOR ( 'NONE', #4845, 1000.000000000000000 ) ;
#4249 = DIRECTION ( 'NONE',  ( 0.000000000000000000, 0.000000000000000000, -1.000000000000000000 ) ) ;
#4250 = VECTOR ( 'NONE', #2447, 1000.000000000000000 ) ;
#4251 = AXIS2_PLACEMENT_3D ( 'NONE', #4024, #2645, #938 ) ;
#4252 = ORIENTED_EDGE ( 'NONE', *, *, #2655, .T. ) ;
#4253 = ADVANCED_FACE ( 'NONE', ( #3396 ), #1232, .T. ) ;
#4254 = EDGE_CURVE ( 'NONE', #5107, #3704, #3743, .T. ) ;
#4255 = EDGE_CURVE ( 'NONE', #1540, #4504, #3469, .T. ) ;
#4256 = ORIENTED_EDGE ( 'NONE', *, *, #1553, .F. ) ;
#4257 = ADVANCED_FACE ( 'NONE', ( #2119 ), #1312, .F. ) ;
#4258 = LINE ( 'NONE', #5152, #2213 ) ;
#4259 = ORIENTED_EDGE ( 'NONE', *, *, #966, .F. ) ;
#4260 = CARTESIAN_POINT ( 'NONE',  ( 50.00000000000000711, 18.20898593245469499, -12.12882780804699223 ) ) ;
#4261 = PLANE ( 'NONE',  #661 ) ;
#4262 = EDGE_CURVE ( 'NONE', #2436, #3610, #2084, .T. ) ;
#4263 = DIRECTION ( 'NONE',  ( 0.000000000000000000, 0.000000000000000000, 1.000000000000000000 ) ) ;
#4264 = VERTEX_POINT ( 'NONE', #2521 ) ;
#4265 = ORIENTED_EDGE ( 'NONE', *, *, #2900, .T. ) ;
#4266 = FACE_BOUND ( 'NONE', #1192, .T. ) ;
#4267 = DIRECTION ( 'NONE',  ( 0.000000000000000000, 0.000000000000000000, -1.000000000000000000 ) ) ;
#4268 = AXIS2_PLACEMENT_3D ( 'NONE', #2621, #5246, #2193 ) ;
#4269 = CARTESIAN_POINT ( 'NONE',  ( -36.99999999999999289, 17.00000000000000000, 0.000000000000000000 ) ) ;
#4270 = EDGE_LOOP ( 'NONE', ( #2639, #4596, #4644, #1970 ) ) ;
#4271 = DIRECTION ( 'NONE',  ( 0.000000000000000000, 0.000000000000000000, -1.000000000000000000 ) ) ;
#4272 = DIRECTION ( 'NONE',  ( 0.000000000000000000, 0.000000000000000000, -1.000000000000000000 ) ) ;
#4273 = CARTESIAN_POINT ( 'NONE',  ( -3.999999999999996447, 8.500000000000000000, -22.00000000000000355 ) ) ;
#4274 = VECTOR ( 'NONE', #5623, 1000.000000000000000 ) ;
#4275 = FACE_OUTER_BOUND ( 'NONE', #4038, .T. ) ;
#4276 = DIRECTION ( 'NONE',  ( 1.000000000000000000, 0.000000000000000000, 0.000000000000000000 ) ) ;
#4277 = ORIENTED_EDGE ( 'NONE', *, *, #3341, .T. ) ;
#4278 = ORIENTED_EDGE ( 'NONE', *, *, #5366, .T. ) ;
#4279 = ADVANCED_FACE ( 'NONE', ( #3935 ), #4795, .F. ) ;
#4280 = CIRCLE ( 'NONE', #4091, 3.000000000000002665 ) ;
#4281 = CARTESIAN_POINT ( 'NONE',  ( 16.73161276499841676, 5.062556206516027224, 25.00000000000000000 ) ) ;
#4282 = EDGE_CURVE ( 'NONE', #3631, #3969, #246, .T. ) ;
#4283 = AXIS2_PLACEMENT_3D ( 'NONE', #2665, #2998, #2590 ) ;
#4284 = AXIS2_PLACEMENT_3D ( 'NONE', #2294, #1815, #4458 ) ;
#4285 = APPROVAL_ROLE ( '' ) ;
#4286 = CIRCLE ( 'NONE', #4827, 2.000000000000001776 ) ;
#4287 = ORIENTED_EDGE ( 'NONE', *, *, #1113, .T. ) ;
#4288 = CIRCLE ( 'NONE', #2441, 0.5000000000000004441 ) ;
#4289 = DIRECTION ( 'NONE',  ( -0.000000000000000000, -0.000000000000000000, -1.000000000000000000 ) ) ;
#4290 = ORIENTED_EDGE ( 'NONE', *, *, #925, .F. ) ;
#4291 = CARTESIAN_POINT ( 'NONE',  ( 17.00000000000000000, 2.291014067545305455, -12.12882780804699223 ) ) ;
#4292 = LINE ( 'NONE', #2099, #3796 ) ;
#4293 = CARTESIAN_POINT ( 'NONE',  ( -38.99999999999999289, 19.00000000000000355, 21.99999999999999645 ) ) ;
#4294 = ADVANCED_FACE ( 'NONE', ( #2605 ), #338, .T. ) ;
#4295 = CIRCLE ( 'NONE', #5213, 2.250000000000001776 ) ;
#4296 = EDGE_LOOP ( 'NONE', ( #5395, #1977, #1722, #4113 ) ) ;
#4297 = VERTEX_POINT ( 'NONE', #4742 ) ;
#4298 = DIRECTION ( 'NONE',  ( 1.000000000000000000, 0.000000000000000000, 0.000000000000000000 ) ) ;
#4299 = DIRECTION ( 'NONE',  ( -0.000000000000000000, -0.000000000000000000, 1.000000000000000000 ) ) ;
#4300 = AXIS2_PLACEMENT_3D ( 'NONE', #4592, #1916, #180 ) ;
#4301 = CARTESIAN_POINT ( 'NONE',  ( 10.23161276499840611, 5.062556206516027224, 15.00000000000000178 ) ) ;
#4302 = EDGE_LOOP ( 'NONE', ( #22, #82 ) ) ;
#4303 = PLANE ( 'NONE',  #869 ) ;
#4304 = DIRECTION ( 'NONE',  ( 0.000000000000000000, 1.000000000000000000, 0.000000000000000000 ) ) ;
#4305 = VERTEX_POINT ( 'NONE', #4281 ) ;
#4306 = CARTESIAN_POINT ( 'NONE',  ( 13.23161276499840966, 5.062556206516027224, 25.00000000000000000 ) ) ;
#4307 = CARTESIAN_POINT ( 'NONE',  ( -27.20078182156721880, 9.031278103258014056, 15.00000000000000178 ) ) ;
#4308 = LINE ( 'NONE', #4336, #5295 ) ;
#4309 = DIRECTION ( 'NONE',  ( 1.000000000000000000, -0.000000000000000000, 0.000000000000000000 ) ) ;
#4310 = EDGE_LOOP ( 'NONE', ( #2606, #2287 ) ) ;
#4311 = ORIENTED_EDGE ( 'NONE', *, *, #3956, .T. ) ;
#4312 = CIRCLE ( 'NONE', #2464, 5.000000000000018652 ) ;
#4313 = DIRECTION ( 'NONE',  ( 1.000000000000000000, 0.000000000000000000, 0.000000000000000000 ) ) ;
#4314 = EDGE_CURVE ( 'NONE', #2768, #5182, #4295, .T. ) ;
#4315 = EDGE_CURVE ( 'NONE', #1686, #5397, #1539, .T. ) ;
#4316 = VECTOR ( 'NONE', #1492, 1000.000000000000000 ) ;
#4317 = PERSON_AND_ORGANIZATION ( #2918, #3487 ) ;
#4318 = ORIENTED_EDGE ( 'NONE', *, *, #2709, .T. ) ;
#4319 = DIRECTION ( 'NONE',  ( -0.000000000000000000, -0.000000000000000000, 1.000000000000000000 ) ) ;
#4320 = ORIENTED_EDGE ( 'NONE', *, *, #1608, .F. ) ;
#4321 = DIRECTION ( 'NONE',  ( -1.000000000000000000, 0.000000000000000000, 0.000000000000000000 ) ) ;
#4322 = DIRECTION ( 'NONE',  ( -0.000000000000000000, -0.000000000000000000, -1.000000000000000000 ) ) ;
#4323 = LINE ( 'NONE', #5185, #1890 ) ;
#4324 = EDGE_LOOP ( 'NONE', ( #3811, #3176, #3254, #4548 ) ) ;
#4325 = ORIENTED_EDGE ( 'NONE', *, *, #3857, .F. ) ;
#4326 = DIRECTION ( 'NONE',  ( -0.000000000000000000, -0.000000000000000000, 1.000000000000000000 ) ) ;
#4327 = CARTESIAN_POINT ( 'NONE',  ( -49.99999999999999289, 14.70898593245469499, -12.12882780804699223 ) ) ;
#4328 = EDGE_CURVE ( 'NONE', #823, #717, #3924, .T. ) ;
#4329 = CARTESIAN_POINT ( 'NONE',  ( 17.00000000000000000, 5.500000000000000000, 0.000000000000000000 ) ) ;
#4330 = EDGE_LOOP ( 'NONE', ( #62, #1238, #679, #4203 ) ) ;
#4331 = CARTESIAN_POINT ( 'NONE',  ( 50.00000000000000711, 20.00000000000000000, 20.00000000000000000 ) ) ;
#4332 = CARTESIAN_POINT ( 'NONE',  ( -16.49999999999999289, 8.500000000000168754, -25.00000000000000000 ) ) ;
#4333 = CARTESIAN_POINT ( 'NONE',  ( 27.89407435200384811, 9.031278103258014056, 15.00000000000000178 ) ) ;
#4334 = CARTESIAN_POINT ( 'NONE',  ( 18.73161276499841321, 12.99999999999999822, 24.50000000000000000 ) ) ;
#4335 = AXIS2_PLACEMENT_3D ( 'NONE', #2343, #4563, #429 ) ;
#4336 = CARTESIAN_POINT ( 'NONE',  ( 49.50000000000000711, 2.291014067545305455, -12.12882780804699223 ) ) ;
#4337 = ORIENTED_EDGE ( 'NONE', *, *, #5139, .F. ) ;
#4338 = ORIENTED_EDGE ( 'NONE', *, *, #3873, .T. ) ;
#4339 = CIRCLE ( 'NONE', #5532, 4.999999999999990230 ) ;
#4340 = AXIS2_PLACEMENT_3D ( 'NONE', #1185, #2933, #316 ) ;
#4341 = DIRECTION ( 'NONE',  ( -0.000000000000000000, -0.000000000000000000, 1.000000000000000000 ) ) ;
#4342 = AXIS2_PLACEMENT_3D ( 'NONE', #1563, #3318, #2387 ) ;
#4343 = CIRCLE ( 'NONE', #394, 2.000000000000001776 ) ;
#4344 = ORIENTED_EDGE ( 'NONE', *, *, #4394, .F. ) ;
#4345 = EDGE_CURVE ( 'NONE', #173, #2753, #4101, .T. ) ;
#4346 = CIRCLE ( 'NONE', #5090, 3.500000000000003109 ) ;
#4347 = DIRECTION ( 'NONE',  ( -1.000000000000000000, -0.000000000000000000, -0.000000000000000000 ) ) ;
#4348 = ORIENTED_EDGE ( 'NONE', *, *, #2457, .F. ) ;
#4349 = DIRECTION ( 'NONE',  ( 1.000000000000000000, 0.000000000000000000, 0.000000000000000000 ) ) ;
#4350 = ORIENTED_EDGE ( 'NONE', *, *, #629, .F. ) ;
#4351 = CIRCLE ( 'NONE', #1635, 5.000000000000000888 ) ;
#4352 = DIRECTION ( 'NONE',  ( -1.000000000000000000, 0.000000000000000000, 0.000000000000000000 ) ) ;
#4353 = EDGE_CURVE ( 'NONE', #205, #5151, #4819, .T. ) ;
#4354 = DIRECTION ( 'NONE',  ( 0.000000000000000000, 0.000000000000000000, 1.000000000000000000 ) ) ;
#4355 = AXIS2_PLACEMENT_3D ( 'NONE', #1879, #1851, #3169 ) ;
#4356 = EDGE_LOOP ( 'NONE', ( #256, #1780 ) ) ;
#4357 = DIRECTION ( 'NONE',  ( 0.000000000000000000, 0.000000000000000000, 1.000000000000000000 ) ) ;
#4358 = DIRECTION ( 'NONE',  ( -0.000000000000000000, 0.000000000000000000, 1.000000000000000000 ) ) ;
#4359 = ADVANCED_FACE ( 'NONE', ( #5676 ), #1643, .T. ) ;
#4360 = ADVANCED_FACE ( 'NONE', ( #4395 ), #1204, .F. ) ;
#4361 = CARTESIAN_POINT ( 'NONE',  ( 19.50000000000000355, 8.500000000000168754, -24.50000000000000000 ) ) ;
#4362 = AXIS2_PLACEMENT_3D ( 'NONE', #2599, #1249, #3470 ) ;
#4363 = CARTESIAN_POINT ( 'NONE',  ( 9.731612764998411436, 12.99999999999999822, 25.00000000000000000 ) ) ;
#4364 = CIRCLE ( 'NONE', #3279, 3.499999999999999556 ) ;
#4365 = DIRECTION ( 'NONE',  ( -0.000000000000000000, 1.000000000000000000, -0.000000000000000000 ) ) ;
#4366 = ADVANCED_FACE ( 'NONE', ( #366 ), #5631, .F. ) ;
#4367 = EDGE_CURVE ( 'NONE', #4428, #1695, #1345, .T. ) ;
#4368 = ORIENTED_EDGE ( 'NONE', *, *, #622, .F. ) ;
#4369 = VECTOR ( 'NONE', #5644, 1000.000000000000000 ) ;
#4370 = DIRECTION ( 'NONE',  ( 1.000000000000000000, 0.000000000000000000, 0.000000000000000000 ) ) ;
#4371 = VERTEX_POINT ( 'NONE', #5364 ) ;
#4372 = FACE_OUTER_BOUND ( 'NONE', #2404, .T. ) ;
#4373 = ORIENTED_EDGE ( 'NONE', *, *, #4255, .F. ) ;
#4374 = CIRCLE ( 'NONE', #1618, 0.5000000000000004441 ) ;
#4375 = DIRECTION ( 'NONE',  ( 0.000000000000000000, 0.000000000000000000, -1.000000000000000000 ) ) ;
#4376 = VECTOR ( 'NONE', #1687, 1000.000000000000000 ) ;
#4377 = AXIS2_PLACEMENT_3D ( 'NONE', #1127, #3319, #289 ) ;
#4378 = ORIENTED_EDGE ( 'NONE', *, *, #1694, .F. ) ;
#4379 = DIRECTION ( 'NONE',  ( -0.000000000000000000, -1.000000000000000000, -0.000000000000000000 ) ) ;
#4380 = CARTESIAN_POINT ( 'NONE',  ( -31.50000000000000000, 14.50000000000000000, -4.000000000000001776 ) ) ;
#4381 = AXIS2_PLACEMENT_3D ( 'NONE', #4896, #3665, #1476 ) ;
#4382 = PLANE ( 'NONE',  #1800 ) ;
#4383 = ORIENTED_EDGE ( 'NONE', *, *, #999, .F. ) ;
#4384 = AXIS2_PLACEMENT_3D ( 'NONE', #472, #3643, #4445 ) ;
#4385 = DIRECTION ( 'NONE',  ( 0.000000000000000000, -1.000000000000000000, 0.000000000000000000 ) ) ;
#4386 = CARTESIAN_POINT ( 'NONE',  ( 49.50000000000000711, 14.50000000000000000, 14.00000000000000178 ) ) ;
#4387 = EDGE_CURVE ( 'NONE', #1469, #4837, #4198, .T. ) ;
#4388 = CIRCLE ( 'NONE', #4663, 0.5000000000000004441 ) ;
#4389 = LINE ( 'NONE', #1715, #2779 ) ;
#4390 = DIRECTION ( 'NONE',  ( 0.000000000000000000, 0.000000000000000000, 1.000000000000000000 ) ) ;
#4391 = EDGE_CURVE ( 'NONE', #1981, #5012, #4037, .T. ) ;
#4392 = VERTEX_POINT ( 'NONE', #1425 ) ;
#4393 = ORIENTED_EDGE ( 'NONE', *, *, #5294, .F. ) ;
#4394 = EDGE_CURVE ( 'NONE', #3179, #4564, #3836, .T. ) ;
#4395 = FACE_OUTER_BOUND ( 'NONE', #156, .T. ) ;
#4396 = ORIENTED_EDGE ( 'NONE', *, *, #4973, .F. ) ;
#4397 = ORIENTED_EDGE ( 'NONE', *, *, #2561, .F. ) ;
#4398 = DIRECTION ( 'NONE',  ( -0.000000000000000000, -0.000000000000000000, -1.000000000000000000 ) ) ;
#4399 = ORIENTED_EDGE ( 'NONE', *, *, #3873, .F. ) ;
#4400 = DIRECTION ( 'NONE',  ( 0.000000000000000000, 0.000000000000000000, -1.000000000000000000 ) ) ;
#4401 = CARTESIAN_POINT ( 'NONE',  ( 49.50000000000000711, 5.500000000000000888, -4.500000000000000888 ) ) ;
#4402 = CARTESIAN_POINT ( 'NONE',  ( 45.00000000000000711, 19.00000000000000000, 25.00000000000000000 ) ) ;
#4403 = ORIENTED_EDGE ( 'NONE', *, *, #4262, .F. ) ;
#4404 = CARTESIAN_POINT ( 'NONE',  ( 37.00000000000000711, 19.00000000000000355, -22.00000000000000355 ) ) ;
#4405 = DIRECTION ( 'NONE',  ( -1.000000000000000000, 0.000000000000000000, 0.000000000000000000 ) ) ;
#4406 = FACE_OUTER_BOUND ( 'NONE', #1097, .T. ) ;
#4407 = DIRECTION ( 'NONE',  ( 0.000000000000000000, 1.000000000000000000, -0.000000000000000000 ) ) ;
#4408 = DIRECTION ( 'NONE',  ( 1.000000000000000000, -0.000000000000000000, 0.000000000000000000 ) ) ;
#4409 = DIRECTION ( 'NONE',  ( 0.000000000000000000, 0.000000000000000000, 1.000000000000000000 ) ) ;
#4410 = EDGE_CURVE ( 'NONE', #2936, #3061, #2543, .T. ) ;
#4411 = CARTESIAN_POINT ( 'NONE',  ( -49.99999999999999289, 5.291014067545305011, -8.371172191953009545 ) ) ;
#4412 = ORIENTED_EDGE ( 'NONE', *, *, #3133, .T. ) ;
#4413 = AXIS2_PLACEMENT_3D ( 'NONE', #5680, #4823, #1751 ) ;
#4414 = AXIS2_PLACEMENT_3D ( 'NONE', #1161, #1994, #696 ) ;
#4415 = VERTEX_POINT ( 'NONE', #1855 ) ;
#4416 = CARTESIAN_POINT ( 'NONE',  ( 16.50000000000000000, 8.500000000000168754, -25.00000000000000000 ) ) ;
#4417 = VECTOR ( 'NONE', #4638, 1000.000000000000000 ) ;
#4418 = VECTOR ( 'NONE', #1033, 1000.000000000000000 ) ;
#4419 = EDGE_LOOP ( 'NONE', ( #4475, #3362 ) ) ;
#4420 = EDGE_CURVE ( 'NONE', #1667, #683, #7, .T. ) ;
#4421 = VERTEX_POINT ( 'NONE', #4873 ) ;
#4422 = EDGE_CURVE ( 'NONE', #4099, #5085, #143, .T. ) ;
#4423 = ADVANCED_FACE ( 'NONE', ( #4532 ), #586, .F. ) ;
#4424 = FACE_OUTER_BOUND ( 'NONE', #4887, .T. ) ;
#4425 = AXIS2_PLACEMENT_3D ( 'NONE', #1005, #3606, #3199 ) ;
#4426 = DIRECTION ( 'NONE',  ( -0.000000000000000000, -0.000000000000000000, 1.000000000000000000 ) ) ;
#4427 = VECTOR ( 'NONE', #4990, 1000.000000000000000 ) ;
#4428 = VERTEX_POINT ( 'NONE', #981 ) ;
#4429 = CARTESIAN_POINT ( 'NONE',  ( -38.99999999999999289, 17.70898593245469499, -11.87117219195301132 ) ) ;
#4430 = ADVANCED_FACE ( 'NONE', ( #3174 ), #5298, .T. ) ;
#4431 = AXIS2_PLACEMENT_3D ( 'NONE', #1467, #3658, #4889 ) ;
#4432 = CARTESIAN_POINT ( 'NONE',  ( 50.00000000000000711, 14.70898593245469499, -8.371172191953009545 ) ) ;
#4433 = LINE ( 'NONE', #935, #5285 ) ;
#4434 = ORIENTED_EDGE ( 'NONE', *, *, #3895, .F. ) ;
#4435 = CARTESIAN_POINT ( 'NONE',  ( 37.00000000000000711, 17.00000000000000000, 0.000000000000000000 ) ) ;
#4436 = CARTESIAN_POINT ( 'NONE',  ( -45.00000000000000000, 19.00000000000000000, 20.00000000000000000 ) ) ;
#4437 = AXIS2_PLACEMENT_3D ( 'NONE', #2583, #1754, #4349 ) ;
#4438 = DIRECTION ( 'NONE',  ( 0.000000000000000000, 0.000000000000000000, 1.000000000000000000 ) ) ;
#4439 = CARTESIAN_POINT ( 'NONE',  ( -45.00000000000000000, 0.000000000000000000, 25.00000000000000000 ) ) ;
#4440 = DIRECTION ( 'NONE',  ( -1.000000000000000000, 0.000000000000000000, 0.000000000000000000 ) ) ;
#4441 = DIRECTION ( 'NONE',  ( -1.000000000000000000, 0.000000000000000000, 0.000000000000000000 ) ) ;
#4442 = AXIS2_PLACEMENT_3D ( 'NONE', #676, #5084, #2430 ) ;
#4443 = ORIENTED_EDGE ( 'NONE', *, *, #5131, .F. ) ;
#4444 = ORIENTED_EDGE ( 'NONE', *, *, #3139, .F. ) ;
#4445 = DIRECTION ( 'NONE',  ( 0.000000000000000000, 0.000000000000000000, -1.000000000000000000 ) ) ;
#4446 = VERTEX_POINT ( 'NONE', #1341 ) ;
#4447 = EDGE_CURVE ( 'NONE', #4495, #2401, #3088, .T. ) ;
#4448 = VERTEX_POINT ( 'NONE', #5396 ) ;
#4449 = TOROIDAL_SURFACE ( 'NONE', #3627, 4.500000000000000888, 0.5000000000000000000 ) ;
#4450 = DIRECTION ( 'NONE',  ( 1.000000000000000000, 0.000000000000000000, -0.000000000000000000 ) ) ;
#4451 = EDGE_CURVE ( 'NONE', #2272, #422, #3006, .T. ) ;
#4452 = LINE ( 'NONE', #5431, #5451 ) ;
#4453 = ORIENTED_EDGE ( 'NONE', *, *, #3472, .T. ) ;
#4454 = CYLINDRICAL_SURFACE ( 'NONE', #3395, 4.000000000000000888 ) ;
#4455 = LINE ( 'NONE', #416, #4274 ) ;
#4456 = CARTESIAN_POINT ( 'NONE',  ( 28.00000000000000000, 8.500000000000168754, -24.50000000000000000 ) ) ;
#4457 = AXIS2_PLACEMENT_3D ( 'NONE', #4306, #3872, #3441 ) ;
#4458 = DIRECTION ( 'NONE',  ( 1.000000000000000000, 0.000000000000000000, 0.000000000000000000 ) ) ;
#4459 = ORIENTED_EDGE ( 'NONE', *, *, #3835, .T. ) ;
#4460 = EDGE_CURVE ( 'NONE', #3037, #2149, #4477, .T. ) ;
#4461 = CARTESIAN_POINT ( 'NONE',  ( -49.99999999999999289, 20.00000000000000000, -8.371172191953011321 ) ) ;
#4462 = DIRECTION ( 'NONE',  ( 1.000000000000000000, 0.000000000000000000, 0.000000000000000000 ) ) ;
#4463 = CARTESIAN_POINT ( 'NONE',  ( 50.00000000000000711, 20.00000000000000000, 25.00000000000000000 ) ) ;
#4464 = VECTOR ( 'NONE', #5588, 1000.000000000000000 ) ;
#4465 = DIRECTION ( 'NONE',  ( 0.000000000000000000, 0.000000000000000000, -1.000000000000000000 ) ) ;
#4466 = CIRCLE ( 'NONE', #4284, 3.000000000000004441 ) ;
#4467 = LINE ( 'NONE', #81, #3203 ) ;
#4468 = AXIS2_PLACEMENT_3D ( 'NONE', #4238, #3299, #5079 ) ;
#4469 = CIRCLE ( 'NONE', #1533, 4.000000000000000000 ) ;
#4470 = DESIGN_CONTEXT ( 'detailed design', #4934, 'design' ) ;
#4471 = DIRECTION ( 'NONE',  ( 0.000000000000000000, 0.000000000000000000, 1.000000000000000000 ) ) ;
#4472 = CARTESIAN_POINT ( 'NONE',  ( -38.99999999999999289, 1.500000000000001332, -22.00000000000000355 ) ) ;
#4473 = CARTESIAN_POINT ( 'NONE',  ( -31.50000000000000000, 14.50000000000000000, 14.00000000000000178 ) ) ;
#4474 = AXIS2_PLACEMENT_3D ( 'NONE', #818, #446, #5603 ) ;
#4475 = ORIENTED_EDGE ( 'NONE', *, *, #617, .T. ) ;
#4476 = AXIS2_PLACEMENT_3D ( 'NONE', #26, #1380, #791 ) ;
#4477 = LINE ( 'NONE', #3958, #513 ) ;
#4478 = VERTEX_POINT ( 'NONE', #897 ) ;
#4479 = ORIENTED_EDGE ( 'NONE', *, *, #4665, .T. ) ;
#4480 = EDGE_CURVE ( 'NONE', #2617, #315, #3380, .T. ) ;
#4481 = CARTESIAN_POINT ( 'NONE',  ( -22.23161276499845229, 5.062556206516027224, 15.00000000000000178 ) ) ;
#4482 = EDGE_CURVE ( 'NONE', #3352, #1445, #3084, .T. ) ;
#4483 = CARTESIAN_POINT ( 'NONE',  ( 9.731612764998411436, 12.99999999999999822, 24.50000000000000000 ) ) ;
#4484 = CARTESIAN_POINT ( 'NONE',  ( -13.23161276499843808, 5.062556206516027224, 24.50000000000000000 ) ) ;
#4485 = CARTESIAN_POINT ( 'NONE',  ( -10.23161276499843808, 12.99999999999999822, 15.00000000000000178 ) ) ;
#4486 = DIRECTION ( 'NONE',  ( 0.000000000000000000, -0.000000000000000000, 1.000000000000000000 ) ) ;
#4487 = CIRCLE ( 'NONE', #2842, 4.500000000000000888 ) ;
#4488 = VERTEX_POINT ( 'NONE', #4013 ) ;
#4489 = LINE ( 'NONE', #3998, #2350 ) ;
#4490 = FACE_OUTER_BOUND ( 'NONE', #4562, .T. ) ;
#4491 = DIRECTION ( 'NONE',  ( 0.000000000000000000, 0.000000000000000000, -1.000000000000000000 ) ) ;
#4492 = CARTESIAN_POINT ( 'NONE',  ( -27.99999999999999645, 8.500000000000335731, -24.50000000000000000 ) ) ;
#4493 = EDGE_CURVE ( 'NONE', #846, #2772, #3556, .T. ) ;
#4494 = DIRECTION ( 'NONE',  ( 0.000000000000000000, 0.000000000000000000, 1.000000000000000000 ) ) ;
#4495 = VERTEX_POINT ( 'NONE', #124 ) ;
#4496 = CARTESIAN_POINT ( 'NONE',  ( -38.99999999999999289, 14.70898593245469499, -11.87117219195301132 ) ) ;
#4497 = DIRECTION ( 'NONE',  ( 0.000000000000000000, 0.000000000000000000, -1.000000000000000000 ) ) ;
#4498 = FACE_OUTER_BOUND ( 'NONE', #5546, .T. ) ;
#4499 = VERTEX_POINT ( 'NONE', #1452 ) ;
#4500 = LINE ( 'NONE', #1075, #2056 ) ;
#4501 = ORIENTED_EDGE ( 'NONE', *, *, #4945, .T. ) ;
#4502 = CARTESIAN_POINT ( 'NONE',  ( -18.73161276499844163, 12.99999999999999822, 24.50000000000000000 ) ) ;
#4503 = EDGE_LOOP ( 'NONE', ( #5541, #5416, #3209, #5066 ) ) ;
#4504 = VERTEX_POINT ( 'NONE', #4416 ) ;
#4505 = AXIS2_PLACEMENT_3D ( 'NONE', #1807, #4800, #900 ) ;
#4506 = CARTESIAN_POINT ( 'NONE',  ( -49.99999999999999289, 20.00000000000000000, -25.00000000000000000 ) ) ;
#4507 = CARTESIAN_POINT ( 'NONE',  ( 7.500000000000000000, 8.500000000000168754, -25.00000000000000000 ) ) ;
#4508 = EDGE_LOOP ( 'NONE', ( #4350, #4778, #2602, #4810 ) ) ;
#4509 = FACE_OUTER_BOUND ( 'NONE', #2929, .T. ) ;
#4510 = CIRCLE ( 'NONE', #3703, 0.5000000000000004441 ) ;
#4511 = LINE ( 'NONE', #2814, #3076 ) ;
#4512 = ORIENTED_EDGE ( 'NONE', *, *, #5358, .F. ) ;
#4513 = CARTESIAN_POINT ( 'NONE',  ( 25.73161276499842032, 12.99999999999999822, 25.00000000000000000 ) ) ;
#4514 = DIRECTION ( 'NONE',  ( 0.000000000000000000, 0.000000000000000000, -1.000000000000000000 ) ) ;
#4515 = DIRECTION ( 'NONE',  ( 0.000000000000000000, 1.000000000000000000, 0.000000000000000000 ) ) ;
#4516 = DIRECTION ( 'NONE',  ( -1.000000000000000000, 0.000000000000000000, 0.000000000000000000 ) ) ;
#4517 = AXIS2_PLACEMENT_3D ( 'NONE', #1501, #3156, #4514 ) ;
#4518 = CIRCLE ( 'NONE', #3336, 0.5000000000000004441 ) ;
#4519 = ADVANCED_FACE ( 'NONE', ( #4965 ), #3983, .F. ) ;
#4520 = FACE_OUTER_BOUND ( 'NONE', #2870, .T. ) ;
#4521 = ORIENTED_EDGE ( 'NONE', *, *, #4877, .T. ) ;
#4522 = LINE ( 'NONE', #1823, #2860 ) ;
#4523 = CIRCLE ( 'NONE', #1494, 2.250000000000001776 ) ;
#4524 = CARTESIAN_POINT ( 'NONE',  ( 24.00000000000000000, 8.500000000000168754, -4.999999999999997335 ) ) ;
#4525 = CARTESIAN_POINT ( 'NONE',  ( 39.00000000000000711, 14.50000000000000000, -4.000000000000000888 ) ) ;
#4526 = EDGE_LOOP ( 'NONE', ( #2009, #1129, #1416, #4876 ) ) ;
#4527 = ADVANCED_FACE ( 'NONE', ( #711 ), #5516, .F. ) ;
#4528 = ADVANCED_FACE ( 'NONE', ( #4656 ), #2433, .F. ) ;
#4529 = VERTEX_POINT ( 'NONE', #2403 ) ;
#4530 = EDGE_LOOP ( 'NONE', ( #2239, #1721, #4311, #5604 ) ) ;
#4531 = VERTEX_POINT ( 'NONE', #2030 ) ;
#4532 = FACE_OUTER_BOUND ( 'NONE', #952, .T. ) ;
#4533 = EDGE_CURVE ( 'NONE', #2653, #4499, #2460, .T. ) ;
#4534 = EDGE_CURVE ( 'NONE', #3264, #1641, #1074, .T. ) ;
#4535 = ORIENTED_EDGE ( 'NONE', *, *, #4908, .F. ) ;
#4536 = ORIENTED_EDGE ( 'NONE', *, *, #2938, .F. ) ;
#4537 = ORIENTED_EDGE ( 'NONE', *, *, #729, .F. ) ;
#4538 = AXIS2_PLACEMENT_3D ( 'NONE', #5540, #3361, #2920 ) ;
#4539 = DIRECTION ( 'NONE',  ( -1.000000000000000000, 0.000000000000000000, 0.000000000000000000 ) ) ;
#4540 = APPLICATION_PROTOCOL_DEFINITION ( 'international standard', 'config_control_design', 1994, #2181 ) ;
#4541 = VERTEX_POINT ( 'NONE', #4565 ) ;
#4542 = CYLINDRICAL_SURFACE ( 'NONE', #4733, 4.000000000000000000 ) ;
#4543 = DIRECTION ( 'NONE',  ( 1.000000000000000000, -0.000000000000000000, -0.000000000000000000 ) ) ;
#4544 = ORIENTED_EDGE ( 'NONE', *, *, #2709, .F. ) ;
#4545 = CARTESIAN_POINT ( 'NONE',  ( -49.49999999999999289, 17.70898593245469499, -11.87117219195301132 ) ) ;
#4546 = DIRECTION ( 'NONE',  ( 0.000000000000000000, 1.000000000000000000, 0.000000000000000000 ) ) ;
#4547 = FACE_OUTER_BOUND ( 'NONE', #2926, .T. ) ;
#4548 = ORIENTED_EDGE ( 'NONE', *, *, #2026, .F. ) ;
#4549 = DIRECTION ( 'NONE',  ( 0.000000000000000000, 0.000000000000000000, 1.000000000000000000 ) ) ;
#4550 = AXIS2_PLACEMENT_3D ( 'NONE', #70, #1833, #102 ) ;
#4551 = DIRECTION ( 'NONE',  ( -0.000000000000000000, -0.000000000000000000, 1.000000000000000000 ) ) ;
#4552 = DIRECTION ( 'NONE',  ( 0.000000000000000000, 0.000000000000000000, -1.000000000000000000 ) ) ;
#4553 = ORIENTED_EDGE ( 'NONE', *, *, #5457, .T. ) ;
#4554 = CARTESIAN_POINT ( 'NONE',  ( -16.73161276499844519, 5.062556206516027224, 25.00000000000000000 ) ) ;
#4555 = DIRECTION ( 'NONE',  ( 1.000000000000000000, 0.000000000000000000, 0.000000000000000000 ) ) ;
#4556 = EDGE_LOOP ( 'NONE', ( #2519, #741, #3715, #2731 ) ) ;
#4557 = ADVANCED_FACE ( 'NONE', ( #3307 ), #5218, .T. ) ;
#4558 = AXIS2_PLACEMENT_3D ( 'NONE', #5299, #3190, #53 ) ;
#4559 = VECTOR ( 'NONE', #5442, 1000.000000000000000 ) ;
#4560 = VERTEX_POINT ( 'NONE', #4221 ) ;
#4561 = EDGE_CURVE ( 'NONE', #3898, #2841, #1810, .T. ) ;
#4562 = EDGE_LOOP ( 'NONE', ( #1195, #3968, #5101, #1526 ) ) ;
#4563 = DIRECTION ( 'NONE',  ( 0.000000000000000000, 0.000000000000000000, 1.000000000000000000 ) ) ;
#4564 = VERTEX_POINT ( 'NONE', #3767 ) ;
#4565 = CARTESIAN_POINT ( 'NONE',  ( -4.499999999999997335, 8.500000000000000000, -25.00000000000000000 ) ) ;
#4566 = AXIS2_PLACEMENT_3D ( 'NONE', #526, #3527, #2260 ) ;
#4567 = EDGE_LOOP ( 'NONE', ( #591, #2951, #111, #5062 ) ) ;
#4568 = EDGE_CURVE ( 'NONE', #4755, #3366, #3243, .T. ) ;
#4569 = VECTOR ( 'NONE', #3364, 1000.000000000000000 ) ;
#4570 = ORIENTED_EDGE ( 'NONE', *, *, #1113, .F. ) ;
#4571 = DIRECTION ( 'NONE',  ( -1.000000000000000000, 0.000000000000000000, 0.000000000000000000 ) ) ;
#4572 = VERTEX_POINT ( 'NONE', #1974 ) ;
#4573 = CARTESIAN_POINT ( 'NONE',  ( -49.49999999999999289, 2.291014067545305455, -15.62882780804699223 ) ) ;
#4574 = CARTESIAN_POINT ( 'NONE',  ( -11.99999999999999645, 8.500000000000168754, -22.00000000000000355 ) ) ;
#4575 = ORIENTED_EDGE ( 'NONE', *, *, #4136, .T. ) ;
#4576 = DIRECTION ( 'NONE',  ( 0.000000000000000000, 0.000000000000000000, -1.000000000000000000 ) ) ;
#4577 = CARTESIAN_POINT ( 'NONE',  ( -31.23161276499841676, 9.031278103258014056, 25.00000000000000000 ) ) ;
#4578 = DIRECTION ( 'NONE',  ( -0.000000000000000000, -0.000000000000000000, -1.000000000000000000 ) ) ;
#4579 = EDGE_LOOP ( 'NONE', ( #1598, #1645, #1012, #3940 ) ) ;
#4580 = CARTESIAN_POINT ( 'NONE',  ( -38.99999999999999289, 1.500000000000001332, -22.00000000000000355 ) ) ;
#4581 = DIRECTION ( 'NONE',  ( -1.000000000000000000, 0.000000000000000000, 0.000000000000000000 ) ) ;
#4582 = AXIS2_PLACEMENT_3D ( 'NONE', #4981, #2786, #4549 ) ;
#4583 = ORIENTED_EDGE ( 'NONE', *, *, #4095, .T. ) ;
#4584 = CARTESIAN_POINT ( 'NONE',  ( -38.99999999999999289, 19.00000000000000000, 21.99999999999999645 ) ) ;
#4585 = CARTESIAN_POINT ( 'NONE',  ( -44.00000000000000000, 21.00000000000000000, -16.00000000000000000 ) ) ;
#4586 = DIRECTION ( 'NONE',  ( 1.000000000000000000, 0.000000000000000000, 0.000000000000000000 ) ) ;
#4587 = ORIENTED_EDGE ( 'NONE', *, *, #590, .T. ) ;
#4588 = CARTESIAN_POINT ( 'NONE',  ( -34.99999999999999289, 8.500000000000000000, -4.999999999999997335 ) ) ;
#4589 = EDGE_CURVE ( 'NONE', #4478, #1858, #3928, .T. ) ;
#4590 = VERTEX_POINT ( 'NONE', #5030 ) ;
#4591 = CARTESIAN_POINT ( 'NONE',  ( 45.00000000000001421, 20.00000000000000000, 20.00000000000000000 ) ) ;
#4592 = CARTESIAN_POINT ( 'NONE',  ( -31.50000000000000000, 14.50000000000000000, 0.000000000000000000 ) ) ;
#4593 = ORIENTED_EDGE ( 'NONE', *, *, #5677, .T. ) ;
#4594 = ADVANCED_FACE ( 'NONE', ( #1078 ), #3290, .T. ) ;
#4595 = FACE_OUTER_BOUND ( 'NONE', #3525, .T. ) ;
#4596 = ORIENTED_EDGE ( 'NONE', *, *, #4493, .T. ) ;
#4597 = EDGE_CURVE ( 'NONE', #3426, #3206, #2833, .T. ) ;
#4598 = EDGE_CURVE ( 'NONE', #2397, #5129, #3474, .T. ) ;
#4599 = EDGE_CURVE ( 'NONE', #4837, #3433, #1726, .T. ) ;
#4600 = MECHANICAL_CONTEXT ( 'NONE', #2181, 'mechanical' ) ;
#4601 = ORIENTED_EDGE ( 'NONE', *, *, #1128, .F. ) ;
#4602 = AXIS2_PLACEMENT_3D ( 'NONE', #2890, #4192, #2003 ) ;
#4603 = EDGE_LOOP ( 'NONE', ( #4412, #5238, #4611, #290 ) ) ;
#4604 = LINE ( 'NONE', #4173, #4417 ) ;
#4605 = ORIENTED_EDGE ( 'NONE', *, *, #3074, .T. ) ;
#4606 = FACE_OUTER_BOUND ( 'NONE', #3447, .T. ) ;
#4607 = FACE_OUTER_BOUND ( 'NONE', #5387, .T. ) ;
#4608 = DIRECTION ( 'NONE',  ( 0.000000000000000000, 0.000000000000000000, -1.000000000000000000 ) ) ;
#4609 = EDGE_CURVE ( 'NONE', #898, #4541, #4107, .T. ) ;
#4610 = CIRCLE ( 'NONE', #2122, 3.500000000000003109 ) ;
#4611 = ORIENTED_EDGE ( 'NONE', *, *, #4665, .F. ) ;
#4612 = DIRECTION ( 'NONE',  ( 0.000000000000000000, 0.000000000000000000, -1.000000000000000000 ) ) ;
#4613 = CIRCLE ( 'NONE', #2405, 4.000000000000000888 ) ;
#4614 = FACE_OUTER_BOUND ( 'NONE', #2851, .T. ) ;
#4615 = CIRCLE ( 'NONE', #2223, 3.000000000000004441 ) ;
#4616 = ORIENTED_EDGE ( 'NONE', *, *, #275, .F. ) ;
#4617 = CARTESIAN_POINT ( 'NONE',  ( -38.99999999999999289, 14.50000000000000000, 10.00000000000000178 ) ) ;
#4618 = CARTESIAN_POINT ( 'NONE',  ( 22.23161276499841676, 12.99999999999999822, 15.00000000000000178 ) ) ;
#4619 = DIRECTION ( 'NONE',  ( 0.000000000000000000, -1.000000000000000000, -0.000000000000000000 ) ) ;
#4620 = CIRCLE ( 'NONE', #1950, 4.000000000000000888 ) ;
#4621 = AXIS2_PLACEMENT_3D ( 'NONE', #4291, #1675, #3859 ) ;
#4622 = AXIS2_PLACEMENT_3D ( 'NONE', #3377, #5133, #2934 ) ;
#4623 = ORIENTED_EDGE ( 'NONE', *, *, #3833, .F. ) ;
#4624 = CARTESIAN_POINT ( 'NONE',  ( 31.23161276499841676, 9.031278103258014056, 15.00000000000000178 ) ) ;
#4625 = LINE ( 'NONE', #1605, #4569 ) ;
#4626 = ORIENTED_EDGE ( 'NONE', *, *, #92, .T. ) ;
#4627 = ORIENTED_EDGE ( 'NONE', *, *, #2652, .F. ) ;
#4628 = ORIENTED_EDGE ( 'NONE', *, *, #3819, .F. ) ;
#4629 = DIRECTION ( 'NONE',  ( -1.000000000000000000, 0.000000000000000000, 0.000000000000000000 ) ) ;
#4630 = EDGE_CURVE ( 'NONE', #2635, #4264, #4625, .T. ) ;
#4631 = VERTEX_POINT ( 'NONE', #4684 ) ;
#4632 = EDGE_CURVE ( 'NONE', #5055, #941, #2345, .T. ) ;
#4633 = CIRCLE ( 'NONE', #5268, 3.500000000000004885 ) ;
#4634 = PERSON_AND_ORGANIZATION ( #2918, #3487 ) ;
#4635 = EDGE_LOOP ( 'NONE', ( #5282, #4694, #2505, #1512 ) ) ;
#4636 = AXIS2_PLACEMENT_3D ( 'NONE', #2051, #1537, #2425 ) ;
#4637 = EDGE_CURVE ( 'NONE', #1700, #4478, #5172, .T. ) ;
#4638 = DIRECTION ( 'NONE',  ( -0.000000000000000000, -0.000000000000000000, -1.000000000000000000 ) ) ;
#4639 = EDGE_LOOP ( 'NONE', ( #1365, #3710, #1915, #370 ) ) ;
#4640 = CARTESIAN_POINT ( 'NONE',  ( -34.99999999999999289, 8.500000000000000000, -25.00000000000000000 ) ) ;
#4641 = CARTESIAN_POINT ( 'NONE',  ( 44.00000000000000000, 21.00000000000000000, -18.25000000000000355 ) ) ;
#4642 = CARTESIAN_POINT ( 'NONE',  ( 39.00000000000000711, 5.500000000000000888, 4.000000000000000000 ) ) ;
#4643 = ORIENTED_EDGE ( 'NONE', *, *, #5106, .T. ) ;
#4644 = ORIENTED_EDGE ( 'NONE', *, *, #3717, .F. ) ;
#4645 = LINE ( 'NONE', #4148, #3201 ) ;
#4646 = FACE_BOUND ( 'NONE', #3912, .T. ) ;
#4647 = ADVANCED_FACE ( 'NONE', ( #4737 ), #3180, .T. ) ;
#4648 = DIRECTION ( 'NONE',  ( -0.000000000000000000, 1.000000000000000000, -0.000000000000000000 ) ) ;
#4649 = AXIS2_PLACEMENT_3D ( 'NONE', #2357, #4943, #2746 ) ;
#4650 = DIRECTION ( 'NONE',  ( -1.000000000000000000, 0.000000000000000000, 0.000000000000000000 ) ) ;
#4651 = CARTESIAN_POINT ( 'NONE',  ( -49.49999999999999289, 5.500000000000000000, 5.500000000000001776 ) ) ;
#4652 = DIRECTION ( 'NONE',  ( 0.000000000000000000, -1.000000000000000000, 0.000000000000000000 ) ) ;
#4653 = EDGE_LOOP ( 'NONE', ( #3770, #2743, #3919, #5153 ) ) ;
#4654 = AXIS2_PLACEMENT_3D ( 'NONE', #2112, #5372, #3901 ) ;
#4655 = CARTESIAN_POINT ( 'NONE',  ( -22.23161276499844519, 12.99999999999999822, 25.00000000000000000 ) ) ;
#4656 = FACE_OUTER_BOUND ( 'NONE', #5628, .T. ) ;
#4657 = VECTOR ( 'NONE', #2047, 1000.000000000000000 ) ;
#4658 = ORIENTED_EDGE ( 'NONE', *, *, #4630, .F. ) ;
#4659 = VERTEX_POINT ( 'NONE', #2247 ) ;
#4660 = VECTOR ( 'NONE', #5508, 1000.000000000000000 ) ;
#4661 = VECTOR ( 'NONE', #950, 1000.000000000000000 ) ;
#4662 = DIRECTION ( 'NONE',  ( 0.000000000000000000, -1.000000000000000000, 0.000000000000000000 ) ) ;
#4663 = AXIS2_PLACEMENT_3D ( 'NONE', #1819, #1693, #1201 ) ;
#4664 = ORIENTED_EDGE ( 'NONE', *, *, #4589, .T. ) ;
#4665 = EDGE_CURVE ( 'NONE', #2497, #3610, #3977, .T. ) ;
#4666 = EDGE_CURVE ( 'NONE', #5311, #5215, #341, .T. ) ;
#4667 = CARTESIAN_POINT ( 'NONE',  ( 34.56915117799298542, 9.031278103258014056, 15.00000000000000178 ) ) ;
#4668 = ORIENTED_EDGE ( 'NONE', *, *, #2986, .F. ) ;
#4669 = DIRECTION ( 'NONE',  ( -1.000000000000000000, 0.000000000000000000, 0.000000000000000000 ) ) ;
#4670 = DIRECTION ( 'NONE',  ( -1.000000000000000000, 0.000000000000000000, 0.000000000000000000 ) ) ;
#4671 = CARTESIAN_POINT ( 'NONE',  ( 17.00000000000000000, 14.70898593245469499, -15.12882780804699223 ) ) ;
#4672 = ORIENTED_EDGE ( 'NONE', *, *, #2316, .T. ) ;
#4673 = CARTESIAN_POINT ( 'NONE',  ( 4.000000000000003553, 8.500000000000000000, -24.50000000000000000 ) ) ;
#4674 = DIRECTION ( 'NONE',  ( 0.000000000000000000, -1.000000000000000000, 0.000000000000000000 ) ) ;
#4675 = CARTESIAN_POINT ( 'NONE',  ( -25.23161276499844874, 12.99999999999999822, 15.00000000000000178 ) ) ;
#4676 = ORIENTED_EDGE ( 'NONE', *, *, #4957, .T. ) ;
#4677 = DIRECTION ( 'NONE',  ( 0.000000000000000000, 0.000000000000000000, -1.000000000000000000 ) ) ;
#4678 = VERTEX_POINT ( 'NONE', #2488 ) ;
#4679 = EDGE_CURVE ( 'NONE', #2635, #2176, #712, .T. ) ;
#4680 = EDGE_CURVE ( 'NONE', #3697, #1055, #58, .T. ) ;
#4681 = DIRECTION ( 'NONE',  ( -0.000000000000000000, -0.000000000000000000, 1.000000000000000000 ) ) ;
#4682 = VERTEX_POINT ( 'NONE', #332 ) ;
#4683 = LOCAL_TIME ( 13, 57, 8.000000000000000000, #2093 ) ;
#4684 = CARTESIAN_POINT ( 'NONE',  ( -44.00000000000000000, 19.00000000000000000, 13.24999999999999822 ) ) ;
#4685 = ORIENTED_EDGE ( 'NONE', *, *, #4777, .T. ) ;
#4686 = AXIS2_PLACEMENT_3D ( 'NONE', #628, #5403, #3249 ) ;
#4687 = DIRECTION ( 'NONE',  ( -1.000000000000000000, 0.000000000000000000, 0.000000000000000000 ) ) ;
#4688 = EDGE_LOOP ( 'NONE', ( #1050, #2393 ) ) ;
#4689 = CARTESIAN_POINT ( 'NONE',  ( -49.99999999999999289, 17.70898593245469499, -11.87117219195301132 ) ) ;
#4690 = VERTEX_POINT ( 'NONE', #306 ) ;
#4691 = DIRECTION ( 'NONE',  ( -0.000000000000000000, -1.000000000000000000, -0.000000000000000000 ) ) ;
#4692 = DIRECTION ( 'NONE',  ( 0.000000000000000000, 0.000000000000000000, -1.000000000000000000 ) ) ;
#4693 = LINE ( 'NONE', #1187, #4464 ) ;
#4694 = ORIENTED_EDGE ( 'NONE', *, *, #162, .T. ) ;
#4695 = CARTESIAN_POINT ( 'NONE',  ( 37.00000000000000711, 17.00000000000000000, -22.00000000000000355 ) ) ;
#4696 = CIRCLE ( 'NONE', #2947, 0.5000000000000004441 ) ;
#4697 = PLANE ( 'NONE',  #4414 ) ;
#4698 = CARTESIAN_POINT ( 'NONE',  ( 16.23161276499841676, 5.062556206516027224, 21.99999999999999645 ) ) ;
#4699 = ORIENTED_EDGE ( 'NONE', *, *, #171, .T. ) ;
#4700 = DIRECTION ( 'NONE',  ( 1.000000000000000000, 0.000000000000000000, 0.000000000000000000 ) ) ;
#4701 = CARTESIAN_POINT ( 'NONE',  ( -39.00000000000000000, 8.500000000000000000, -24.50000000000000000 ) ) ;
#4702 = AXIS2_PLACEMENT_3D ( 'NONE', #772, #3399, #1266 ) ;
#4703 = EDGE_CURVE ( 'NONE', #3371, #4305, #1262, .T. ) ;
#4704 = CARTESIAN_POINT ( 'NONE',  ( 49.50000000000000711, 14.70898593245469499, -8.371172191953009545 ) ) ;
#4705 = EDGE_CURVE ( 'NONE', #5336, #3433, #4758, .T. ) ;
#4706 = AXIS2_PLACEMENT_3D ( 'NONE', #5114, #4619, #5566 ) ;
#4707 = CARTESIAN_POINT ( 'NONE',  ( -38.99999999999999289, 5.500000000000000888, 6.000000000000000888 ) ) ;
#4708 = ADVANCED_FACE ( 'NONE', ( #4710 ), #3073, .T. ) ;
#4709 = VECTOR ( 'NONE', #345, 1000.000000000000000 ) ;
#4710 = FACE_OUTER_BOUND ( 'NONE', #3602, .T. ) ;
#4711 = ORIENTED_EDGE ( 'NONE', *, *, #4935, .F. ) ;
#4712 = AXIS2_PLACEMENT_3D ( 'NONE', #5222, #4405, #3491 ) ;
#4713 = EDGE_LOOP ( 'NONE', ( #1939, #1488, #557, #3981 ) ) ;
#4714 = EDGE_CURVE ( 'NONE', #395, #3507, #1798, .T. ) ;
#4715 = VECTOR ( 'NONE', #4375, 1000.000000000000000 ) ;
#4716 = DIRECTION ( 'NONE',  ( 0.000000000000000000, 0.000000000000000000, 1.000000000000000000 ) ) ;
#4717 = CIRCLE ( 'NONE', #4163, 4.999999999999990230 ) ;
#4718 = EDGE_LOOP ( 'NONE', ( #3193, #430 ) ) ;
#4719 = CARTESIAN_POINT ( 'NONE',  ( 49.50000000000000711, 14.50000000000000000, -4.000000000000000888 ) ) ;
#4720 = EDGE_LOOP ( 'NONE', ( #3908, #3021, #5148, #1489 ) ) ;
#4721 = CYLINDRICAL_SURFACE ( 'NONE', #1217, 2.250000000000001776 ) ;
#4722 = DIRECTION ( 'NONE',  ( 1.000000000000000000, -0.000000000000000000, -0.000000000000000000 ) ) ;
#4723 = CARTESIAN_POINT ( 'NONE',  ( -25.23161276499844874, 5.062556206516027224, 21.99999999999999645 ) ) ;
#4724 = EDGE_LOOP ( 'NONE', ( #3577, #5458, #753, #4127 ) ) ;
#4725 = CARTESIAN_POINT ( 'NONE',  ( 16.23161276499841676, 12.99999999999999822, 24.50000000000000000 ) ) ;
#4726 = CARTESIAN_POINT ( 'NONE',  ( 16.23161276499841676, 12.99999999999999822, 15.00000000000000178 ) ) ;
#4727 = AXIS2_PLACEMENT_3D ( 'NONE', #4334, #391, #2392 ) ;
#4728 = CARTESIAN_POINT ( 'NONE',  ( -11.99999999999999645, 8.500000000000168754, -24.50000000000000000 ) ) ;
#4729 = ORIENTED_EDGE ( 'NONE', *, *, #5677, .F. ) ;
#4730 = DIRECTION ( 'NONE',  ( 0.000000000000000000, -1.000000000000000000, 0.000000000000000000 ) ) ;
#4731 = DIRECTION ( 'NONE',  ( 0.000000000000000000, 1.000000000000000000, 1.224646799147353207E-16 ) ) ;
#4732 = CARTESIAN_POINT ( 'NONE',  ( 44.00000000000000000, 21.00000000000000000, 23.24999999999999289 ) ) ;
#4733 = AXIS2_PLACEMENT_3D ( 'NONE', #1056, #3682, #2270 ) ;
#4734 = EDGE_CURVE ( 'NONE', #5069, #3631, #4388, .T. ) ;
#4735 = EDGE_CURVE ( 'NONE', #4504, #5673, #2547, .T. ) ;
#4736 = DIRECTION ( 'NONE',  ( 1.000000000000000000, 0.000000000000000000, 0.000000000000000000 ) ) ;
#4737 = FACE_OUTER_BOUND ( 'NONE', #3499, .T. ) ;
#4738 = ORIENTED_EDGE ( 'NONE', *, *, #40, .F. ) ;
#4739 = ORIENTED_EDGE ( 'NONE', *, *, #2487, .F. ) ;
#4740 = AXIS2_PLACEMENT_3D ( 'NONE', #1191, #5593, #2135 ) ;
#4741 = AXIS2_PLACEMENT_3D ( 'NONE', #568, #4890, #5381 ) ;
#4742 = CARTESIAN_POINT ( 'NONE',  ( 49.50000000000000711, 5.500000000000000000, -4.000000000000000000 ) ) ;
#4743 = AXIS2_PLACEMENT_3D ( 'NONE', #2643, #73, #1760 ) ;
#4744 = ADVANCED_FACE ( 'NONE', ( #460 ), #3569, .F. ) ;
#4745 = TOROIDAL_SURFACE ( 'NONE', #5288, 4.500000000000000888, 0.5000000000000000000 ) ;
#4746 = ORIENTED_EDGE ( 'NONE', *, *, #2764, .T. ) ;
#4747 = AXIS2_PLACEMENT_3D ( 'NONE', #1821, #1414, #3570 ) ;
#4748 = LINE ( 'NONE', #2579, #5166 ) ;
#4749 = ORIENTED_EDGE ( 'NONE', *, *, #3259, .T. ) ;
#4750 = CYLINDRICAL_SURFACE ( 'NONE', #3591, 2.999999999999999112 ) ;
#4751 = DIRECTION ( 'NONE',  ( 1.000000000000000000, -0.000000000000000000, 0.000000000000000000 ) ) ;
#4752 = AXIS2_PLACEMENT_3D ( 'NONE', #4524, #5307, #546 ) ;
#4753 = DIRECTION ( 'NONE',  ( 0.000000000000000000, 0.000000000000000000, 1.000000000000000000 ) ) ;
#4754 = AXIS2_PLACEMENT_3D ( 'NONE', #3033, #1284, #4716 ) ;
#4755 = VERTEX_POINT ( 'NONE', #2517 ) ;
#4756 = DIRECTION ( 'NONE',  ( 0.000000000000000000, 0.000000000000000000, -1.000000000000000000 ) ) ;
#4757 = DIRECTION ( 'NONE',  ( 0.000000000000000000, 0.000000000000000000, 1.000000000000000000 ) ) ;
#4758 = CIRCLE ( 'NONE', #4476, 0.5000000000000004441 ) ;
#4759 = CARTESIAN_POINT ( 'NONE',  ( 49.50000000000000711, 5.291014067545305011, -8.371172191953009545 ) ) ;
#4760 = ORIENTED_EDGE ( 'NONE', *, *, #4814, .F. ) ;
#4761 = DIRECTION ( 'NONE',  ( 0.000000000000000000, -1.000000000000000000, 0.000000000000000000 ) ) ;
#4762 = LINE ( 'NONE', #414, #387 ) ;
#4763 = DIRECTION ( 'NONE',  ( 1.224646799147353207E-16, 1.000000000000000000, -0.000000000000000000 ) ) ;
#4764 = DIRECTION ( 'NONE',  ( 0.000000000000000000, 0.000000000000000000, -1.000000000000000000 ) ) ;
#4765 = DIRECTION ( 'NONE',  ( 1.000000000000000000, 0.000000000000000000, 0.000000000000000000 ) ) ;
#4766 = CIRCLE ( 'NONE', #527, 5.000000000000004441 ) ;
#4767 = ADVANCED_FACE ( 'NONE', ( #3817 ), #2632, .T. ) ;
#4768 = ORIENTED_EDGE ( 'NONE', *, *, #2340, .F. ) ;
#4769 = AXIS2_PLACEMENT_3D ( 'NONE', #4780, #3022, #5136 ) ;
#4770 = DIRECTION ( 'NONE',  ( 0.000000000000000000, 0.000000000000000000, -1.000000000000000000 ) ) ;
#4771 = ADVANCED_FACE ( 'NONE', ( #3101 ), #1639, .T. ) ;
#4772 = VERTEX_POINT ( 'NONE', #1666 ) ;
#4773 = CARTESIAN_POINT ( 'NONE',  ( -31.23161276499841676, 9.031278103258014056, 15.00000000000000178 ) ) ;
#4774 = ORIENTED_EDGE ( 'NONE', *, *, #1128, .T. ) ;
#4775 = DIRECTION ( 'NONE',  ( -0.000000000000000000, -0.000000000000000000, -1.000000000000000000 ) ) ;
#4776 = ADVANCED_FACE ( 'NONE', ( #5272, #4406 ), #2220, .F. ) ;
#4777 = EDGE_CURVE ( 'NONE', #3173, #3037, #5392, .T. ) ;
#4778 = ORIENTED_EDGE ( 'NONE', *, *, #4957, .F. ) ;
#4779 = EDGE_LOOP ( 'NONE', ( #3566, #4626, #3159, #4999 ) ) ;
#4780 = CARTESIAN_POINT ( 'NONE',  ( -22.23161276499845229, 5.062556206516027224, 24.50000000000000000 ) ) ;
#4781 = DIRECTION ( 'NONE',  ( -0.000000000000000000, -0.000000000000000000, 1.000000000000000000 ) ) ;
#4782 = DIRECTION ( 'NONE',  ( -1.000000000000000000, -0.000000000000000000, -0.000000000000000000 ) ) ;
#4783 = EDGE_LOOP ( 'NONE', ( #2736, #1757, #2473, #3647 ) ) ;
#4784 = CARTESIAN_POINT ( 'NONE',  ( -44.00000000000000000, 0.000000000000000000, 18.25000000000000355 ) ) ;
#4785 = DIRECTION ( 'NONE',  ( -0.000000000000000000, 1.000000000000000000, -0.000000000000000000 ) ) ;
#4786 = ADVANCED_FACE ( 'NONE', ( #4547 ), #4026, .T. ) ;
#4787 = DIRECTION ( 'NONE',  ( 0.000000000000000000, 0.000000000000000000, -1.000000000000000000 ) ) ;
#4788 = LINE ( 'NONE', #1794, #769 ) ;
#4789 = AXIS2_PLACEMENT_3D ( 'NONE', #2058, #2923, #2486 ) ;
#4790 = CARTESIAN_POINT ( 'NONE',  ( -49.99999999999999289, 19.00000000000000000, 25.00000000000000000 ) ) ;
#4791 = ORIENTED_EDGE ( 'NONE', *, *, #3143, .F. ) ;
#4792 = ORIENTED_EDGE ( 'NONE', *, *, #5199, .F. ) ;
#4793 = AXIS2_PLACEMENT_3D ( 'NONE', #784, #1662, #3758 ) ;
#4794 = CIRCLE ( 'NONE', #1389, 4.500000000000000888 ) ;
#4795 = CYLINDRICAL_SURFACE ( 'NONE', #4924, 4.030830943431200630 ) ;
#4796 = VECTOR ( 'NONE', #3625, 1000.000000000000000 ) ;
#4797 = AXIS2_PLACEMENT_3D ( 'NONE', #4116, #3688, #2470 ) ;
#4798 = ORIENTED_EDGE ( 'NONE', *, *, #729, .T. ) ;
#4799 = VECTOR ( 'NONE', #2208, 1000.000000000000000 ) ;
#4800 = DIRECTION ( 'NONE',  ( -0.000000000000000000, -1.000000000000000000, -0.000000000000000000 ) ) ;
#4801 = EDGE_CURVE ( 'NONE', #3345, #3507, #604, .T. ) ;
#4802 = ORIENTED_EDGE ( 'NONE', *, *, #3102, .T. ) ;
#4803 = CARTESIAN_POINT ( 'NONE',  ( -49.49999999999999289, 17.70898593245469499, -15.12882780804699223 ) ) ;
#4804 = ORIENTED_EDGE ( 'NONE', *, *, #2720, .T. ) ;
#4805 = DIRECTION ( 'NONE',  ( 0.000000000000000000, 0.000000000000000000, 1.000000000000000000 ) ) ;
#4806 = EDGE_CURVE ( 'NONE', #5200, #5463, #1176, .T. ) ;
#4807 = CARTESIAN_POINT ( 'NONE',  ( 17.00000000000000000, 5.291014067545305011, -11.87117219195301132 ) ) ;
#4808 = CARTESIAN_POINT ( 'NONE',  ( 35.00000000000000000, 8.500000000000000000, -4.999999999999997335 ) ) ;
#4809 = ORIENTED_EDGE ( 'NONE', *, *, #5358, .T. ) ;
#4810 = ORIENTED_EDGE ( 'NONE', *, *, #1316, .F. ) ;
#4811 = DIRECTION ( 'NONE',  ( 0.000000000000000000, 1.000000000000000000, 1.224646799147353207E-16 ) ) ;
#4812 = DIRECTION ( 'NONE',  ( -1.000000000000000000, 0.000000000000000000, -0.000000000000000000 ) ) ;
#4813 = VECTOR ( 'NONE', #4954, 1000.000000000000000 ) ;
#4814 = EDGE_CURVE ( 'NONE', #5012, #2767, #148, .T. ) ;
#4815 = FACE_OUTER_BOUND ( 'NONE', #3123, .T. ) ;
#4816 = DIRECTION ( 'NONE',  ( 0.000000000000000000, 0.000000000000000000, 1.000000000000000000 ) ) ;
#4817 = VERTEX_POINT ( 'NONE', #1030 ) ;
#4818 = EDGE_LOOP ( 'NONE', ( #4920, #3863, #3387, #364 ) ) ;
#4819 = LINE ( 'NONE', #2179, #961 ) ;
#4820 = EDGE_CURVE ( 'NONE', #2765, #3681, #2819, .T. ) ;
#4821 = AXIS2_PLACEMENT_3D ( 'NONE', #1506, #236, #5506 ) ;
#4822 = ORIENTED_EDGE ( 'NONE', *, *, #4939, .F. ) ;
#4823 = DIRECTION ( 'NONE',  ( 0.000000000000000000, 0.000000000000000000, -1.000000000000000000 ) ) ;
#4824 = ORIENTED_EDGE ( 'NONE', *, *, #2212, .F. ) ;
#4825 = CIRCLE ( 'NONE', #500, 2.999999999999999112 ) ;
#4826 = CARTESIAN_POINT ( 'NONE',  ( -34.99999999999999289, 8.500000000000000000, -24.50000000000000000 ) ) ;
#4827 = AXIS2_PLACEMENT_3D ( 'NONE', #4404, #3594, #3624 ) ;
#4829 = ORIENTED_EDGE ( 'NONE', *, *, #5398, .T. ) ;
#4828 = VECTOR ( 'NONE', #4231, 1000.000000000000000 ) ;
#4830 = ORIENTED_EDGE ( 'NONE', *, *, #3967, .F. ) ;
#4831 = LINE ( 'NONE', #3149, #4854 ) ;
#4832 = EDGE_CURVE ( 'NONE', #4245, #975, #996, .T. ) ;
#4833 = EDGE_CURVE ( 'NONE', #4371, #2893, #3596, .T. ) ;
#4834 = DIRECTION ( 'NONE',  ( 1.000000000000000000, -0.000000000000000000, -0.000000000000000000 ) ) ;
#4835 = AXIS2_PLACEMENT_3D ( 'NONE', #4960, #3164, #466 ) ;
#4836 = DIRECTION ( 'NONE',  ( -0.000000000000000000, -0.000000000000000000, -1.000000000000000000 ) ) ;
#4837 = VERTEX_POINT ( 'NONE', #3723 ) ;
#4838 = AXIS2_PLACEMENT_3D ( 'NONE', #3367, #5126, #1179 ) ;
#4839 = FACE_OUTER_BOUND ( 'NONE', #125, .T. ) ;
#4840 = DIRECTION ( 'NONE',  ( 0.000000000000000000, 0.000000000000000000, -1.000000000000000000 ) ) ;
#4841 = DIRECTION ( 'NONE',  ( 0.000000000000000000, 0.000000000000000000, 1.000000000000000000 ) ) ;
#4842 = CARTESIAN_POINT ( 'NONE',  ( 31.23161276499841676, 9.031278103258014056, 24.50000000000000000 ) ) ;
#4843 = AXIS2_PLACEMENT_3D ( 'NONE', #3334, #1175, #3272 ) ;
#4844 = DIRECTION ( 'NONE',  ( 0.000000000000000000, 0.000000000000000000, 1.000000000000000000 ) ) ;
#4845 = DIRECTION ( 'NONE',  ( 0.000000000000000000, 0.000000000000000000, -1.000000000000000000 ) ) ;
#4846 = CARTESIAN_POINT ( 'NONE',  ( 49.50000000000000711, 2.291014067545305455, -12.12882780804699223 ) ) ;
#4847 = EDGE_CURVE ( 'NONE', #3366, #5200, #5473, .T. ) ;
#4848 = EDGE_CURVE ( 'NONE', #5336, #1469, #5382, .T. ) ;
#4849 = EDGE_LOOP ( 'NONE', ( #4792, #4190, #4287, #3308 ) ) ;
#4850 = CARTESIAN_POINT ( 'NONE',  ( -49.49999999999999289, 5.291014067545305011, -8.371172191953009545 ) ) ;
#4851 = EDGE_CURVE ( 'NONE', #4560, #3656, #3168, .T. ) ;
#4852 = ORIENTED_EDGE ( 'NONE', *, *, #2142, .F. ) ;
#4853 = ORIENTED_EDGE ( 'NONE', *, *, #2659, .T. ) ;
#4854 = VECTOR ( 'NONE', #2211, 1000.000000000000000 ) ;
#4855 = CARTESIAN_POINT ( 'NONE',  ( 44.00000000000000000, 19.00000000000000000, 13.25000000000001243 ) ) ;
#4856 = FACE_OUTER_BOUND ( 'NONE', #3528, .T. ) ;
#4857 = AXIS2_PLACEMENT_3D ( 'NONE', #1433, #1373, #1521 ) ;
#4858 = ORIENTED_EDGE ( 'NONE', *, *, #5167, .F. ) ;
#4859 = CARTESIAN_POINT ( 'NONE',  ( -19.23161276499844163, 12.99999999999999822, 24.50000000000000000 ) ) ;
#4860 = CARTESIAN_POINT ( 'NONE',  ( -38.99999999999999289, 1.500000000000001332, 10.00000000000000178 ) ) ;
#4861 = LINE ( 'NONE', #882, #5205 ) ;
#4862 = ORIENTED_EDGE ( 'NONE', *, *, #3938, .F. ) ;
#4863 = CARTESIAN_POINT ( 'NONE',  ( -16.73161276499844519, 12.99999999999999822, 25.00000000000000000 ) ) ;
#4864 = DIRECTION ( 'NONE',  ( 0.000000000000000000, 0.000000000000000000, -1.000000000000000000 ) ) ;
#4865 = CARTESIAN_POINT ( 'NONE',  ( -30.99999999999998934, 8.500000000000000000, -4.999999999999997335 ) ) ;
#4866 = DIRECTION ( 'NONE',  ( 0.000000000000000000, 0.000000000000000000, -1.000000000000000000 ) ) ;
#4867 = CARTESIAN_POINT ( 'NONE',  ( 3.469446951953614189E-15, 8.500000000000000000, -24.50000000000000000 ) ) ;
#4868 = CARTESIAN_POINT ( 'NONE',  ( 39.00000000000000711, 1.500000000000001332, -22.00000000000000355 ) ) ;
#4869 = DIRECTION ( 'NONE',  ( 0.000000000000000000, 1.000000000000000000, 0.000000000000000000 ) ) ;
#4870 = ADVANCED_FACE ( 'NONE', ( #3222 ), #2783, .F. ) ;
#4871 = ORIENTED_EDGE ( 'NONE', *, *, #1181, .T. ) ;
#4872 = EDGE_CURVE ( 'NONE', #4010, #5032, #3550, .T. ) ;
#4873 = CARTESIAN_POINT ( 'NONE',  ( -38.99999999999999289, 5.500000000000000000, 14.00000000000000178 ) ) ;
#4874 = AXIS2_PLACEMENT_3D ( 'NONE', #3452, #5584, #5555 ) ;
#4875 = ORIENTED_EDGE ( 'NONE', *, *, #1462, .T. ) ;
#4876 = ORIENTED_EDGE ( 'NONE', *, *, #2552, .F. ) ;
#4877 = EDGE_CURVE ( 'NONE', #941, #726, #5653, .T. ) ;
#4878 = DIRECTION ( 'NONE',  ( 0.000000000000000000, 1.000000000000000000, 0.000000000000000000 ) ) ;
#4879 = VECTOR ( 'NONE', #2283, 1000.000000000000000 ) ;
#4880 = CYLINDRICAL_SURFACE ( 'NONE', #1771, 2.250000000000001776 ) ;
#4881 = TOROIDAL_SURFACE ( 'NONE', #388, 4.530830943431200630, 0.5000000000000000000 ) ;
#4882 = CARTESIAN_POINT ( 'NONE',  ( -49.49999999999999289, 2.291014067545305455, -8.371172191953009545 ) ) ;
#4883 = CARTESIAN_POINT ( 'NONE',  ( -49.99999999999999289, 5.500000000000000888, 4.500000000000000888 ) ) ;
#4884 = AXIS2_PLACEMENT_3D ( 'NONE', #459, #4358, #2164 ) ;
#4885 = CARTESIAN_POINT ( 'NONE',  ( 44.00000000000000000, 20.00000000000000000, 18.25000000000000355 ) ) ;
#4886 = FACE_BOUND ( 'NONE', #5443, .T. ) ;
#4887 = EDGE_LOOP ( 'NONE', ( #248, #1696, #1857, #2922 ) ) ;
#4888 = CYLINDRICAL_SURFACE ( 'NONE', #100, 4.999999999999990230 ) ;
#4889 = DIRECTION ( 'NONE',  ( 0.000000000000000000, 0.000000000000000000, 1.000000000000000000 ) ) ;
#4890 = DIRECTION ( 'NONE',  ( -0.000000000000000000, -0.000000000000000000, -1.000000000000000000 ) ) ;
#4891 = AXIS2_PLACEMENT_3D ( 'NONE', #3916, #5260, #1318 ) ;
#4892 = EDGE_LOOP ( 'NONE', ( #5582, #1079, #4668, #4070 ) ) ;
#4893 = CARTESIAN_POINT ( 'NONE',  ( 9.731612764998411436, 12.99999999999999822, 24.50000000000000000 ) ) ;
#4894 = DIRECTION ( 'NONE',  ( 0.000000000000000000, 0.000000000000000000, -1.000000000000000000 ) ) ;
#4895 = DIRECTION ( 'NONE',  ( -1.000000000000000000, -0.000000000000000000, -0.000000000000000000 ) ) ;
#4896 = CARTESIAN_POINT ( 'NONE',  ( 17.00000000000000000, 14.70898593245469499, -15.12882780804699223 ) ) ;
#4897 = DIRECTION ( 'NONE',  ( -0.000000000000000000, 1.000000000000000000, -0.000000000000000000 ) ) ;
#4898 = CIRCLE ( 'NONE', #4067, 0.5000000000000004441 ) ;
#4899 = ORIENTED_EDGE ( 'NONE', *, *, #5670, .T. ) ;
#4900 = EDGE_CURVE ( 'NONE', #2667, #1422, #2329, .T. ) ;
#4901 = EDGE_CURVE ( 'NONE', #1230, #4678, #3917, .T. ) ;
#4902 = CARTESIAN_POINT ( 'NONE',  ( 10.23161276499841144, 12.99999999999999822, 15.00000000000000178 ) ) ;
#4903 = VERTEX_POINT ( 'NONE', #540 ) ;
#4904 = VERTEX_POINT ( 'NONE', #4082 ) ;
#4905 = ORIENTED_EDGE ( 'NONE', *, *, #3077, .F. ) ;
#4906 = CIRCLE ( 'NONE', #2434, 4.000000000000000000 ) ;
#4907 = CARTESIAN_POINT ( 'NONE',  ( 30.99999999999999645, 8.500000000000000000, -4.999999999999997335 ) ) ;
#4908 = EDGE_CURVE ( 'NONE', #1777, #1158, #605, .T. ) ;
#4909 = ORIENTED_EDGE ( 'NONE', *, *, #985, .F. ) ;
#4910 = CARTESIAN_POINT ( 'NONE',  ( 25.73161276499842032, 12.99999999999999822, 24.50000000000000000 ) ) ;
#4911 = CARTESIAN_POINT ( 'NONE',  ( 16.23161276499841676, 12.99999999999999822, 24.50000000000000000 ) ) ;
#4912 = FACE_OUTER_BOUND ( 'NONE', #4503, .T. ) ;
#4913 = CIRCLE ( 'NONE', #3822, 0.5000000000000004441 ) ;
#4914 = PLANE ( 'NONE',  #788 ) ;
#4915 = ORIENTED_EDGE ( 'NONE', *, *, #4666, .F. ) ;
#4916 = CARTESIAN_POINT ( 'NONE',  ( -27.99999999999999645, 8.500000000000335731, -4.999999999999997335 ) ) ;
#4917 = DIRECTION ( 'NONE',  ( 0.000000000000000000, 0.000000000000000000, -1.000000000000000000 ) ) ;
#4918 = DIRECTION ( 'NONE',  ( 0.000000000000000000, 0.000000000000000000, 1.000000000000000000 ) ) ;
#4919 = CIRCLE ( 'NONE', #2704, 4.500000000000003553 ) ;
#4920 = ORIENTED_EDGE ( 'NONE', *, *, #953, .F. ) ;
#4921 = DIRECTION ( 'NONE',  ( -1.000000000000000000, -0.000000000000000000, -0.000000000000000000 ) ) ;
#4922 = CARTESIAN_POINT ( 'NONE',  ( -44.00000000000000000, 19.00000000000000000, -18.25000000000000355 ) ) ;
#4923 = TOROIDAL_SURFACE ( 'NONE', #3739, 4.500000000000000888, 0.5000000000000000000 ) ;
#4924 = AXIS2_PLACEMENT_3D ( 'NONE', #2574, #4341, #2199 ) ;
#4925 = VERTEX_POINT ( 'NONE', #1904 ) ;
#4926 = DIRECTION ( 'NONE',  ( 0.000000000000000000, 0.000000000000000000, -1.000000000000000000 ) ) ;
#4927 = CARTESIAN_POINT ( 'NONE',  ( -38.99999999999999289, 2.291014067545305455, 21.99999999999999645 ) ) ;
#4928 = DIRECTION ( 'NONE',  ( -0.000000000000000000, -0.000000000000000000, -1.000000000000000000 ) ) ;
#4929 = ORIENTED_EDGE ( 'NONE', *, *, #1608, .T. ) ;
#4930 = AXIS2_PLACEMENT_3D ( 'NONE', #5571, #4841, #4276 ) ;
#4931 = DIRECTION ( 'NONE',  ( -1.000000000000000000, 0.000000000000000000, 0.000000000000000000 ) ) ;
#4932 = VERTEX_POINT ( 'NONE', #3659 ) ;
#4933 = DIRECTION ( 'NONE',  ( 0.000000000000000000, 0.000000000000000000, -1.000000000000000000 ) ) ;
#4934 = APPLICATION_CONTEXT ( 'configuration controlled 3d designs of mechanical parts and assemblies' ) ;
#4935 = EDGE_CURVE ( 'NONE', #975, #4560, #4693, .T. ) ;
#4936 = ORIENTED_EDGE ( 'NONE', *, *, #1463, .T. ) ;
#4937 = VERTEX_POINT ( 'NONE', #5072 ) ;
#4938 = CARTESIAN_POINT ( 'NONE',  ( 39.00000000000000711, 1.500000000000001332, -22.00000000000000355 ) ) ;
#4939 = EDGE_CURVE ( 'NONE', #2841, #1292, #720, .T. ) ;
#4940 = ORIENTED_EDGE ( 'NONE', *, *, #4493, .F. ) ;
#4941 = DIRECTION ( 'NONE',  ( -0.000000000000000000, 1.000000000000000000, 0.000000000000000000 ) ) ;
#4942 = CARTESIAN_POINT ( 'NONE',  ( -15.99999999999999645, 8.500000000000168754, -22.00000000000000355 ) ) ;
#4943 = DIRECTION ( 'NONE',  ( -0.000000000000000000, -1.000000000000000000, -0.000000000000000000 ) ) ;
#4944 = EDGE_CURVE ( 'NONE', #3433, #4837, #4093, .T. ) ;
#4945 = EDGE_CURVE ( 'NONE', #1337, #1695, #3403, .T. ) ;
#4946 = CARTESIAN_POINT ( 'NONE',  ( -49.99999999999999289, 20.00000000000000000, 25.00000000000000000 ) ) ;
#4947 = AXIS2_PLACEMENT_3D ( 'NONE', #3405, #5158, #2506 ) ;
#4948 = ORIENTED_EDGE ( 'NONE', *, *, #2809, .F. ) ;
#4949 = CARTESIAN_POINT ( 'NONE',  ( 44.00000000000000000, 21.00000000000000000, -13.25000000000001243 ) ) ;
#4950 = DIRECTION ( 'NONE',  ( -0.000000000000000000, -0.000000000000000000, 1.000000000000000000 ) ) ;
#4951 = DIRECTION ( 'NONE',  ( -0.000000000000000000, -0.000000000000000000, 1.000000000000000000 ) ) ;
#4952 = VERTEX_POINT ( 'NONE', #668 ) ;
#4953 = CARTESIAN_POINT ( 'NONE',  ( -38.99999999999999289, 14.70898593245469499, -8.871172191953009545 ) ) ;
#4954 = DIRECTION ( 'NONE',  ( -0.000000000000000000, -0.000000000000000000, 1.000000000000000000 ) ) ;
#4955 = EDGE_CURVE ( 'NONE', #844, #2497, #230, .T. ) ;
#4956 = EDGE_LOOP ( 'NONE', ( #3990, #3162 ) ) ;
#4957 = EDGE_CURVE ( 'NONE', #4446, #1753, #318, .T. ) ;
#4958 = DIRECTION ( 'NONE',  ( -0.000000000000000000, -1.000000000000000000, -0.000000000000000000 ) ) ;
#4959 = EDGE_LOOP ( 'NONE', ( #865, #5434, #2995, #5026 ) ) ;
#4960 = CARTESIAN_POINT ( 'NONE',  ( -22.23161276499844519, 12.99999999999999822, 24.50000000000000000 ) ) ;
#4961 = CYLINDRICAL_SURFACE ( 'NONE', #5075, 4.000000000000003553 ) ;
#4962 = ORIENTED_EDGE ( 'NONE', *, *, #2732, .F. ) ;
#4963 = ORIENTED_EDGE ( 'NONE', *, *, #2300, .F. ) ;
#4964 = ORIENTED_EDGE ( 'NONE', *, *, #3537, .F. ) ;
#4965 = FACE_OUTER_BOUND ( 'NONE', #4639, .T. ) ;
#4966 = CIRCLE ( 'NONE', #4602, 3.000000000000004441 ) ;
#4967 = ORIENTED_EDGE ( 'NONE', *, *, #3151, .F. ) ;
#4968 = ORIENTED_EDGE ( 'NONE', *, *, #887, .T. ) ;
#4969 = TOROIDAL_SURFACE ( 'NONE', #5428, 4.500000000000000888, 0.5000000000000000000 ) ;
#4970 = DIRECTION ( 'NONE',  ( 0.000000000000000000, 0.000000000000000000, -1.000000000000000000 ) ) ;
#4971 = EDGE_LOOP ( 'NONE', ( #4399, #18, #2959, #3287 ) ) ;
#4972 = DIRECTION ( 'NONE',  ( -1.000000000000000000, 0.000000000000000000, -0.000000000000000000 ) ) ;
#4973 = EDGE_CURVE ( 'NONE', #798, #4166, #870, .T. ) ;
#4974 = AXIS2_PLACEMENT_3D ( 'NONE', #117, #1877, #2791 ) ;
#4975 = FACE_OUTER_BOUND ( 'NONE', #3791, .T. ) ;
#4976 = ORIENTED_EDGE ( 'NONE', *, *, #2064, .T. ) ;
#4977 = CARTESIAN_POINT ( 'NONE',  ( -49.49999999999999289, 14.50000000000000000, 0.000000000000000000 ) ) ;
#4978 = DIRECTION ( 'NONE',  ( 0.000000000000000000, 0.000000000000000000, -1.000000000000000000 ) ) ;
#4979 = DIRECTION ( 'NONE',  ( 0.000000000000000000, -1.000000000000000000, 0.000000000000000000 ) ) ;
#4980 = ORIENTED_EDGE ( 'NONE', *, *, #2481, .F. ) ;
#4981 = CARTESIAN_POINT ( 'NONE',  ( 50.00000000000000711, 5.500000000000000000, 0.000000000000000000 ) ) ;
#4982 = CIRCLE ( 'NONE', #5081, 4.530830943431200630 ) ;
#4983 = EDGE_CURVE ( 'NONE', #717, #823, #4919, .T. ) ;
#4984 = CIRCLE ( 'NONE', #3972, 4.000000000000000888 ) ;
#4985 = CARTESIAN_POINT ( 'NONE',  ( -49.49999999999999289, 5.291014067545305011, -8.871172191953011321 ) ) ;
#4986 = ORIENTED_EDGE ( 'NONE', *, *, #4451, .F. ) ;
#4987 = CARTESIAN_POINT ( 'NONE',  ( -4.500000000000001776, 9.031278103258014056, 25.00000000000000000 ) ) ;
#4988 = VECTOR ( 'NONE', #4199, 1000.000000000000000 ) ;
#4989 = DIRECTION ( 'NONE',  ( 0.000000000000000000, 0.000000000000000000, -1.000000000000000000 ) ) ;
#4990 = DIRECTION ( 'NONE',  ( -1.000000000000000000, -0.000000000000000000, -0.000000000000000000 ) ) ;
#4991 = EDGE_CURVE ( 'NONE', #3869, #2753, #746, .T. ) ;
#4992 = ORIENTED_EDGE ( 'NONE', *, *, #4735, .T. ) ;
#4993 = ORIENTED_EDGE ( 'NONE', *, *, #1578, .T. ) ;
#4994 = CARTESIAN_POINT ( 'NONE',  ( -38.99999999999999289, 17.70898593245469499, -12.12882780804699223 ) ) ;
#4995 = ORIENTED_EDGE ( 'NONE', *, *, #5670, .F. ) ;
#4996 = AXIS2_PLACEMENT_3D ( 'NONE', #2085, #5598, #3442 ) ;
#4997 = CARTESIAN_POINT ( 'NONE',  ( -49.49999999999999289, 5.500000000000000000, 0.000000000000000000 ) ) ;
#4998 = EDGE_LOOP ( 'NONE', ( #3858, #1402, #2234, #817, #872 ) ) ;
#4999 = ORIENTED_EDGE ( 'NONE', *, *, #1463, .F. ) ;
#5000 = CIRCLE ( 'NONE', #2604, 4.500000000000000888 ) ;
#5001 = CARTESIAN_POINT ( 'NONE',  ( 16.73161276499842032, 12.99999999999999822, 25.00000000000000000 ) ) ;
#5002 =( NAMED_UNIT ( * ) SI_UNIT ( $, .STERADIAN. ) SOLID_ANGLE_UNIT ( ) );
#5003 = ORIENTED_EDGE ( 'NONE', *, *, #4420, .F. ) ;
#5004 = CIRCLE ( 'NONE', #1151, 0.5000000000000004441 ) ;
#5005 = DIRECTION ( 'NONE',  ( 0.000000000000000000, 1.000000000000000000, 0.000000000000000000 ) ) ;
#5006 = CARTESIAN_POINT ( 'NONE',  ( -18.73161276499844874, 5.062556206516027224, 24.50000000000000000 ) ) ;
#5007 = VERTEX_POINT ( 'NONE', #2448 ) ;
#5008 = CARTESIAN_POINT ( 'NONE',  ( 44.00000000000000000, 21.00000000000000000, -20.50000000000000355 ) ) ;
#5009 = DIRECTION ( 'NONE',  ( -0.000000000000000000, -0.000000000000000000, -1.000000000000000000 ) ) ;
#5010 = CARTESIAN_POINT ( 'NONE',  ( 17.00000000000000000, 17.70898593245469499, -11.87117219195301132 ) ) ;
#5011 = EDGE_CURVE ( 'NONE', #194, #453, #3834, .T. ) ;
#5012 = VERTEX_POINT ( 'NONE', #4723 ) ;
#5013 = CARTESIAN_POINT ( 'NONE',  ( 44.00000000000000000, 0.000000000000000000, -18.25000000000000355 ) ) ;
#5014 = CIRCLE ( 'NONE', #1980, 5.000000000000000888 ) ;
#5015 = DIRECTION ( 'NONE',  ( -1.000000000000000000, -0.000000000000000000, -0.000000000000000000 ) ) ;
#5016 = LINE ( 'NONE', #612, #2070 ) ;
#5017 = AXIS2_PLACEMENT_3D ( 'NONE', #5324, #3445, #2060 ) ;
#5018 = ORIENTED_EDGE ( 'NONE', *, *, #5102, .F. ) ;
#5019 = CARTESIAN_POINT ( 'NONE',  ( 50.00000000000000711, 18.20898593245469499, -11.87117219195301132 ) ) ;
#5020 = LINE ( 'NONE', #4473, #4427 ) ;
#5021 = ORIENTED_EDGE ( 'NONE', *, *, #2652, .T. ) ;
#5022 = AXIS2_PLACEMENT_3D ( 'NONE', #21, #2242, #2666 ) ;
#5023 = VECTOR ( 'NONE', #1909, 1000.000000000000000 ) ;
#5024 = VECTOR ( 'NONE', #1468, 1000.000000000000000 ) ;
#5025 = CARTESIAN_POINT ( 'NONE',  ( 49.50000000000000711, 5.291014067545305011, -11.87117219195301132 ) ) ;
#5026 = ORIENTED_EDGE ( 'NONE', *, *, #4877, .F. ) ;
#5027 = DIRECTION ( 'NONE',  ( 0.000000000000000000, -1.000000000000000000, 0.000000000000000000 ) ) ;
#5028 = AXIS2_PLACEMENT_3D ( 'NONE', #3980, #946, #5418 ) ;
#5029 = EDGE_CURVE ( 'NONE', #3316, #1590, #139, .T. ) ;
#5030 = CARTESIAN_POINT ( 'NONE',  ( 49.50000000000000711, 14.50000000000000000, 6.000000000000000888 ) ) ;
#5031 = AXIS2_PLACEMENT_3D ( 'NONE', #2927, #4687, #738 ) ;
#5032 = VERTEX_POINT ( 'NONE', #2905 ) ;
#5033 = VERTEX_POINT ( 'NONE', #3751 ) ;
#5034 = ADVANCED_FACE ( 'NONE', ( #2472 ), #4209, .F. ) ;
#5035 = ORIENTED_EDGE ( 'NONE', *, *, #71, .F. ) ;
#5036 = DIRECTION ( 'NONE',  ( -0.000000000000000000, -1.000000000000000000, -0.000000000000000000 ) ) ;
#5037 = CARTESIAN_POINT ( 'NONE',  ( -38.99999999999999289, 19.00000000000000000, 21.99999999999999645 ) ) ;
#5038 = ORIENTED_EDGE ( 'NONE', *, *, #442, .T. ) ;
#5039 = LINE ( 'NONE', #1090, #4369 ) ;
#5040 = VERTEX_POINT ( 'NONE', #5502 ) ;
#5041 = DIRECTION ( 'NONE',  ( 0.000000000000000000, 0.000000000000000000, -1.000000000000000000 ) ) ;
#5042 = ORIENTED_EDGE ( 'NONE', *, *, #188, .F. ) ;
#5043 = DIRECTION ( 'NONE',  ( -1.000000000000000000, 0.000000000000000000, 0.000000000000000000 ) ) ;
#5044 = DIRECTION ( 'NONE',  ( -1.000000000000000000, 0.000000000000000000, 0.000000000000000000 ) ) ;
#5045 = FACE_OUTER_BOUND ( 'NONE', #732, .T. ) ;
#5046 = ORIENTED_EDGE ( 'NONE', *, *, #2938, .T. ) ;
#5047 = DIRECTION ( 'NONE',  ( 0.000000000000000000, 0.000000000000000000, -1.000000000000000000 ) ) ;
#5048 = DIRECTION ( 'NONE',  ( 0.000000000000000000, -0.000000000000000000, -1.000000000000000000 ) ) ;
#5049 = AXIS2_PLACEMENT_3D ( 'NONE', #4483, #3970, #1758 ) ;
#5050 = ORIENTED_EDGE ( 'NONE', *, *, #10, .F. ) ;
#5051 = CARTESIAN_POINT ( 'NONE',  ( 17.00000000000000000, 5.291014067545305011, -8.871172191953011321 ) ) ;
#5052 = DIRECTION ( 'NONE',  ( -1.000000000000000000, 0.000000000000000000, 0.000000000000000000 ) ) ;
#5053 = DIRECTION ( 'NONE',  ( 0.000000000000000000, 1.000000000000000000, -1.224646799147353207E-16 ) ) ;
#5054 = SECURITY_CLASSIFICATION ( '', '', #2465 ) ;
#5055 = VERTEX_POINT ( 'NONE', #5610 ) ;
#5056 = EDGE_CURVE ( 'NONE', #3391, #2907, #1593, .T. ) ;
#5057 = ORIENTED_EDGE ( 'NONE', *, *, #4679, .F. ) ;
#5058 = DIRECTION ( 'NONE',  ( 0.000000000000000000, 0.000000000000000000, -1.000000000000000000 ) ) ;
#5059 = CARTESIAN_POINT ( 'NONE',  ( -31.23161276499841676, 9.031278103258014056, 24.50000000000000000 ) ) ;
#5060 = ORIENTED_EDGE ( 'NONE', *, *, #3650, .F. ) ;
#5061 = ADVANCED_FACE ( 'NONE', ( #5045 ), #1096, .F. ) ;
#5062 = ORIENTED_EDGE ( 'NONE', *, *, #1786, .F. ) ;
#5063 = DIRECTION ( 'NONE',  ( 0.000000000000000000, 0.000000000000000000, 1.000000000000000000 ) ) ;
#5064 = ORIENTED_EDGE ( 'NONE', *, *, #1657, .F. ) ;
#5065 = EDGE_CURVE ( 'NONE', #2044, #4560, #2878, .T. ) ;
#5066 = ORIENTED_EDGE ( 'NONE', *, *, #3906, .F. ) ;
#5067 = AXIS2_PLACEMENT_3D ( 'NONE', #3734, #5027, #5543 ) ;
#5068 = DIRECTION ( 'NONE',  ( -0.000000000000000000, -0.000000000000000000, -1.000000000000000000 ) ) ;
#5069 = VERTEX_POINT ( 'NONE', #1621 ) ;
#5070 = DIRECTION ( 'NONE',  ( 0.000000000000000000, 0.000000000000000000, -1.000000000000000000 ) ) ;
#5071 = CARTESIAN_POINT ( 'NONE',  ( -15.99999999999999645, 8.500000000000168754, -4.999999999999997335 ) ) ;
#5072 = CARTESIAN_POINT ( 'NONE',  ( -49.49999999999999289, 14.50000000000000000, 6.000000000000000888 ) ) ;
#5073 = ORIENTED_EDGE ( 'NONE', *, *, #2974, .F. ) ;
#5074 = CARTESIAN_POINT ( 'NONE',  ( -18.73161276499844163, 12.99999999999999822, 24.50000000000000000 ) ) ;
#5075 = AXIS2_PLACEMENT_3D ( 'NONE', #1419, #4928, #978 ) ;
#5076 = CARTESIAN_POINT ( 'NONE',  ( -49.49999999999999289, 5.291014067545305011, -15.12882780804699223 ) ) ;
#5077 = TOROIDAL_SURFACE ( 'NONE', #1393, 4.500000000000000888, 0.5000000000000000000 ) ;
#5078 = LINE ( 'NONE', #4584, #3454 ) ;
#5079 = DIRECTION ( 'NONE',  ( 0.000000000000000000, 0.000000000000000000, -1.000000000000000000 ) ) ;
#5080 = DIRECTION ( 'NONE',  ( -1.000000000000000000, -0.000000000000000000, -0.000000000000000000 ) ) ;
#5081 = AXIS2_PLACEMENT_3D ( 'NONE', #4577, #3256, #4025 ) ;
#5082 = VECTOR ( 'NONE', #1094, 1000.000000000000000 ) ;
#5083 = ORIENTED_EDGE ( 'NONE', *, *, #765, .F. ) ;
#5084 = DIRECTION ( 'NONE',  ( 0.000000000000000000, 0.000000000000000000, -1.000000000000000000 ) ) ;
#5085 = VERTEX_POINT ( 'NONE', #4642 ) ;
#5086 = CIRCLE ( 'NONE', #928, 4.999999999999990230 ) ;
#5087 = VERTEX_POINT ( 'NONE', #3776 ) ;
#5088 = FACE_OUTER_BOUND ( 'NONE', #2573, .T. ) ;
#5089 = DIRECTION ( 'NONE',  ( 1.000000000000000000, -0.000000000000000000, 0.000000000000000000 ) ) ;
#5090 = AXIS2_PLACEMENT_3D ( 'NONE', #1052, #3312, #4571 ) ;
#5091 = ORIENTED_EDGE ( 'NONE', *, *, #3151, .T. ) ;
#5092 = ADVANCED_FACE ( 'NONE', ( #3350 ), #5105, .F. ) ;
#5093 = EDGE_CURVE ( 'NONE', #4564, #5087, #1716, .T. ) ;
#5094 = VERTEX_POINT ( 'NONE', #2992 ) ;
#5095 = CARTESIAN_POINT ( 'NONE',  ( -19.23161276499844163, 5.062556206516027224, 24.50000000000000000 ) ) ;
#5096 = VERTEX_POINT ( 'NONE', #2560 ) ;
#5097 = AXIS2_PLACEMENT_3D ( 'NONE', #417, #4764, #813 ) ;
#5098 = DIRECTION ( 'NONE',  ( 0.000000000000000000, 0.000000000000000000, 1.000000000000000000 ) ) ;
#5099 = ORIENTED_EDGE ( 'NONE', *, *, #3311, .T. ) ;
#5100 = DIRECTION ( 'NONE',  ( 0.000000000000000000, 0.000000000000000000, 1.000000000000000000 ) ) ;
#5101 = ORIENTED_EDGE ( 'NONE', *, *, #2442, .F. ) ;
#5102 = EDGE_CURVE ( 'NONE', #1695, #926, #4288, .T. ) ;
#5103 = DIRECTION ( 'NONE',  ( 0.000000000000000000, 0.000000000000000000, 1.000000000000000000 ) ) ;
#5104 = CARTESIAN_POINT ( 'NONE',  ( -7.999999999999996447, 8.500000000000168754, -22.00000000000000355 ) ) ;
#5105 = CYLINDRICAL_SURFACE ( 'NONE', #3636, 4.000000000000000000 ) ;
#5106 = EDGE_CURVE ( 'NONE', #3142, #5339, #4323, .T. ) ;
#5107 = VERTEX_POINT ( 'NONE', #4492 ) ;
#5108 = DIRECTION ( 'NONE',  ( 0.000000000000000000, 0.000000000000000000, 1.000000000000000000 ) ) ;
#5109 = CARTESIAN_POINT ( 'NONE',  ( -44.00000000000000000, 21.00000000000000000, -18.25000000000000355 ) ) ;
#5110 = FACE_OUTER_BOUND ( 'NONE', #4556, .T. ) ;
#5111 = CIRCLE ( 'NONE', #2612, 4.999999999999990230 ) ;
#5112 = VERTEX_POINT ( 'NONE', #541 ) ;
#5113 = LINE ( 'NONE', #1937, #3825 ) ;
#5114 = CARTESIAN_POINT ( 'NONE',  ( -49.49999999999999289, 14.50000000000000000, -4.500000000000002665 ) ) ;
#5115 = LINE ( 'NONE', #2946, #5355 ) ;
#5116 = ORIENTED_EDGE ( 'NONE', *, *, #2493, .T. ) ;
#5117 = AXIS2_PLACEMENT_3D ( 'NONE', #1714, #1435, #3185 ) ;
#5118 = CARTESIAN_POINT ( 'NONE',  ( 49.50000000000000711, 5.291014067545305011, -12.12882780804699223 ) ) ;
#5119 = CARTESIAN_POINT ( 'NONE',  ( 57.50000000000000711, 14.50000000000000000, 14.00000000000000178 ) ) ;
#5120 = CIRCLE ( 'NONE', #5572, 3.337538412994569992 ) ;
#5121 = CIRCLE ( 'NONE', #2538, 5.000000000000000888 ) ;
#5122 = ORIENTED_EDGE ( 'NONE', *, *, #3085, .F. ) ;
#5123 = ORIENTED_EDGE ( 'NONE', *, *, #3995, .T. ) ;
#5124 = CIRCLE ( 'NONE', #3553, 3.500000000000003109 ) ;
#5125 = AXIS2_PLACEMENT_3D ( 'NONE', #3910, #5178, #1698 ) ;
#5126 = DIRECTION ( 'NONE',  ( 1.000000000000000000, -0.000000000000000000, 0.000000000000000000 ) ) ;
#5127 = DATE_AND_TIME ( #1699, #4683 ) ;
#5128 = AXIS2_PLACEMENT_3D ( 'NONE', #487, #5301, #762 ) ;
#5129 = VERTEX_POINT ( 'NONE', #2249 ) ;
#5130 = FACE_OUTER_BOUND ( 'NONE', #764, .T. ) ;
#5131 = EDGE_CURVE ( 'NONE', #2006, #683, #5573, .T. ) ;
#5132 = CARTESIAN_POINT ( 'NONE',  ( -44.00000000000000000, 21.00000000000000000, 23.25000000000000711 ) ) ;
#5133 = DIRECTION ( 'NONE',  ( 0.000000000000000000, 0.000000000000000000, -1.000000000000000000 ) ) ;
#5134 = CARTESIAN_POINT ( 'NONE',  ( 24.00000000000000000, 8.500000000000168754, -24.50000000000000000 ) ) ;
#5135 = ORIENTED_EDGE ( 'NONE', *, *, #3351, .F. ) ;
#5136 = DIRECTION ( 'NONE',  ( -1.000000000000000000, 0.000000000000000000, 0.000000000000000000 ) ) ;
#5137 = EDGE_CURVE ( 'NONE', #297, #1551, #3545, .T. ) ;
#5138 = DIRECTION ( 'NONE',  ( 1.000000000000000000, 0.000000000000000000, 0.000000000000000000 ) ) ;
#5139 = EDGE_CURVE ( 'NONE', #1427, #951, #5121, .T. ) ;
#5140 = DIRECTION ( 'NONE',  ( 1.000000000000000000, 0.000000000000000000, 0.000000000000000000 ) ) ;
#5141 = VERTEX_POINT ( 'NONE', #3075 ) ;
#5142 = DIRECTION ( 'NONE',  ( 1.000000000000000000, -0.000000000000000000, 0.000000000000000000 ) ) ;
#5143 = EDGE_CURVE ( 'NONE', #4904, #5575, #5289, .T. ) ;
#5144 = DIRECTION ( 'NONE',  ( 1.000000000000000000, -0.000000000000000000, -0.000000000000000000 ) ) ;
#5145 = EDGE_CURVE ( 'NONE', #277, #2401, #2253, .T. ) ;
#5146 = CARTESIAN_POINT ( 'NONE',  ( 39.00000000000000711, 14.70898593245469499, -15.12882780804699223 ) ) ;
#5147 = DIRECTION ( 'NONE',  ( -0.000000000000000000, 1.000000000000000000, -0.000000000000000000 ) ) ;
#5148 = ORIENTED_EDGE ( 'NONE', *, *, #1553, .T. ) ;
#5149 = VERTEX_POINT ( 'NONE', #140 ) ;
#5150 = DIRECTION ( 'NONE',  ( -1.000000000000000000, 0.000000000000000000, 0.000000000000000000 ) ) ;
#5151 = VERTEX_POINT ( 'NONE', #3103 ) ;
#5152 = CARTESIAN_POINT ( 'NONE',  ( 10.23161276499841321, 1.500000000000001332, 21.99999999999999645 ) ) ;
#5153 = ORIENTED_EDGE ( 'NONE', *, *, #1510, .F. ) ;
#5154 = DIRECTION ( 'NONE',  ( 0.000000000000000000, 0.000000000000000000, -1.000000000000000000 ) ) ;
#5155 = CYLINDRICAL_SURFACE ( 'NONE', #2498, 4.000000000000007105 ) ;
#5156 = DIRECTION ( 'NONE',  ( 0.000000000000000000, 0.000000000000000000, 1.000000000000000000 ) ) ;
#5157 = ORIENTED_EDGE ( 'NONE', *, *, #5294, .T. ) ;
#5158 = DIRECTION ( 'NONE',  ( -0.000000000000000000, -0.000000000000000000, -1.000000000000000000 ) ) ;
#5159 = CIRCLE ( 'NONE', #739, 4.530830943431200630 ) ;
#5160 = ADVANCED_FACE ( 'NONE', ( #3519 ), #45, .T. ) ;
#5161 = DIRECTION ( 'NONE',  ( -1.000000000000000000, 0.000000000000000000, -0.000000000000000000 ) ) ;
#5162 = CARTESIAN_POINT ( 'NONE',  ( 50.00000000000000711, 19.00000000000000000, 10.00000000000000178 ) ) ;
#5163 = ORIENTED_EDGE ( 'NONE', *, *, #5511, .F. ) ;
#5164 = DIRECTION ( 'NONE',  ( 0.000000000000000000, 1.000000000000000000, 0.000000000000000000 ) ) ;
#5165 = CARTESIAN_POINT ( 'NONE',  ( -44.00000000000000000, 21.00000000000000000, 16.00000000000000000 ) ) ;
#5166 = VECTOR ( 'NONE', #2899, 1000.000000000000000 ) ;
#5167 = EDGE_CURVE ( 'NONE', #800, #5233, #3274, .T. ) ;
#5168 = CARTESIAN_POINT ( 'NONE',  ( -31.50000000000000000, 14.50000000000000000, 0.000000000000000000 ) ) ;
#5169 = CIRCLE ( 'NONE', #192, 0.5000000000000004441 ) ;
#5170 = DIRECTION ( 'NONE',  ( 1.000000000000000000, 0.000000000000000000, 0.000000000000000000 ) ) ;
#5171 = AXIS2_PLACEMENT_3D ( 'NONE', #2760, #2702, #4586 ) ;
#5172 = LINE ( 'NONE', #4865, #3555 ) ;
#5173 = ADVANCED_FACE ( 'NONE', ( #3128 ), #5384, .F. ) ;
#5174 = ORIENTED_EDGE ( 'NONE', *, *, #1694, .T. ) ;
#5175 = AXIS2_PLACEMENT_3D ( 'NONE', #1959, #3722, #5472 ) ;
#5176 = EDGE_LOOP ( 'NONE', ( #2302, #4875, #1671, #1969 ) ) ;
#5177 = CIRCLE ( 'NONE', #2507, 0.5000000000000004441 ) ;
#5178 = DIRECTION ( 'NONE',  ( 0.000000000000000000, -1.000000000000000000, 0.000000000000000000 ) ) ;
#5179 = VECTOR ( 'NONE', #1566, 1000.000000000000000 ) ;
#5180 = VERTEX_POINT ( 'NONE', #112 ) ;
#5181 = CARTESIAN_POINT ( 'NONE',  ( -38.99999999999999289, 19.00000000000000000, -25.00000000000000355 ) ) ;
#5182 = VERTEX_POINT ( 'NONE', #942 ) ;
#5183 = DIRECTION ( 'NONE',  ( 1.000000000000000000, 0.000000000000000000, 0.000000000000000000 ) ) ;
#5184 = DIRECTION ( 'NONE',  ( 0.000000000000000000, 0.000000000000000000, -1.000000000000000000 ) ) ;
#5185 = CARTESIAN_POINT ( 'NONE',  ( 4.000000000000003553, 8.500000000000000000, -4.999999999999997335 ) ) ;
#5186 = CLOSED_SHELL ( 'NONE', ( #4767, #127, #2950, #3373, #5202, #4184, #4189, #2195, #2092, #5520, #1840, #1647, #4557, #3109, #4647, #5160, #2784, #5265, #3933, #2723, #3760, #4020, #3769, #16, #2201, #1622, #4029, #1683, #2036, #1655, #4771, #2165, #2614, #2688, #5092, #3067, #4360, #858, #5061, #4519, #1820, #2840, #5373, #864, #5430, #479, #4776, #3960, #3520, #1549, #1285, #4183, #804, #3996, #3696, #357, #225, #2580, #191, #1718, #5669, #4366, #1073, #1999, #5173, #2177, #2236, #2714, #1993, #372, #5343, #4253, #1474, #2559, #511, #2613, #4708, #5583, #408, #1971, #1755, #2518, #4527, #2911, #2549, #495, #2005, #1387, #4744, #3412, #3576, #2585, #4279, #4528, #3934, #2134, #1965, #829, #1282, #585, #2349, #2417, #5409, #4257, #3984, #1226, #5579, #1887, #1324, #3931, #2865, #694, #1182, #4423, #4870, #5034, #2194, #449, #3212, #1496, #3905, #2558, #3575, #5371, #3649, #1880, #892, #5227, #2747, #5559, #2909, #2523, #5492, #4786, #3498, #3611, #5267, #2485, #3718, #4294, #1949, #5253, #4068, #5484, #958, #2141, #4359, #1729, #3226, #5446, #5547, #3182, #4243, #5643, #2091, #3820, #4594, #756, #2308, #4430, #1854, #2123, #204, #866, #3799, #2306, #1724, #681, #3036, #706, #3301, #420, #1423, #1353 ) ) ;
#5187 = VERTEX_POINT ( 'NONE', #4953 ) ;
#5188 = ORIENTED_EDGE ( 'NONE', *, *, #3019, .T. ) ;
#5189 = FACE_OUTER_BOUND ( 'NONE', #924, .T. ) ;
#5190 = DIRECTION ( 'NONE',  ( -0.000000000000000000, 1.000000000000000000, 0.000000000000000000 ) ) ;
#5191 = ORIENTED_EDGE ( 'NONE', *, *, #1657, .T. ) ;
#5192 = DIRECTION ( 'NONE',  ( 0.000000000000000000, 0.000000000000000000, 1.000000000000000000 ) ) ;
#5193 = CARTESIAN_POINT ( 'NONE',  ( 49.50000000000000711, 1.791014067545305455, -12.12882780804699223 ) ) ;
#5194 = EDGE_CURVE ( 'NONE', #4937, #1702, #499, .T. ) ;
#5195 = FACE_OUTER_BOUND ( 'NONE', #894, .T. ) ;
#5196 = DIRECTION ( 'NONE',  ( 0.000000000000000000, 0.000000000000000000, 1.000000000000000000 ) ) ;
#5197 = CIRCLE ( 'NONE', #779, 3.499999999999999556 ) ;
#5198 = CARTESIAN_POINT ( 'NONE',  ( -8.673617379884035472E-16, 9.031278103258014056, 24.50000000000000000 ) ) ;
#5199 = EDGE_CURVE ( 'NONE', #5182, #5226, #2276, .T. ) ;
#5200 = VERTEX_POINT ( 'NONE', #79 ) ;
#5201 = CIRCLE ( 'NONE', #4654, 2.999999999999999112 ) ;
#5202 = ADVANCED_FACE ( 'NONE', ( #1841 ), #956, .T. ) ;
#5203 = EDGE_CURVE ( 'NONE', #2767, #2348, #2331, .T. ) ;
#5204 = CARTESIAN_POINT ( 'NONE',  ( 49.50000000000000711, 14.70898593245469499, -11.87117219195301132 ) ) ;
#5205 = VECTOR ( 'NONE', #1437, 1000.000000000000000 ) ;
#5206 = PERSON_AND_ORGANIZATION_ROLE ( 'design_supplier' ) ;
#5207 = CIRCLE ( 'NONE', #3079, 4.000000000000000000 ) ;
#5208 = EDGE_LOOP ( 'NONE', ( #2761, #3732, #664, #848 ) ) ;
#5209 = ORIENTED_EDGE ( 'NONE', *, *, #1399, .T. ) ;
#5210 = CARTESIAN_POINT ( 'NONE',  ( -31.50000000000000000, 5.291014067545305011, -11.87117219195301132 ) ) ;
#5211 = EDGE_LOOP ( 'NONE', ( #2012, #5496, #1484, #3663 ) ) ;
#5212 = FACE_OUTER_BOUND ( 'NONE', #4818, .T. ) ;
#5213 = AXIS2_PLACEMENT_3D ( 'NONE', #3852, #5654, #2551 ) ;
#5214 = ORIENTED_EDGE ( 'NONE', *, *, #5519, .F. ) ;
#5215 = VERTEX_POINT ( 'NONE', #2221 ) ;
#5216 = DIRECTION ( 'NONE',  ( -0.000000000000000000, 1.000000000000000000, 0.000000000000000000 ) ) ;
#5217 = LINE ( 'NONE', #1354, #260 ) ;
#5218 = TOROIDAL_SURFACE ( 'NONE', #2453, 4.499999999999999112, 0.5000000000000000000 ) ;
#5219 = CARTESIAN_POINT ( 'NONE',  ( -38.99999999999999289, 5.291014067545305011, -11.87117219195301132 ) ) ;
#5220 = ORIENTED_EDGE ( 'NONE', *, *, #3581, .T. ) ;
#5221 = DIRECTION ( 'NONE',  ( 0.000000000000000000, -0.000000000000000000, 1.000000000000000000 ) ) ;
#5222 = CARTESIAN_POINT ( 'NONE',  ( 50.00000000000000711, 14.70898593245469499, -11.87117219195301132 ) ) ;
#5223 = CARTESIAN_POINT ( 'NONE',  ( 50.00000000000000711, 19.00000000000000000, 20.00000000000000355 ) ) ;
#5224 = DIRECTION ( 'NONE',  ( -1.000000000000000000, -0.000000000000000000, -0.000000000000000000 ) ) ;
#5225 = FACE_OUTER_BOUND ( 'NONE', #3025, .T. ) ;
#5226 = VERTEX_POINT ( 'NONE', #911 ) ;
#5227 = ADVANCED_FACE ( 'NONE', ( #3978 ), #2259, .T. ) ;
#5228 = MANIFOLD_SOLID_BREP ( 'Redondeo7', #5186 ) ;
#5229 = CIRCLE ( 'NONE', #3018, 4.500000000000000888 ) ;
#5230 = DIRECTION ( 'NONE',  ( 0.000000000000000000, 0.000000000000000000, -1.000000000000000000 ) ) ;
#5231 = EDGE_CURVE ( 'NONE', #5689, #1518, #4469, .T. ) ;
#5232 = CIRCLE ( 'NONE', #988, 4.500000000000000888 ) ;
#5233 = VERTEX_POINT ( 'NONE', #3160 ) ;
#5234 = LINE ( 'NONE', #3988, #2120 ) ;
#5235 = VERTEX_POINT ( 'NONE', #2729 ) ;
#5236 = DIRECTION ( 'NONE',  ( 0.000000000000000000, -1.000000000000000000, 0.000000000000000000 ) ) ;
#5237 = EDGE_CURVE ( 'NONE', #3391, #3862, #1257, .T. ) ;
#5238 = ORIENTED_EDGE ( 'NONE', *, *, #2457, .T. ) ;
#5239 = ORIENTED_EDGE ( 'NONE', *, *, #4387, .F. ) ;
#5240 = DIRECTION ( 'NONE',  ( -1.000000000000000000, 0.000000000000000000, -0.000000000000000000 ) ) ;
#5241 = DIRECTION ( 'NONE',  ( -0.000000000000000000, 0.000000000000000000, 1.000000000000000000 ) ) ;
#5242 = CYLINDRICAL_SURFACE ( 'NONE', #41, 4.000000000000000000 ) ;
#5243 = ORIENTED_EDGE ( 'NONE', *, *, #4367, .T. ) ;
#5244 = CARTESIAN_POINT ( 'NONE',  ( -49.99999999999999289, 5.500000000000000000, -4.500000000000000888 ) ) ;
#5245 = DIRECTION ( 'NONE',  ( 0.000000000000000000, 0.000000000000000000, -1.000000000000000000 ) ) ;
#5246 = DIRECTION ( 'NONE',  ( -1.000000000000000000, -0.000000000000000000, -0.000000000000000000 ) ) ;
#5247 = AXIS2_PLACEMENT_3D ( 'NONE', #450, #12, #179 ) ;
#5248 = CARTESIAN_POINT ( 'NONE',  ( -38.99999999999999289, 5.291014067545305011, -8.871172191953009545 ) ) ;
#5249 = ORIENTED_EDGE ( 'NONE', *, *, #3011, .F. ) ;
#5250 = CIRCLE ( 'NONE', #3234, 3.337538412994569992 ) ;
#5251 = AXIS2_PLACEMENT_3D ( 'NONE', #3376, #1235, #2502 ) ;
#5252 = DIRECTION ( 'NONE',  ( 0.000000000000000000, -1.000000000000000000, 0.000000000000000000 ) ) ;
#5253 = ADVANCED_FACE ( 'NONE', ( #3321 ), #1962, .T. ) ;
#5254 = AXIS2_PLACEMENT_3D ( 'NONE', #76, #5009, #1838 ) ;
#5255 = EDGE_CURVE ( 'NONE', #5463, #2608, #2364, .T. ) ;
#5256 = AXIS2_PLACEMENT_3D ( 'NONE', #4207, #666, #5103 ) ;
#5257 = ORIENTED_EDGE ( 'NONE', *, *, #999, .T. ) ;
#5258 = DIRECTION ( 'NONE',  ( -0.000000000000000000, -1.000000000000000000, -0.000000000000000000 ) ) ;
#5259 = ORIENTED_EDGE ( 'NONE', *, *, #2797, .F. ) ;
#5260 = DIRECTION ( 'NONE',  ( 0.000000000000000000, 1.000000000000000000, 0.000000000000000000 ) ) ;
#5261 = ORIENTED_EDGE ( 'NONE', *, *, #2809, .T. ) ;
#5262 = ORIENTED_EDGE ( 'NONE', *, *, #409, .T. ) ;
#5263 = FACE_OUTER_BOUND ( 'NONE', #3070, .T. ) ;
#5264 = DIRECTION ( 'NONE',  ( -0.000000000000000000, 1.000000000000000000, -0.000000000000000000 ) ) ;
#5265 = ADVANCED_FACE ( 'NONE', ( #4181 ), #3001, .T. ) ;
#5266 = CARTESIAN_POINT ( 'NONE',  ( -38.99999999999999289, 5.291014067545305011, -12.12882780804699223 ) ) ;
#5267 = ADVANCED_FACE ( 'NONE', ( #5474 ), #811, .T. ) ;
#5268 = AXIS2_PLACEMENT_3D ( 'NONE', #1636, #2057, #1571 ) ;
#5269 = ORIENTED_EDGE ( 'NONE', *, *, #5145, .T. ) ;
#5270 = FACE_OUTER_BOUND ( 'NONE', #716, .T. ) ;
#5271 = DIRECTION ( 'NONE',  ( -1.000000000000000000, 0.000000000000000000, 0.000000000000000000 ) ) ;
#5272 = FACE_BOUND ( 'NONE', #528, .T. ) ;
#5273 = DIRECTION ( 'NONE',  ( -0.000000000000000000, 1.000000000000000000, -0.000000000000000000 ) ) ;
#5274 = CIRCLE ( 'NONE', #4362, 2.250000000000001776 ) ;
#5275 = DIRECTION ( 'NONE',  ( -1.000000000000000000, 0.000000000000000000, 0.000000000000000000 ) ) ;
#5276 = EDGE_CURVE ( 'NONE', #4115, #4499, #3565, .T. ) ;
#5277 = LINE ( 'NONE', #2675, #4248 ) ;
#5278 = EDGE_LOOP ( 'NONE', ( #879, #1772, #496, #4338 ) ) ;
#5279 = CARTESIAN_POINT ( 'NONE',  ( 31.23161276499841676, 9.031278103258014056, 24.50000000000000000 ) ) ;
#5280 = EDGE_LOOP ( 'NONE', ( #2154, #3148, #2462, #4948 ) ) ;
#5281 = CIRCLE ( 'NONE', #4457, 3.500000000000003109 ) ;
#5282 = ORIENTED_EDGE ( 'NONE', *, *, #2986, .T. ) ;
#5283 = LINE ( 'NONE', #1776, #4040 ) ;
#5284 = ORIENTED_EDGE ( 'NONE', *, *, #2628, .T. ) ;
#5285 = VECTOR ( 'NONE', #1865, 1000.000000000000000 ) ;
#5286 = CYLINDRICAL_SURFACE ( 'NONE', #2678, 4.000000000000000000 ) ;
#5287 = APPROVAL ( #282, 'UNSPECIFIED' ) ;
#5288 = AXIS2_PLACEMENT_3D ( 'NONE', #3757, #727, #2790 ) ;
#5290 = ORIENTED_EDGE ( 'NONE', *, *, #3937, .T. ) ;
#5289 = CIRCLE ( 'NONE', #2805, 0.4999999999999995559 ) ;
#5291 = ORIENTED_EDGE ( 'NONE', *, *, #3866, .F. ) ;
#5292 = CYLINDRICAL_SURFACE ( 'NONE', #815, 0.5000000000000004441 ) ;
#5293 = DIRECTION ( 'NONE',  ( -1.000000000000000000, 0.000000000000000000, 0.000000000000000000 ) ) ;
#5294 = EDGE_CURVE ( 'NONE', #3706, #2285, #2114, .T. ) ;
#5295 = VECTOR ( 'NONE', #1692, 1000.000000000000000 ) ;
#5296 = CARTESIAN_POINT ( 'NONE',  ( 45.00000000000000711, 20.00000000000000000, -25.00000000000000000 ) ) ;
#5297 = ORIENTED_EDGE ( 'NONE', *, *, #347, .F. ) ;
#5298 = TOROIDAL_SURFACE ( 'NONE', #4009, 4.500000000000000888, 0.5000000000000000000 ) ;
#5299 = CARTESIAN_POINT ( 'NONE',  ( 0.000000000000000000, 19.00000000000000000, 0.000000000000000000 ) ) ;
#5300 = DIRECTION ( 'NONE',  ( 1.000000000000000000, -0.000000000000000000, 0.000000000000000000 ) ) ;
#5301 = DIRECTION ( 'NONE',  ( 0.000000000000000000, 0.000000000000000000, 1.000000000000000000 ) ) ;
#5302 = EDGE_CURVE ( 'NONE', #319, #3138, #4645, .T. ) ;
#5303 = CARTESIAN_POINT ( 'NONE',  ( 39.00000000000000711, 17.00000000000000000, -25.00000000000000000 ) ) ;
#5304 = AXIS2_PLACEMENT_3D ( 'NONE', #621, #3735, #3672 ) ;
#5305 = DIRECTION ( 'NONE',  ( 0.000000000000000000, 0.000000000000000000, -1.000000000000000000 ) ) ;
#5306 = DIRECTION ( 'NONE',  ( -0.000000000000000000, 1.000000000000000000, -0.000000000000000000 ) ) ;
#5307 = DIRECTION ( 'NONE',  ( -0.000000000000000000, -0.000000000000000000, -1.000000000000000000 ) ) ;
#5308 = EDGE_CURVE ( 'NONE', #2753, #4115, #1556, .T. ) ;
#5309 = VERTEX_POINT ( 'NONE', #263 ) ;
#5310 = DIRECTION ( 'NONE',  ( 0.000000000000000000, -1.000000000000000000, 0.000000000000000000 ) ) ;
#5311 = VERTEX_POINT ( 'NONE', #2391 ) ;
#5312 = ORIENTED_EDGE ( 'NONE', *, *, #4832, .F. ) ;
#5313 = AXIS2_PLACEMENT_3D ( 'NONE', #5342, #3587, #989 ) ;
#5314 = DIRECTION ( 'NONE',  ( -0.000000000000000000, 1.000000000000000000, -0.000000000000000000 ) ) ;
#5315 = FACE_OUTER_BOUND ( 'NONE', #4065, .T. ) ;
#5316 = LOCAL_TIME ( 13, 57, 8.000000000000000000, #1054 ) ;
#5317 = CARTESIAN_POINT ( 'NONE',  ( 39.00000000000000711, 1.500000000000001332, 21.99999999999999645 ) ) ;
#5318 = DIRECTION ( 'NONE',  ( 0.000000000000000000, 1.000000000000000000, 0.000000000000000000 ) ) ;
#5319 = CARTESIAN_POINT ( 'NONE',  ( -25.73161276499844874, 5.062556206516027224, 25.00000000000000000 ) ) ;
#5320 = DIRECTION ( 'NONE',  ( -1.000000000000000000, -0.000000000000000000, -0.000000000000000000 ) ) ;
#5321 = ORIENTED_EDGE ( 'NONE', *, *, #1047, .T. ) ;
#5322 = DIRECTION ( 'NONE',  ( 0.000000000000000000, 1.000000000000000000, -0.000000000000000000 ) ) ;
#5323 = DIRECTION ( 'NONE',  ( 1.000000000000000000, 0.000000000000000000, 0.000000000000000000 ) ) ;
#5324 = CARTESIAN_POINT ( 'NONE',  ( 13.23161276499841321, 12.99999999999999822, 15.00000000000000178 ) ) ;
#5325 = VECTOR ( 'NONE', #1470, 1000.000000000000000 ) ;
#5326 = EDGE_CURVE ( 'NONE', #1169, #5226, #1105, .T. ) ;
#5327 = CARTESIAN_POINT ( 'NONE',  ( -38.99999999999999289, 14.50000000000000000, 10.00000000000000178 ) ) ;
#5328 = EDGE_CURVE ( 'NONE', #327, #5129, #3778, .T. ) ;
#5329 = CARTESIAN_POINT ( 'NONE',  ( -10.23161276499843808, 12.99999999999999822, 15.00000000000000178 ) ) ;
#5330 = CARTESIAN_POINT ( 'NONE',  ( 57.50000000000000711, 14.50000000000000000, 0.000000000000000000 ) ) ;
#5331 = CARTESIAN_POINT ( 'NONE',  ( 25.23161276499842032, 12.99999999999999822, 15.00000000000000178 ) ) ;
#5332 = ORIENTED_EDGE ( 'NONE', *, *, #4820, .T. ) ;
#5333 = TOROIDAL_SURFACE ( 'NONE', #1752, 4.500000000000000888, 0.5000000000000000000 ) ;
#5334 = EDGE_CURVE ( 'NONE', #683, #883, #2908, .T. ) ;
#5335 = CARTESIAN_POINT ( 'NONE',  ( -7.499999999999998224, 8.500000000000168754, -24.50000000000000000 ) ) ;
#5336 = VERTEX_POINT ( 'NONE', #172 ) ;
#5337 = AXIS2_PLACEMENT_3D ( 'NONE', #439, #3900, #5271 ) ;
#5338 = AXIS2_PLACEMENT_3D ( 'NONE', #5388, #2251, #4409 ) ;
#5339 = VERTEX_POINT ( 'NONE', #4673 ) ;
#5340 = AXIS2_PLACEMENT_3D ( 'NONE', #4641, #2963, #4177 ) ;
#5341 = CARTESIAN_POINT ( 'NONE',  ( 17.00000000000000000, 5.500000000000000000, 10.00000000000000178 ) ) ;
#5342 = CARTESIAN_POINT ( 'NONE',  ( 24.00000000000000000, 8.500000000000168754, -24.50000000000000000 ) ) ;
#5343 = ADVANCED_FACE ( 'NONE', ( #4233 ), #3295, .T. ) ;
#5344 = DIRECTION ( 'NONE',  ( -1.000000000000000000, 0.000000000000000000, 0.000000000000000000 ) ) ;
#5345 = VECTOR ( 'NONE', #2289, 1000.000000000000000 ) ;
#5346 = DIRECTION ( 'NONE',  ( 0.000000000000000000, 0.000000000000000000, -1.000000000000000000 ) ) ;
#5347 = LINE ( 'NONE', #1407, #1983 ) ;
#5348 = ORIENTED_EDGE ( 'NONE', *, *, #4345, .F. ) ;
#5349 = CARTESIAN_POINT ( 'NONE',  ( -49.99999999999999289, 14.70898593245469499, -15.12882780804699223 ) ) ;
#5350 = CARTESIAN_POINT ( 'NONE',  ( 35.00000000000000000, 8.500000000000000000, -22.00000000000000355 ) ) ;
#5351 = CARTESIAN_POINT ( 'NONE',  ( 49.50000000000000711, 14.70898593245469499, -15.62882780804699223 ) ) ;
#5352 = AXIS2_PLACEMENT_3D ( 'NONE', #2463, #4629, #5063 ) ;
#5353 = ORIENTED_EDGE ( 'NONE', *, *, #1291, .F. ) ;
#5354 = CARTESIAN_POINT ( 'NONE',  ( -25.23161276499844874, 12.99999999999999822, 15.00000000000000178 ) ) ;
#5355 = VECTOR ( 'NONE', #329, 1000.000000000000000 ) ;
#5356 = EDGE_LOOP ( 'NONE', ( #2815, #4393, #647, #2823 ) ) ;
#5357 = CARTESIAN_POINT ( 'NONE',  ( 13.23161276499841321, 12.99999999999999822, 24.50000000000000000 ) ) ;
#5358 = EDGE_CURVE ( 'NONE', #4952, #4446, #3661, .T. ) ;
#5359 = DIRECTION ( 'NONE',  ( 0.000000000000000000, 0.000000000000000000, 1.000000000000000000 ) ) ;
#5360 = DIRECTION ( 'NONE',  ( 0.000000000000000000, 0.000000000000000000, 1.000000000000000000 ) ) ;
#5361 = CC_DESIGN_PERSON_AND_ORGANIZATION_ASSIGNMENT ( #4317, #5206, ( #1560 ) ) ;
#5362 = ORIENTED_EDGE ( 'NONE', *, *, #1616, .F. ) ;
#5363 = EDGE_CURVE ( 'NONE', #194, #1173, #3694, .T. ) ;
#5364 = CARTESIAN_POINT ( 'NONE',  ( -38.99999999999999289, 14.70898593245469499, -15.12882780804699223 ) ) ;
#5365 = ORIENTED_EDGE ( 'NONE', *, *, #542, .T. ) ;
#5366 = EDGE_CURVE ( 'NONE', #405, #1590, #359, .T. ) ;
#5367 = EDGE_CURVE ( 'NONE', #726, #3704, #4487, .T. ) ;
#5368 = EDGE_LOOP ( 'NONE', ( #2408, #2053 ) ) ;
#5369 = CARTESIAN_POINT ( 'NONE',  ( -8.673617379884035472E-16, 9.031278103258014056, 25.00000000000000000 ) ) ;
#5370 = DIRECTION ( 'NONE',  ( 0.000000000000000000, 0.000000000000000000, -1.000000000000000000 ) ) ;
#5371 = ADVANCED_FACE ( 'NONE', ( #2849 ), #2937, .F. ) ;
#5372 = DIRECTION ( 'NONE',  ( 1.000000000000000000, -0.000000000000000000, -0.000000000000000000 ) ) ;
#5373 = ADVANCED_FACE ( 'NONE', ( #5189 ), #407, .F. ) ;
#5374 = DIRECTION ( 'NONE',  ( 1.000000000000000000, 0.000000000000000000, 0.000000000000000000 ) ) ;
#5375 = CIRCLE ( 'NONE', #2342, 4.000000000000001776 ) ;
#5376 = DIRECTION ( 'NONE',  ( 1.000000000000000000, 0.000000000000000000, 0.000000000000000000 ) ) ;
#5377 = ORIENTED_EDGE ( 'NONE', *, *, #160, .T. ) ;
#5378 = CARTESIAN_POINT ( 'NONE',  ( 49.50000000000000711, 18.20898593245469499, -12.12882780804699223 ) ) ;
#5379 = CARTESIAN_POINT ( 'NONE',  ( 39.00000000000000711, 2.291014067545305455, -11.87117219195301132 ) ) ;
#5380 = VECTOR ( 'NONE', #5164, 1000.000000000000000 ) ;
#5381 = DIRECTION ( 'NONE',  ( 1.000000000000000000, 0.000000000000000000, 0.000000000000000000 ) ) ;
#5382 = CIRCLE ( 'NONE', #2531, 4.000000000000000000 ) ;
#5383 = ORIENTED_EDGE ( 'NONE', *, *, #2793, .F. ) ;
#5384 = PLANE ( 'NONE',  #2993 ) ;
#5385 = FACE_OUTER_BOUND ( 'NONE', #1233, .T. ) ;
#5386 = VECTOR ( 'NONE', #2023, 1000.000000000000000 ) ;
#5387 = EDGE_LOOP ( 'NONE', ( #247, #3997, #3640, #2097, #1788, #1805, #1009, #1623, #1369, #918, #3059, #2941, #3680, #630, #377 ) ) ;
#5388 = CARTESIAN_POINT ( 'NONE',  ( 44.00000000000000000, 21.00000000000000000, -18.25000000000000355 ) ) ;
#5389 = CARTESIAN_POINT ( 'NONE',  ( -44.00000000000000000, 21.00000000000000000, 18.25000000000000355 ) ) ;
#5390 = CARTESIAN_POINT ( 'NONE',  ( 45.00000000000000711, 0.000000000000000000, 25.00000000000000000 ) ) ;
#5391 = ORIENTED_EDGE ( 'NONE', *, *, #5334, .T. ) ;
#5392 = CIRCLE ( 'NONE', #2912, 5.000000000000000888 ) ;
#5393 = VERTEX_POINT ( 'NONE', #2533 ) ;
#5394 = EDGE_LOOP ( 'NONE', ( #5601, #3597, #1344, #3375 ) ) ;
#5395 = ORIENTED_EDGE ( 'NONE', *, *, #2062, .T. ) ;
#5396 = CARTESIAN_POINT ( 'NONE',  ( 39.00000000000000711, 1.500000000000001332, 10.00000000000000178 ) ) ;
#5397 = VERTEX_POINT ( 'NONE', #850 ) ;
#5398 = EDGE_CURVE ( 'NONE', #5200, #2440, #3097, .T. ) ;
#5399 = ORIENTED_EDGE ( 'NONE', *, *, #2720, .F. ) ;
#5400 = CARTESIAN_POINT ( 'NONE',  ( -23.99999999999999645, 8.500000000000335731, -4.999999999999997335 ) ) ;
#5401 = EDGE_CURVE ( 'NONE', #2567, #4690, #4022, .T. ) ;
#5402 = EDGE_LOOP ( 'NONE', ( #4992, #254 ) ) ;
#5403 = DIRECTION ( 'NONE',  ( 0.000000000000000000, 0.000000000000000000, 1.000000000000000000 ) ) ;
#5404 = ORIENTED_EDGE ( 'NONE', *, *, #43, .F. ) ;
#5405 = DIRECTION ( 'NONE',  ( -0.000000000000000000, -0.000000000000000000, -1.000000000000000000 ) ) ;
#5406 = DIRECTION ( 'NONE',  ( -0.000000000000000000, -0.000000000000000000, -1.000000000000000000 ) ) ;
#5407 = AXIS2_PLACEMENT_3D ( 'NONE', #101, #2663, #880 ) ;
#5408 = ORIENTED_EDGE ( 'NONE', *, *, #3111, .T. ) ;
#5409 = ADVANCED_FACE ( 'NONE', ( #2587 ), #1240, .F. ) ;
#5410 = CARTESIAN_POINT ( 'NONE',  ( 39.00000000000000711, 14.70898593245469499, -12.12882780804699223 ) ) ;
#5411 = CARTESIAN_POINT ( 'NONE',  ( -38.99999999999999289, 1.500000000000001332, 21.99999999999999645 ) ) ;
#5412 = DIRECTION ( 'NONE',  ( 0.000000000000000000, 1.000000000000000000, 0.000000000000000000 ) ) ;
#5413 = ORIENTED_EDGE ( 'NONE', *, *, #2292, .T. ) ;
#5414 = CARTESIAN_POINT ( 'NONE',  ( -10.23161276499843808, 5.062556206516027224, 15.00000000000000178 ) ) ;
#5415 = FACE_BOUND ( 'NONE', #3042, .T. ) ;
#5416 = ORIENTED_EDGE ( 'NONE', *, *, #1223, .T. ) ;
#5417 = DIRECTION ( 'NONE',  ( 0.000000000000000000, 1.000000000000000000, 0.000000000000000000 ) ) ;
#5418 = DIRECTION ( 'NONE',  ( 0.000000000000000000, 0.000000000000000000, 1.000000000000000000 ) ) ;
#5419 = CARTESIAN_POINT ( 'NONE',  ( 49.50000000000000711, 5.500000000000000888, 5.500000000000001776 ) ) ;
#5420 = ORIENTED_EDGE ( 'NONE', *, *, #4103, .F. ) ;
#5421 = EDGE_LOOP ( 'NONE', ( #2880, #1150, #899, #3738 ) ) ;
#5422 = LINE ( 'NONE', #3558, #1111 ) ;
#5423 = VERTEX_POINT ( 'NONE', #4725 ) ;
#5424 = CARTESIAN_POINT ( 'NONE',  ( 25.73161276499842032, 20.00000000000000000, 25.00000000000000000 ) ) ;
#5425 = ORIENTED_EDGE ( 'NONE', *, *, #304, .T. ) ;
#5426 = AXIS2_PLACEMENT_3D ( 'NONE', #4624, #1638, #3392 ) ;
#5427 = ORIENTED_EDGE ( 'NONE', *, *, #275, .T. ) ;
#5428 = AXIS2_PLACEMENT_3D ( 'NONE', #2043, #799, #1183 ) ;
#5429 = AXIS2_PLACEMENT_3D ( 'NONE', #608, #2756, #1000 ) ;
#5430 = ADVANCED_FACE ( 'NONE', ( #3807, #1705, #4266, #1735, #2611, #320 ), #1271, .F. ) ;
#5431 = CARTESIAN_POINT ( 'NONE',  ( 39.00000000000000711, 17.70898593245469499, 21.99999999999999645 ) ) ;
#5432 = ORIENTED_EDGE ( 'NONE', *, *, #1117, .T. ) ;
#5433 = CARTESIAN_POINT ( 'NONE',  ( -31.50000000000000000, 5.500000000000000000, 10.00000000000000178 ) ) ;
#5434 = ORIENTED_EDGE ( 'NONE', *, *, #4254, .T. ) ;
#5435 = CARTESIAN_POINT ( 'NONE',  ( -49.99999999999999289, 18.20898593245469499, 25.00000000000000000 ) ) ;
#5436 = CIRCLE ( 'NONE', #834, 4.030830943431200630 ) ;
#5437 = AXIS2_PLACEMENT_3D ( 'NONE', #5410, #2817, #2781 ) ;
#5438 = FACE_OUTER_BOUND ( 'NONE', #3907, .T. ) ;
#5439 = ORIENTED_EDGE ( 'NONE', *, *, #4105, .F. ) ;
#5440 = CARTESIAN_POINT ( 'NONE',  ( -49.49999999999999289, 5.291014067545305011, -12.12882780804699223 ) ) ;
#5441 = DIRECTION ( 'NONE',  ( -0.000000000000000000, 0.000000000000000000, 1.000000000000000000 ) ) ;
#5442 = DIRECTION ( 'NONE',  ( 0.000000000000000000, -0.000000000000000000, 1.000000000000000000 ) ) ;
#5443 = EDGE_LOOP ( 'NONE', ( #4138, #1451 ) ) ;
#5444 = DIRECTION ( 'NONE',  ( 1.000000000000000000, 0.000000000000000000, 0.000000000000000000 ) ) ;
#5445 = TOROIDAL_SURFACE ( 'NONE', #923, 3.500000000000000000, 0.5000000000000000000 ) ;
#5446 = ADVANCED_FACE ( 'NONE', ( #1680 ), #5612, .T. ) ;
#5447 = LINE ( 'NONE', #2278, #1743 ) ;
#5448 = EDGE_CURVE ( 'NONE', #5233, #4150, #3306, .T. ) ;
#5449 = EDGE_CURVE ( 'NONE', #3110, #1311, #3851, .T. ) ;
#5450 = DIRECTION ( 'NONE',  ( 0.000000000000000000, 1.000000000000000000, 0.000000000000000000 ) ) ;
#5451 = VECTOR ( 'NONE', #1891, 1000.000000000000000 ) ;
#5452 = ORIENTED_EDGE ( 'NONE', *, *, #3995, .F. ) ;
#5453 = LINE ( 'NONE', #674, #3280 ) ;
#5454 = CARTESIAN_POINT ( 'NONE',  ( 49.50000000000000711, 14.50000000000000000, 10.00000000000000178 ) ) ;
#5455 = ORIENTED_EDGE ( 'NONE', *, *, #1921, .T. ) ;
#5456 = ORIENTED_EDGE ( 'NONE', *, *, #4609, .T. ) ;
#5457 = EDGE_CURVE ( 'NONE', #4541, #898, #5229, .T. ) ;
#5458 = ORIENTED_EDGE ( 'NONE', *, *, #2204, .F. ) ;
#5459 = FACE_OUTER_BOUND ( 'NONE', #4779, .T. ) ;
#5460 = CIRCLE ( 'NONE', #2685, 4.000000000000000000 ) ;
#5461 = CARTESIAN_POINT ( 'NONE',  ( 31.23161276499841676, 9.031278103258014056, 15.00000000000000178 ) ) ;
#5462 = ORIENTED_EDGE ( 'NONE', *, *, #2065, .F. ) ;
#5463 = VERTEX_POINT ( 'NONE', #292 ) ;
#5464 = CARTESIAN_POINT ( 'NONE',  ( -49.49999999999999289, 5.291014067545305011, -15.62882780804699223 ) ) ;
#5465 = PERSON_AND_ORGANIZATION ( #2918, #3487 ) ;
#5466 = ORIENTED_EDGE ( 'NONE', *, *, #1725, .F. ) ;
#5467 = DIRECTION ( 'NONE',  ( 1.000000000000000000, -0.000000000000000000, 0.000000000000000000 ) ) ;
#5468 = ORIENTED_EDGE ( 'NONE', *, *, #3638, .F. ) ;
#5469 = DIRECTION ( 'NONE',  ( 0.000000000000000000, 0.000000000000000000, -1.000000000000000000 ) ) ;
#5470 = VERTEX_POINT ( 'NONE', #4695 ) ;
#5471 = CARTESIAN_POINT ( 'NONE',  ( 49.50000000000000711, 5.500000000000000888, 14.00000000000000178 ) ) ;
#5472 = DIRECTION ( 'NONE',  ( 1.000000000000000000, 0.000000000000000000, 0.000000000000000000 ) ) ;
#5473 = LINE ( 'NONE', #1532, #4559 ) ;
#5474 = FACE_OUTER_BOUND ( 'NONE', #1826, .T. ) ;
#5475 = EDGE_CURVE ( 'NONE', #3889, #5673, #3765, .T. ) ;
#5476 = AXIS2_PLACEMENT_3D ( 'NONE', #3868, #1297, #807 ) ;
#5477 = FACE_BOUND ( 'NONE', #4419, .T. ) ;
#5478 = ORIENTED_EDGE ( 'NONE', *, *, #4212, .T. ) ;
#5479 = CARTESIAN_POINT ( 'NONE',  ( 50.00000000000000711, 0.000000000000000000, 25.00000000000000000 ) ) ;
#5480 = VECTOR ( 'NONE', #1412, 1000.000000000000000 ) ;
#5481 = DIRECTION ( 'NONE',  ( 1.000000000000000000, 0.000000000000000000, 0.000000000000000000 ) ) ;
#5482 = FACE_OUTER_BOUND ( 'NONE', #2491, .T. ) ;
#5483 = ORIENTED_EDGE ( 'NONE', *, *, #771, .T. ) ;
#5484 = ADVANCED_FACE ( 'NONE', ( #778 ), #367, .T. ) ;
#5485 = AXIS2_PLACEMENT_3D ( 'NONE', #964, #5376, #1785 ) ;
#5486 = AXIS2_PLACEMENT_3D ( 'NONE', #298, #4650, #1507 ) ;
#5487 = AXIS2_PLACEMENT_3D ( 'NONE', #1031, #3353, #2424 ) ;
#5488 = DIRECTION ( 'NONE',  ( 0.000000000000000000, -1.000000000000000000, -0.000000000000000000 ) ) ;
#5489 = ORIENTED_EDGE ( 'NONE', *, *, #580, .F. ) ;
#5490 = DIRECTION ( 'NONE',  ( 1.000000000000000000, 0.000000000000000000, 0.000000000000000000 ) ) ;
#5491 = DIRECTION ( 'NONE',  ( -1.000000000000000000, -0.000000000000000000, -0.000000000000000000 ) ) ;
#5492 = ADVANCED_FACE ( 'NONE', ( #3838 ), #1277, .T. ) ;
#5493 = AXIS2_PLACEMENT_3D ( 'NONE', #1748, #768, #4770 ) ;
#5494 = ORIENTED_EDGE ( 'NONE', *, *, #617, .F. ) ;
#5495 = CARTESIAN_POINT ( 'NONE',  ( 44.00000000000000000, 21.00000000000000000, -18.25000000000000355 ) ) ;
#5496 = ORIENTED_EDGE ( 'NONE', *, *, #1107, .T. ) ;
#5497 = CARTESIAN_POINT ( 'NONE',  ( -16.73161276499844519, 20.00000000000000000, 25.00000000000000000 ) ) ;
#5498 = VERTEX_POINT ( 'NONE', #2996 ) ;
#5499 = CARTESIAN_POINT ( 'NONE',  ( 17.00000000000000000, 5.500000000000000000, 0.000000000000000000 ) ) ;
#5500 = ORIENTED_EDGE ( 'NONE', *, *, #3793, .T. ) ;
#5501 = CYLINDRICAL_SURFACE ( 'NONE', #4342, 4.000000000000000000 ) ;
#5502 = CARTESIAN_POINT ( 'NONE',  ( -44.00000000000000000, 0.000000000000000000, -16.00000000000000000 ) ) ;
#5503 = ORIENTED_EDGE ( 'NONE', *, *, #2338, .T. ) ;
#5504 = DIRECTION ( 'NONE',  ( -1.000000000000000000, 0.000000000000000000, 0.000000000000000000 ) ) ;
#5505 = CARTESIAN_POINT ( 'NONE',  ( 39.00000000000000711, 5.500000000000000000, 0.000000000000000000 ) ) ;
#5506 = DIRECTION ( 'NONE',  ( 0.000000000000000000, 0.000000000000000000, -1.000000000000000000 ) ) ;
#5507 = ORIENTED_EDGE ( 'NONE', *, *, #312, .T. ) ;
#5508 = DIRECTION ( 'NONE',  ( 1.000000000000000000, 0.000000000000000000, -0.000000000000000000 ) ) ;
#5509 = DIRECTION ( 'NONE',  ( 0.000000000000000000, 0.000000000000000000, 1.000000000000000000 ) ) ;
#5510 = EDGE_CURVE ( 'NONE', #4572, #3089, #4312, .T. ) ;
#5511 = EDGE_CURVE ( 'NONE', #262, #3010, #5675, .T. ) ;
#5512 = CC_DESIGN_APPROVAL ( #5287, ( #5054 ) ) ;
#5513 = CARTESIAN_POINT ( 'NONE',  ( 28.49999999999999645, 8.500000000000168754, -24.50000000000000000 ) ) ;
#5514 = ORIENTED_EDGE ( 'NONE', *, *, #1152, .T. ) ;
#5515 = CARTESIAN_POINT ( 'NONE',  ( -44.00000000000000000, 19.00000000000000000, 18.25000000000000355 ) ) ;
#5516 = CYLINDRICAL_SURFACE ( 'NONE', #5304, 2.999999999999999112 ) ;
#5517 = ORIENTED_EDGE ( 'NONE', *, *, #1261, .F. ) ;
#5518 = ORIENTED_EDGE ( 'NONE', *, *, #571, .F. ) ;
#5519 = EDGE_CURVE ( 'NONE', #4150, #2617, #3991, .T. ) ;
#5520 = ADVANCED_FACE ( 'NONE', ( #3944 ), #3578, .T. ) ;
#5521 = DIRECTION ( 'NONE',  ( 0.000000000000000000, 1.000000000000000000, 0.000000000000000000 ) ) ;
#5522 = ORIENTED_EDGE ( 'NONE', *, *, #5203, .T. ) ;
#5523 = ORIENTED_EDGE ( 'NONE', *, *, #3505, .F. ) ;
#5524 = AXIS2_PLACEMENT_3D ( 'NONE', #314, #2067, #5606 ) ;
#5525 = DIRECTION ( 'NONE',  ( 1.000000000000000000, -0.000000000000000000, -0.000000000000000000 ) ) ;
#5526 = VERTEX_POINT ( 'NONE', #5685 ) ;
#5527 = DIRECTION ( 'NONE',  ( -0.000000000000000000, -0.000000000000000000, 1.000000000000000000 ) ) ;
#5528 = CARTESIAN_POINT ( 'NONE',  ( 44.00000000000000000, 20.00000000000000000, 16.00000000000000000 ) ) ;
#5529 = DIRECTION ( 'NONE',  ( 1.000000000000000000, 0.000000000000000000, 0.000000000000000000 ) ) ;
#5530 = ORIENTED_EDGE ( 'NONE', *, *, #4255, .T. ) ;
#5531 = CARTESIAN_POINT ( 'NONE',  ( 49.50000000000000711, 5.291014067545305011, -11.87117219195301132 ) ) ;
#5532 = AXIS2_PLACEMENT_3D ( 'NONE', #1790, #3072, #5642 ) ;
#5533 = DIRECTION ( 'NONE',  ( 0.000000000000000000, 0.000000000000000000, -1.000000000000000000 ) ) ;
#5534 = VECTOR ( 'NONE', #2700, 1000.000000000000000 ) ;
#5535 = DIRECTION ( 'NONE',  ( 0.000000000000000000, 0.000000000000000000, 1.000000000000000000 ) ) ;
#5536 = LINE ( 'NONE', #1997, #1256 ) ;
#5537 = CARTESIAN_POINT ( 'NONE',  ( 9.731612764998411436, 5.062556206516027224, 25.00000000000000000 ) ) ;
#5538 = CIRCLE ( 'NONE', #4884, 3.000000000000004441 ) ;
#5539 = VECTOR ( 'NONE', #4080, 1000.000000000000000 ) ;
#5540 = CARTESIAN_POINT ( 'NONE',  ( 50.00000000000000711, 14.50000000000000000, 10.00000000000000178 ) ) ;
#5541 = ORIENTED_EDGE ( 'NONE', *, *, #3413, .F. ) ;
#5542 = AXIS2_PLACEMENT_3D ( 'NONE', #4481, #4426, #592 ) ;
#5543 = DIRECTION ( 'NONE',  ( 0.000000000000000000, -0.000000000000000000, -1.000000000000000000 ) ) ;
#5544 = DIRECTION ( 'NONE',  ( 0.000000000000000000, 0.000000000000000000, 1.000000000000000000 ) ) ;
#5545 = ORIENTED_EDGE ( 'NONE', *, *, #953, .T. ) ;
#5546 = EDGE_LOOP ( 'NONE', ( #2980, #1007, #3802, #1678 ) ) ;
#5547 = ADVANCED_FACE ( 'NONE', ( #46 ), #3619, .T. ) ;
#5548 = CIRCLE ( 'NONE', #2976, 3.000000000000004441 ) ;
#5549 = DIRECTION ( 'NONE',  ( 0.000000000000000000, 0.000000000000000000, -1.000000000000000000 ) ) ;
#5550 = EDGE_CURVE ( 'NONE', #3753, #3681, #3508, .T. ) ;
#5551 = EDGE_CURVE ( 'NONE', #4196, #4305, #1403, .T. ) ;
#5552 = AXIS2_PLACEMENT_3D ( 'NONE', #4867, #4004, #837 ) ;
#5553 = PERSON_AND_ORGANIZATION ( #2918, #3487 ) ;
#5554 = ORIENTED_EDGE ( 'NONE', *, *, #5326, .T. ) ;
#5555 = DIRECTION ( 'NONE',  ( 1.000000000000000000, 0.000000000000000000, 0.000000000000000000 ) ) ;
#5556 = EDGE_LOOP ( 'NONE', ( #1042, #5091 ) ) ;
#5557 = FACE_OUTER_BOUND ( 'NONE', #1281, .T. ) ;
#5558 = DIRECTION ( 'NONE',  ( -1.000000000000000000, -0.000000000000000000, -0.000000000000000000 ) ) ;
#5559 = ADVANCED_FACE ( 'NONE', ( #1782 ), #434, .T. ) ;
#5560 = ORIENTED_EDGE ( 'NONE', *, *, #2835, .T. ) ;
#5561 = DIRECTION ( 'NONE',  ( -0.000000000000000000, -1.000000000000000000, -0.000000000000000000 ) ) ;
#5562 = CYLINDRICAL_SURFACE ( 'NONE', #2415, 2.000000000000001776 ) ;
#5563 = CYLINDRICAL_SURFACE ( 'NONE', #233, 3.000000000000002665 ) ;
#5564 = VERTEX_POINT ( 'NONE', #69 ) ;
#5565 = DIRECTION ( 'NONE',  ( 1.000000000000000000, -0.000000000000000000, 0.000000000000000000 ) ) ;
#5566 = DIRECTION ( 'NONE',  ( 0.000000000000000000, 0.000000000000000000, -1.000000000000000000 ) ) ;
#5567 = AXIS2_PLACEMENT_3D ( 'NONE', #2824, #1908, #698 ) ;
#5568 = CARTESIAN_POINT ( 'NONE',  ( 44.00000000000000000, 21.00000000000000000, 18.25000000000000355 ) ) ;
#5569 = VECTOR ( 'NONE', #905, 1000.000000000000000 ) ;
#5570 = DIRECTION ( 'NONE',  ( -0.000000000000000000, -0.000000000000000000, -1.000000000000000000 ) ) ;
#5571 = CARTESIAN_POINT ( 'NONE',  ( 35.00000000000000000, 8.500000000000000000, -24.50000000000000000 ) ) ;
#5572 = AXIS2_PLACEMENT_3D ( 'NONE', #3231, #891, #2651 ) ;
#5573 = CIRCLE ( 'NONE', #1802, 4.000000000000000000 ) ;
#5574 = ORIENTED_EDGE ( 'NONE', *, *, #503, .T. ) ;
#5575 = VERTEX_POINT ( 'NONE', #3184 ) ;
#5576 = TOROIDAL_SURFACE ( 'NONE', #5028, 4.500000000000000888, 0.5000000000000000000 ) ;
#5577 = AXIS2_PLACEMENT_3D ( 'NONE', #5335, #922, #1828 ) ;
#5578 = CARTESIAN_POINT ( 'NONE',  ( -49.99999999999999289, 5.500000000000000000, 10.00000000000000178 ) ) ;
#5579 = ADVANCED_FACE ( 'NONE', ( #931 ), #4454, .F. ) ;
#5580 = PERSON_AND_ORGANIZATION ( #2918, #3487 ) ;
#5581 = AXIS2_PLACEMENT_3D ( 'NONE', #2647, #4309, #4249 ) ;
#5582 = ORIENTED_EDGE ( 'NONE', *, *, #2732, .T. ) ;
#5583 = ADVANCED_FACE ( 'NONE', ( #5263 ), #903, .T. ) ;
#5584 = DIRECTION ( 'NONE',  ( 0.000000000000000000, 0.000000000000000000, 1.000000000000000000 ) ) ;
#5585 = ORIENTED_EDGE ( 'NONE', *, *, #442, .F. ) ;
#5586 = CARTESIAN_POINT ( 'NONE',  ( -31.50000000000000000, 14.70898593245469499, -12.12882780804699223 ) ) ;
#5587 = DIRECTION ( 'NONE',  ( -0.000000000000000000, -0.000000000000000000, -1.000000000000000000 ) ) ;
#5588 = DIRECTION ( 'NONE',  ( 0.000000000000000000, 1.000000000000000000, 0.000000000000000000 ) ) ;
#5589 = ORIENTED_EDGE ( 'NONE', *, *, #2681, .F. ) ;
#5590 = CARTESIAN_POINT ( 'NONE',  ( 44.00000000000000000, 20.00000000000000000, -18.25000000000000355 ) ) ;
#5591 = CARTESIAN_POINT ( 'NONE',  ( 0.000000000000000000, 0.000000000000000000, 0.000000000000000000 ) ) ;
#5592 = EDGE_CURVE ( 'NONE', #4421, #5069, #4831, .T. ) ;
#5593 = DIRECTION ( 'NONE',  ( -0.000000000000000000, 0.000000000000000000, 1.000000000000000000 ) ) ;
#5594 = ORIENTED_EDGE ( 'NONE', *, *, #4599, .F. ) ;
#5595 = PLANE ( 'NONE',  #2169 ) ;
#5596 = CARTESIAN_POINT ( 'NONE',  ( -38.99999999999999289, 1.500000000000001332, -8.871172191953009545 ) ) ;
#5597 = AXIS2_PLACEMENT_3D ( 'NONE', #3225, #1503, #4211 ) ;
#5598 = DIRECTION ( 'NONE',  ( 0.000000000000000000, 0.000000000000000000, 1.000000000000000000 ) ) ;
#5599 = CARTESIAN_POINT ( 'NONE',  ( 18.73161276499841321, 12.99999999999999822, 24.50000000000000000 ) ) ;
#5600 = DIRECTION ( 'NONE',  ( 0.000000000000000000, 0.000000000000000000, 1.000000000000000000 ) ) ;
#5601 = ORIENTED_EDGE ( 'NONE', *, *, #1572, .F. ) ;
#5602 = ORIENTED_EDGE ( 'NONE', *, *, #1424, .T. ) ;
#5603 = DIRECTION ( 'NONE',  ( -1.000000000000000000, 0.000000000000000000, 0.000000000000000000 ) ) ;
#5604 = ORIENTED_EDGE ( 'NONE', *, *, #1712, .T. ) ;
#5605 = EDGE_CURVE ( 'NONE', #867, #17, #1658, .T. ) ;
#5606 = DIRECTION ( 'NONE',  ( 0.000000000000000000, 0.000000000000000000, 1.000000000000000000 ) ) ;
#5607 = VERTEX_POINT ( 'NONE', #4429 ) ;
#5608 = CARTESIAN_POINT ( 'NONE',  ( 39.00000000000000711, 14.70898593245469499, -11.87117219195301132 ) ) ;
#5609 = DIRECTION ( 'NONE',  ( -0.000000000000000000, -0.000000000000000000, -1.000000000000000000 ) ) ;
#5610 = CARTESIAN_POINT ( 'NONE',  ( -19.99999999999999645, 8.500000000000335731, -22.00000000000000355 ) ) ;
#5611 = VERTEX_POINT ( 'NONE', #3118 ) ;
#5612 = CYLINDRICAL_SURFACE ( 'NONE', #2100, 0.5000000000000004441 ) ;
#5613 = AXIS2_PLACEMENT_3D ( 'NONE', #5657, #1731, #2636 ) ;
#5614 = DIRECTION ( 'NONE',  ( 0.000000000000000000, 0.000000000000000000, -1.000000000000000000 ) ) ;
#5615 = DIRECTION ( 'NONE',  ( 0.000000000000000000, 0.000000000000000000, -1.000000000000000000 ) ) ;
#5616 = ORIENTED_EDGE ( 'NONE', *, *, #4599, .T. ) ;
#5617 = CARTESIAN_POINT ( 'NONE',  ( -16.23161276499844519, 5.062556206516027224, 21.99999999999999645 ) ) ;
#5618 = DIRECTION ( 'NONE',  ( 0.000000000000000000, 0.000000000000000000, -1.000000000000000000 ) ) ;
#5619 = VECTOR ( 'NONE', #1498, 1000.000000000000000 ) ;
#5620 = AXIS2_PLACEMENT_3D ( 'NONE', #5454, #1071, #2336 ) ;
#5621 = EDGE_CURVE ( 'NONE', #5611, #5069, #3853, .T. ) ;
#5622 = EDGE_CURVE ( 'NONE', #4448, #217, #19, .T. ) ;
#5623 = DIRECTION ( 'NONE',  ( 1.000000000000000000, -0.000000000000000000, -0.000000000000000000 ) ) ;
#5624 = DIRECTION ( 'NONE',  ( 0.000000000000000000, 0.000000000000000000, 1.000000000000000000 ) ) ;
#5625 = AXIS2_PLACEMENT_3D ( 'NONE', #4651, #1246, #5245 ) ;
#5626 = DIRECTION ( 'NONE',  ( 0.000000000000000000, 0.000000000000000000, -1.000000000000000000 ) ) ;
#5627 = DIRECTION ( 'NONE',  ( 0.000000000000000000, 0.000000000000000000, 1.000000000000000000 ) ) ;
#5628 = EDGE_LOOP ( 'NONE', ( #3400, #1781, #2798, #1750 ) ) ;
#5629 = CIRCLE ( 'NONE', #4712, 3.499999999999999556 ) ;
#5630 = ORIENTED_EDGE ( 'NONE', *, *, #1749, .T. ) ;
#5631 = CYLINDRICAL_SURFACE ( 'NONE', #3644, 4.000000000000000000 ) ;
#5632 = EDGE_LOOP ( 'NONE', ( #5523, #5489, #620, #1413 ) ) ;
#5633 = CARTESIAN_POINT ( 'NONE',  ( -31.50000000000000000, 14.50000000000000000, 10.00000000000000178 ) ) ;
#5634 = ORIENTED_EDGE ( 'NONE', *, *, #1787, .F. ) ;
#5635 = FACE_OUTER_BOUND ( 'NONE', #4200, .T. ) ;
#5636 = ORIENTED_EDGE ( 'NONE', *, *, #5011, .F. ) ;
#5637 = DIRECTION ( 'NONE',  ( 0.000000000000000000, 0.000000000000000000, 1.000000000000000000 ) ) ;
#5638 = FACE_OUTER_BOUND ( 'NONE', #1660, .T. ) ;
#5639 = DIRECTION ( 'NONE',  ( 1.000000000000000000, 0.000000000000000000, 0.000000000000000000 ) ) ;
#5640 = VERTEX_POINT ( 'NONE', #481 ) ;
#5641 = DIRECTION ( 'NONE',  ( 0.000000000000000000, 1.000000000000000000, 0.000000000000000000 ) ) ;
#5642 = DIRECTION ( 'NONE',  ( 0.000000000000000000, 0.000000000000000000, 1.000000000000000000 ) ) ;
#5643 = ADVANCED_FACE ( 'NONE', ( #1862 ), #5292, .T. ) ;
#5644 = DIRECTION ( 'NONE',  ( -1.000000000000000000, 0.000000000000000000, 0.000000000000000000 ) ) ;
#5645 = FACE_BOUND ( 'NONE', #2121, .T. ) ;
#5646 = VECTOR ( 'NONE', #5264, 1000.000000000000000 ) ;
#5647 = CYLINDRICAL_SURFACE ( 'NONE', #1343, 5.000000000000018652 ) ;
#5648 = EDGE_CURVE ( 'NONE', #1283, #5309, #2739, .T. ) ;
#5649 = ORIENTED_EDGE ( 'NONE', *, *, #4561, .T. ) ;
#5650 = ORIENTED_EDGE ( 'NONE', *, *, #3013, .F. ) ;
#5651 = CIRCLE ( 'NONE', #2620, 2.250000000000001776 ) ;
#5652 = EDGE_CURVE ( 'NONE', #3610, #1173, #3105, .T. ) ;
#5653 = CIRCLE ( 'NONE', #2623, 0.5000000000000004441 ) ;
#5654 = DIRECTION ( 'NONE',  ( 0.000000000000000000, 1.000000000000000000, 0.000000000000000000 ) ) ;
#5655 = AXIS2_PLACEMENT_3D ( 'NONE', #4784, #2511, #4357 ) ;
#5656 = ORIENTED_EDGE ( 'NONE', *, *, #4806, .F. ) ;
#5657 = CARTESIAN_POINT ( 'NONE',  ( 50.00000000000000711, 14.50000000000000000, 0.000000000000000000 ) ) ;
#5658 = ORIENTED_EDGE ( 'NONE', *, *, #4632, .F. ) ;
#5659 = CARTESIAN_POINT ( 'NONE',  ( 35.00000000000000000, 8.500000000000000000, -24.50000000000000000 ) ) ;
#5660 = AXIS2_PLACEMENT_3D ( 'NONE', #5461, #649, #1550 ) ;
#5661 = EDGE_LOOP ( 'NONE', ( #5157, #5683 ) ) ;
#5662 = DIRECTION ( 'NONE',  ( 1.000000000000000000, -0.000000000000000000, 0.000000000000000000 ) ) ;
#5663 = DIRECTION ( 'NONE',  ( 1.000000000000000000, 0.000000000000000000, 0.000000000000000000 ) ) ;
#5664 = FACE_OUTER_BOUND ( 'NONE', #1453, .T. ) ;
#5665 = VERTEX_POINT ( 'NONE', #4171 ) ;
#5666 = CYLINDRICAL_SURFACE ( 'NONE', #3370, 2.000000000000001776 ) ;
#5667 = CARTESIAN_POINT ( 'NONE',  ( -49.99999999999999289, 14.50000000000000000, 0.000000000000000000 ) ) ;
#5668 = DIRECTION ( 'NONE',  ( 0.000000000000000000, -1.000000000000000000, 0.000000000000000000 ) ) ;
#5669 = ADVANCED_FACE ( 'NONE', ( #1893 ), #2412, .F. ) ;
#5670 = EDGE_CURVE ( 'NONE', #2436, #2610, #4137, .T. ) ;
#5671 = FACE_OUTER_BOUND ( 'NONE', #1390, .T. ) ;
#5672 = AXIS2_PLACEMENT_3D ( 'NONE', #3095, #5241, #5663 ) ;
#5673 = VERTEX_POINT ( 'NONE', #4507 ) ;
#5674 = EDGE_LOOP ( 'NONE', ( #1347, #1076, #4738, #4791 ) ) ;
#5675 = CIRCLE ( 'NONE', #725, 5.000000000000018652 ) ;
#5676 = FACE_OUTER_BOUND ( 'NONE', #286, .T. ) ;
#5677 = EDGE_CURVE ( 'NONE', #3089, #3862, #3283, .T. ) ;
#5678 = ORIENTED_EDGE ( 'NONE', *, *, #4847, .T. ) ;
#5679 = EDGE_CURVE ( 'NONE', #3704, #726, #5232, .T. ) ;
#5680 = CARTESIAN_POINT ( 'NONE',  ( -49.49999999999999289, 18.20898593245469499, -15.12882780804699223 ) ) ;
#5681 = ORIENTED_EDGE ( 'NONE', *, *, #4133, .F. ) ;
#5682 = CYLINDRICAL_SURFACE ( 'NONE', #4437, 3.000000000000004441 ) ;
#5683 = ORIENTED_EDGE ( 'NONE', *, *, #3329, .T. ) ;
#5684 = ORIENTED_EDGE ( 'NONE', *, *, #2315, .T. ) ;
#5685 = CARTESIAN_POINT ( 'NONE',  ( 44.00000000000000000, 0.000000000000000000, 20.50000000000000355 ) ) ;
#5686 = DIRECTION ( 'NONE',  ( 0.000000000000000000, 0.000000000000000000, 1.000000000000000000 ) ) ;
#5687 = DIRECTION ( 'NONE',  ( -1.000000000000000000, 0.000000000000000000, 0.000000000000000000 ) ) ;
#5688 = EDGE_LOOP ( 'NONE', ( #831, #4824 ) ) ;
#5689 = VERTEX_POINT ( 'NONE', #253 ) ;
#5690 = CYLINDRICAL_SURFACE ( 'NONE', #1431, 2.999999999999999112 ) ;
#5691 = DIRECTION ( 'NONE',  ( 0.000000000000000000, 0.000000000000000000, 1.000000000000000000 ) ) ;
#5692 = CIRCLE ( 'NONE', #1205, 3.000000000000000888 ) ;
#5693 = DIRECTION ( 'NONE',  ( 0.000000000000000000, 0.000000000000000000, 1.000000000000000000 ) ) ;
ENDSEC;
END-ISO-10303-21;
